Meter S/N:, ERR-100
Sensor, THERMO,SINGLE, JMAXX
Date, 11/25/2013 7:45:57 PM
Timestamp, Measurement, PulsePeriod(uSec) 
0.000051, 1.077439, 120
0.000102, 1.085794, 160
0.000154, 1.103523, 220
0.000205, 1.121233, 260
0.000256, 1.139759, 320
0.000307, 1.158105, 370
0.000358, 1.172605, 420
0.000410, 1.180708, 470
0.000461, 1.18581, 520
0.000512, 1.188727, 570
0.000563, 1.184122, 620
0.000614, 1.174452, 670
0.000666, 1.160179, 730
0.000717, 1.14158, 770
0.000768, 1.119658, 840
0.000819, 1.101611, 880
0.000870, 1.089157, 930
0.000922, 1.082185, 980
0.000973, 1.078514, 1030
0.001024, 1.079575, 1090
0.001075, 1.085042, 1130
0.001126, 1.094132, 1180
0.001178, 1.110908, 1240
0.001229, 1.126809, 1280
0.001280, 1.146654, 1350
0.001331, 1.165366, 1380
0.001382, 1.180076, 1440
0.001434, 1.187351, 1490
0.001485, 1.187038, 1540
0.001536, 1.183922, 1610
0.001587, 1.177329, 1650
0.001638, 1.166196, 1700
0.001690, 1.151328, 1750
0.001741, 1.135308, 1800
0.001792, 1.117079, 1860
0.001843, 1.097605, 1900
0.001894, 1.081078, 1950
0.001946, 1.074498, 2000
0.001997, 1.075019, 2050
0.002048, 1.081724, 2120
0.002099, 1.088392, 2160
0.002150, 1.10463, 2220
0.002202, 1.118707, 2260
0.002253, 1.133421, 2310
0.002304, 1.150492, 2360
0.002355, 1.167054, 2420
0.002406, 1.180369, 2460
0.002458, 1.187101, 2520
0.002509, 1.189355, 2570
0.002560, 1.180665, 2620
0.002611, 1.166695, 2660
0.002662, 1.154327, 2730
0.002714, 1.140086, 2770
0.002765, 1.123524, 2840
0.002816, 1.106693, 2880
0.002867, 1.093499, 2930
0.002918, 1.080537, 2970
0.002970, 1.073037, 3030
0.003021, 1.074795, 3090
0.003072, 1.082733, 3210
0.003123, 1.096141, 3250
0.003174, 1.116098, 3280
0.003226, 1.130659, 3340
0.003277, 1.146615, 3380
0.003328, 1.161376, 3420
0.003379, 1.175731, 3460
0.003430, 1.187493, 3500
0.003482, 1.193293, 3530
0.003533, 1.192917, 3600
0.003584, 1.186158, 3640
0.003635, 1.172538, 3690
0.003686, 1.153381, 3740
0.003738, 1.134216, 3790
0.003789, 1.11681, 3860
0.003840, 1.100569, 3890
0.003891, 1.088576, 3950
0.003942, 1.080491, 4000
0.003994, 1.075413, 4050
0.004045, 1.074823, 4120
0.004096, 1.084429, 4160
0.004147, 1.100918, 4210
0.004198, 1.11823, 4250
0.004250, 1.139186, 4300
0.004301, 1.157047, 4360
0.004352, 1.170804, 4420
0.004403, 1.179784, 4460
0.004454, 1.184931, 4510
0.004506, 1.187176, 4560
0.004557, 1.184032, 4620
0.004608, 1.175089, 4660
0.004659, 1.162184, 4730
0.004710, 1.143612, 4770
0.004762, 1.12234, 4840
0.004813, 1.10307, 4870
0.004864, 1.088882, 4920
0.004915, 1.08262, 4970
0.004966, 1.079256, 5030
0.005018, 1.080315, 5090
0.005069, 1.083915, 5130
0.005120, 1.091561, 5180
0.005171, 1.108147, 5230
0.005222, 1.124814, 5280
0.005274, 1.144656, 5350
0.005325, 1.162336, 5390
0.005376, 1.17817, 5430
0.005427, 1.185794, 5480
0.005478, 1.187183, 5530
0.005530, 1.184483, 5600
0.005581, 1.179788, 5630
0.005632, 1.169037, 5690
0.005683, 1.15488, 5740
0.005734, 1.137051, 5790
0.005786, 1.117668, 5860
0.005837, 1.098209, 5890
0.005888, 1.082981, 5940
0.005939, 1.076331, 5990
0.005990, 1.075175, 6050
0.006042, 1.078957, 6120
0.006093, 1.089846, 6150
0.006144, 1.103748, 6200
0.006195, 1.115138, 6250
0.006246, 1.131873, 6300
0.006298, 1.151886, 6360
0.006349, 1.168755, 6400
0.006400, 1.182292, 6460
0.006451, 1.189459, 6510
0.006502, 1.190464, 6560
0.006554, 1.182956, 6620
0.006605, 1.171954, 6660
0.006656, 1.159673, 6720
0.006707, 1.144592, 6760
0.006758, 1.127649, 6840
0.006810, 1.110991, 6870
0.006861, 1.095103, 6920
0.006912, 1.080596, 6970
0.006963, 1.070365, 7020
0.007014, 1.072959, 7070
0.007066, 1.08002, 7120
0.007117, 1.092715, 7170
0.007168, 1.110866, 7230
0.007219, 1.126542, 7270
0.007270, 1.140437, 7350
0.007322, 1.154918, 7380
0.007373, 1.17234, 7440
0.007424, 1.185741, 7480
0.007475, 1.194014, 7530
0.007526, 1.190736, 7590
0.007578, 1.183739, 7630
0.007629, 1.16743, 7680
0.007680, 1.147404, 7730
0.007731, 1.130004, 7790
0.007782, 1.115371, 7850
0.007834, 1.100094, 7890
0.007885, 1.090051, 7940
0.007936, 1.081462, 7990
0.007987, 1.075986, 8040
0.008038, 1.075433, 8110
0.008090, 1.08482, 8150
0.008141, 1.100186, 8200
0.008192, 1.115742, 8250
0.008243, 1.135293, 8300
0.008294, 1.152888, 8360
0.008346, 1.165671, 8400
0.008397, 1.177474, 8460
0.008448, 1.184997, 8510
0.008499, 1.187903, 8550
0.008550, 1.187145, 8620
0.008602, 1.178003, 8660
0.008653, 1.163203, 8720
0.008704, 1.143154, 8760
0.008755, 1.122138, 8820
0.008806, 1.106186, 8870
0.008858, 1.093086, 8920
0.008909, 1.083028, 8970
0.008960, 1.0789, 9020
0.009011, 1.077436, 9070
0.009062, 1.078712, 9120
0.009114, 1.088191, 9170
0.009165, 1.106922, 9230
0.009216, 1.124513, 9270
0.009267, 1.144188, 9340
0.009318, 1.161402, 9380
0.009370, 1.175822, 9430
0.009421, 1.182616, 9480
0.009472, 1.184583, 9530
0.009523, 1.185099, 9590
0.009574, 1.180125, 9630
0.009626, 1.16994, 9680
0.009677, 1.155665, 9730
0.009728, 1.138437, 9790
0.009779, 1.116058, 9850
0.009830, 1.097999, 9880
0.009882, 1.086417, 9940
0.009933, 1.080156, 9990
0.009984, 1.078274, 10040
0.010035, 1.080635, 10100
0.010086, 1.089155, 10140
0.010138, 1.098346, 10190
0.010189, 1.111332, 10240
0.010240, 1.130615, 10300
0.010291, 1.154083, 10360
0.010342, 1.169351, 10400
0.010394, 1.182546, 10450
0.010445, 1.191918, 10500
0.010496, 1.189554, 10550
0.010547, 1.1835, 10630
0.010598, 1.176404, 10660
0.010650, 1.164447, 10720
0.010701, 1.149574, 10760
0.010752, 1.133362, 10810
0.010803, 1.116048, 10860
0.010854, 1.098025, 10920
0.010906, 1.082824, 10970
0.010957, 1.077988, 11020
0.011008, 1.077887, 11060
0.011059, 1.083589, 11120
0.011110, 1.095908, 11170
0.011162, 1.111948, 11230
0.011213, 1.125464, 11270
0.011264, 1.138248, 11340
0.011315, 1.155989, 11380
0.011366, 1.173689, 11430
0.011418, 1.185094, 11480
0.011469, 1.191064, 11530
0.011520, 1.19048, 11590
0.011571, 1.181705, 11630
0.011622, 1.167095, 11680
0.011674, 1.15116, 11730
0.011725, 1.135946, 11780
0.011776, 1.119116, 11850
0.011827, 1.101528, 11890
0.011878, 1.088248, 11930
0.011930, 1.076797, 11990
0.011981, 1.067585, 12040
0.012032, 1.069772, 12100
0.012083, 1.079595, 12140
0.012134, 1.09682, 12190
0.012186, 1.117671, 12240
0.012237, 1.133142, 12290
0.012288, 1.15059, 12360
0.012339, 1.163334, 12390
0.012390, 1.176695, 12450
0.012442, 1.186921, 12500
0.012493, 1.191897, 12550
0.012544, 1.188391, 12620
0.012595, 1.180482, 12660
0.012646, 1.165021, 12710
0.012698, 1.143931, 12750
0.012749, 1.124982, 12810
0.012800, 1.107878, 12870
0.012851, 1.096089, 12910
0.012902, 1.084372, 12960
0.012954, 1.078734, 13020
0.013005, 1.07684, 13060
0.013056, 1.076743, 13120
0.013107, 1.086307, 13160
0.013158, 1.106378, 13290
0.013210, 1.123087, 13350
0.013261, 1.141802, 13390
0.013312, 1.158636, 13430
0.013363, 1.171284, 13470
0.013414, 1.178734, 13510
0.013466, 1.184968, 13550
0.013517, 1.18602, 13600
0.013568, 1.181611, 13640
0.013619, 1.172325, 13680
0.013670, 1.157875, 13730
0.013722, 1.139341, 13780
0.013773, 1.118081, 13850
0.013824, 1.100001, 13890
0.013875, 1.087839, 13930
0.013926, 1.078788, 13980
0.013978, 1.076236, 14030
0.014029, 1.077742, 14100
0.014080, 1.084759, 14130
0.014131, 1.093678, 14180
0.014182, 1.108356, 14240
0.014234, 1.128135, 14290
0.014285, 1.148232, 14350
0.014336, 1.166284, 14390
0.014387, 1.179918, 14440
0.014438, 1.185523, 14500
0.014490, 1.186211, 14550
0.014541, 1.180727, 14620
0.014592, 1.17509, 14650
0.014643, 1.163033, 14700
0.014694, 1.148032, 14750
0.014746, 1.13197, 14800
0.014797, 1.112783, 14860
0.014848, 1.093095, 14900
0.014899, 1.079169, 14960
0.014950, 1.073436, 15010
0.015002, 1.073399, 15060
0.015053, 1.079232, 15120
0.015104, 1.090203, 15160
0.015155, 1.105481, 15220
0.015206, 1.119604, 15260
0.015258, 1.134891, 15320
0.015309, 1.155522, 15370
0.015360, 1.171772, 15420
0.015411, 1.184768, 15470
0.015462, 1.191346, 15530
0.015514, 1.191828, 15570
0.015565, 1.182671, 15630
0.015616, 1.170843, 15670
0.015667, 1.156235, 15730
0.015718, 1.139284, 15770
0.015770, 1.116807, 15840
0.015821, 1.105029, 15880
0.015872, 1.090702, 15930
0.015923, 1.07922, 15980
0.015974, 1.073102, 16030
0.016026, 1.076798, 16090
0.016077, 1.085981, 16140
0.016128, 1.09788, 16190
0.016179, 1.113681, 16230
0.016230, 1.130588, 16290
0.016282, 1.145282, 16350
0.016333, 1.158372, 16390
0.016384, 1.174174, 16440
0.016435, 1.185583, 16490
0.016486, 1.190752, 16540
0.016538, 1.189499, 16610
0.016589, 1.181194, 16650
0.016640, 1.165653, 16690
0.016691, 1.145678, 16750
0.016742, 1.128245, 16800
0.016794, 1.112675, 16860
0.016845, 1.09866, 16900
0.016896, 1.086919, 16950
0.016947, 1.079716, 17010
0.016998, 1.074328, 17060
0.017050, 1.076229, 17120
0.017101, 1.086869, 17160
0.017152, 1.104659, 17220
0.017203, 1.12262, 17260
0.017254, 1.140212, 17320
0.017306, 1.157902, 17370
0.017357, 1.16998, 17420
0.017408, 1.179029, 17470
0.017459, 1.186083, 17520
0.017510, 1.188598, 17570
0.017562, 1.184299, 17620
0.017613, 1.176089, 17670
0.017664, 1.160223, 17730
0.017715, 1.140029, 17770
0.017766, 1.119933, 17850
0.017818, 1.103097, 17880
0.017869, 1.090374, 17930
0.017920, 1.082132, 17980
0.017971, 1.077923, 18030
0.018022, 1.078881, 18090
0.018074, 1.083655, 18130
0.018125, 1.091107, 18180
0.018176, 1.107468, 18230
0.018227, 1.127349, 18280
0.018278, 1.146924, 18350
0.018330, 1.165502, 18390
0.018381, 1.179523, 18440
0.018432, 1.186875, 18490
0.018483, 1.18812, 18540
0.018534, 1.183492, 18600
0.018586, 1.176988, 18650
0.018637, 1.16568, 18690
0.018688, 1.152107, 18740
0.018739, 1.133345, 18800
0.018790, 1.113452, 18860
0.018842, 1.094969, 18900
0.018893, 1.08154, 18950
0.018944, 1.073647, 19000
0.018995, 1.07518, 19050
0.019046, 1.078785, 19120
0.019098, 1.087771, 19160
0.019149, 1.100775, 19210
0.019200, 1.116213, 19260
0.019251, 1.129361, 19310
0.019302, 1.151262, 19360
0.019354, 1.167997, 19410
0.019405, 1.181881, 19460
0.019456, 1.190222, 19520
0.019507, 1.188923, 19560
0.019558, 1.181649, 19620
0.019610, 1.170085, 19660
0.019661, 1.158171, 19730
0.019712, 1.143105, 19770
0.019763, 1.126008, 19840
0.019814, 1.110125, 19870
0.019866, 1.0952, 19930
0.019917, 1.081145, 19970
0.019968, 1.07393, 20030
0.020019, 1.075487, 20090
0.020070, 1.086101, 20130
0.020122, 1.098044, 20180
0.020173, 1.115856, 20230
0.020224, 1.133317, 20280
0.020275, 1.150252, 20350
0.020326, 1.162915, 20390
0.020378, 1.179771, 20440
0.020429, 1.188451, 20490
0.020480, 1.190918, 20530
0.020531, 1.189393, 20600
0.020582, 1.183532, 20640
0.020634, 1.166975, 20690
0.020685, 1.14778, 20740
0.020736, 1.131631, 20790
0.020787, 1.115062, 20860
0.020838, 1.099916, 20890
0.020890, 1.089199, 20950
0.020941, 1.08101, 20990
0.020992, 1.07547, 21050
0.021043, 1.075275, 21120
0.021094, 1.084854, 21150
0.021146, 1.101963, 21210
0.021197, 1.120428, 21250
0.021248, 1.136909, 21300
0.021299, 1.156636, 21360
0.021350, 1.169151, 21410
0.021402, 1.178611, 21460
0.021453, 1.18721, 21520
0.021504, 1.186268, 21560
0.021555, 1.183456, 21620
0.021606, 1.177083, 21660
0.021658, 1.163935, 21720
0.021709, 1.144576, 21760
0.021760, 1.122534, 21840
0.021811, 1.105058, 21870
0.021862, 1.09222, 21930
0.021914, 1.081692, 21970
0.021965, 1.078369, 22030
0.022016, 1.079495, 22070
0.022067, 1.082515, 22130
0.022118, 1.090186, 22170
0.022170, 1.107074, 22230
0.022221, 1.126602, 22280
0.022272, 1.145558, 22350
0.022323, 1.164387, 22380
0.022374, 1.178536, 22430
0.022426, 1.185842, 22480
0.022477, 1.18715, 22530
0.022528, 1.184312, 22600
0.022579, 1.179638, 22630
0.022630, 1.16829, 22690
0.022682, 1.153784, 22730
0.022733, 1.138009, 22790
0.022784, 1.118037, 22850
0.022835, 1.099066, 22890
0.022886, 1.084154, 22940
0.022938, 1.0775, 22990
0.022989, 1.076271, 23040
0.023040, 1.081255, 23120
0.023091, 1.089902, 23150
0.023142, 1.103319, 23200
0.023194, 1.118108, 23250
0.023245, 1.132609, 23300
0.023296, 1.153192, 23430
0.023347, 1.170513, 23470
0.023398, 1.184541, 23510
0.023450, 1.191588, 23550
0.023501, 1.192718, 23600
0.023552, 1.183568, 23650
0.023603, 1.171629, 23680
0.023654, 1.159068, 23730
0.023706, 1.144874, 23760
0.023757, 1.127494, 23820
0.023808, 1.111407, 23880
0.023859, 1.095471, 23920
0.023910, 1.081533, 23970
0.023962, 1.071253, 24020
0.024013, 1.076673, 24070
0.024064, 1.083921, 24130
0.024115, 1.099069, 24170
0.024166, 1.110925, 24230
0.024218, 1.128578, 24270
0.024269, 1.144032, 24340
0.024320, 1.15665, 24380
0.024371, 1.170903, 24430
0.024422, 1.182867, 24480
0.024474, 1.19, 24530
0.024525, 1.191992, 24590
0.024576, 1.185507, 24630
0.024627, 1.171329, 24680
0.024678, 1.152384, 24730
0.024730, 1.135478, 24790
0.024781, 1.119068, 24850
0.024832, 1.103585, 24880
0.024883, 1.089536, 24940
0.024934, 1.082226, 24990
0.024986, 1.076571, 25040
0.025037, 1.075112, 25110
0.025088, 1.085239, 25150
0.025139, 1.099028, 25200
0.025190, 1.120092, 25250
0.025242, 1.136341, 25300
0.025293, 1.155585, 25360
0.025344, 1.169057, 25400
0.025395, 1.178107, 25450
0.025446, 1.185226, 25500
0.025498, 1.188497, 25550
0.025549, 1.186569, 25620
0.025600, 1.179311, 25660
0.025651, 1.166754, 25710
0.025702, 1.147899, 25760
0.025754, 1.125566, 25820
0.025805, 1.107167, 25870
0.025856, 1.094311, 25920
0.025907, 1.082812, 25960
0.025958, 1.078253, 26020
0.026010, 1.078733, 26070
0.026061, 1.081992, 26120
0.026112, 1.089274, 26170
0.026163, 1.102619, 26230
0.026214, 1.121475, 26270
0.026266, 1.141959, 26340
0.026317, 1.160726, 26380
0.026368, 1.174876, 26430
0.026419, 1.184606, 26470
0.026470, 1.18593, 26530
0.026522, 1.185684, 26590
0.026573, 1.180928, 26630
0.026624, 1.171657, 26680
0.026675, 1.15656, 26730
0.026726, 1.138665, 26780
0.026778, 1.118685, 26850
0.026829, 1.098589, 26880
0.026880, 1.082239, 26930
0.026931, 1.078744, 26990
0.026982, 1.076019, 27040
0.027034, 1.078027, 27100
0.027085, 1.089324, 27140
0.027136, 1.100235, 27190
0.027187, 1.11548, 27240
0.027238, 1.128512, 27290
0.027290, 1.149532, 27360
0.027341, 1.168153, 27400
0.027392, 1.182524, 27450
0.027443, 1.191172, 27500
0.027494, 1.193917, 27550
0.027546, 1.185248, 27620
0.027597, 1.17503, 27660
0.027648, 1.163389, 27710
0.027699, 1.146673, 27760
0.027750, 1.130121, 27810
0.027802, 1.113043, 27870
0.027853, 1.097771, 27920
0.027904, 1.082028, 27960
0.027955, 1.073226, 28020
0.028006, 1.071566, 28060
0.028058, 1.079715, 28120
0.028109, 1.090469, 28160
0.028160, 1.105969, 28220
0.028211, 1.122691, 28260
0.028262, 1.137991, 28340
0.028314, 1.15184, 28370
0.028365, 1.16821, 28420
0.028416, 1.180925, 28470
0.028467, 1.186385, 28530
0.028518, 1.186441, 28590
0.028570, 1.180034, 28630
0.028621, 1.164207, 28680
0.028672, 1.146125, 28730
0.028723, 1.128939, 28780
0.028774, 1.116016, 28850
0.028826, 1.10172, 28890
0.028877, 1.090201, 28940
0.028928, 1.080912, 28990
0.028979, 1.073524, 29030
0.029030, 1.074091, 29100
0.029082, 1.082714, 29140
0.029133, 1.095861, 29190
0.029184, 1.115922, 29240
0.029235, 1.131505, 29290
0.029286, 1.151025, 29360
0.029338, 1.163075, 29390
0.029389, 1.173301, 29450
0.029440, 1.182513, 29490
0.029491, 1.189335, 29550
0.029542, 1.186834, 29620
0.029594, 1.178081, 29650
0.029645, 1.166656, 29700
0.029696, 1.146878, 29750
0.029747, 1.124539, 29800
0.029798, 1.108475, 29860
0.029850, 1.09598, 29910
0.029901, 1.083755, 29960
0.029952, 1.078027, 30020
0.030003, 1.075906, 30060
0.030054, 1.079725, 30120
0.030106, 1.08579, 30160
0.030157, 1.101548, 30220
0.030208, 1.119522, 30260
0.030259, 1.140086, 30340
0.030310, 1.158998, 30370
0.030362, 1.173462, 30420
0.030413, 1.182175, 30470
0.030464, 1.184996, 30520
0.030515, 1.184958, 30570
0.030566, 1.179846, 30630
0.030618, 1.170313, 30670
0.030669, 1.157677, 30730
0.030720, 1.139533, 30770
0.030771, 1.120136, 30850
0.030822, 1.100049, 30880
0.030874, 1.08714, 30940
0.030925, 1.07853, 30980
0.030976, 1.075658, 31040
0.031027, 1.078409, 31090
0.031078, 1.085287, 31140
0.031130, 1.093434, 31190
0.031181, 1.110602, 31230
0.031232, 1.124824, 31290
0.031283, 1.145772, 31350
0.031334, 1.164168, 31390
0.031386, 1.178666, 31440
0.031437, 1.188631, 31490
0.031488, 1.189198, 31540
0.031539, 1.182105, 31610
0.031590, 1.172304, 31650
0.031642, 1.161781, 31700
0.031693, 1.146651, 31750
0.031744, 1.128943, 31800
0.031795, 1.113249, 31860
0.031846, 1.096202, 31900
0.031898, 1.082042, 31960
0.031949, 1.075307, 32020
0.032000, 1.075068, 32050
0.032051, 1.081103, 32120
0.032102, 1.091488, 32160
0.032154, 1.107728, 32220
0.032205, 1.123711, 32260
0.032256, 1.137361, 32320
0.032307, 1.151328, 32370
0.032358, 1.168609, 32420
0.032410, 1.181193, 32470
0.032461, 1.186009, 32520
0.032512, 1.191601, 32570
0.032563, 1.182692, 32630
0.032614, 1.170331, 32670
0.032666, 1.155914, 32730
0.032717, 1.141013, 32770
0.032768, 1.12349, 32850
0.032819, 1.106281, 32880
0.032870, 1.093381, 32930
0.032922, 1.081092, 32980
0.032973, 1.07277, 33030
0.033024, 1.07172, 33090
0.033075, 1.080881, 33130
0.033126, 1.095217, 33180
0.033178, 1.115251, 33230
0.033229, 1.131782, 33290
0.033280, 1.147426, 33350
0.033331, 1.16135, 33380
0.033382, 1.173915, 33520
0.033434, 1.184342, 33550
0.033485, 1.189684, 33610
0.033536, 1.188, 33650
0.033587, 1.180904, 33690
0.033638, 1.167047, 33730
0.033690, 1.147458, 33770
0.033741, 1.128398, 33800
0.033792, 1.113206, 33870
0.033843, 1.098559, 33900
0.033894, 1.08798, 33950
0.033946, 1.079268, 34000
0.033997, 1.077142, 34050
0.034048, 1.077458, 34120
0.034099, 1.084798, 34160
0.034150, 1.100753, 34220
0.034202, 1.118108, 34260
0.034253, 1.139078, 34310
0.034304, 1.157271, 34360
0.034355, 1.171727, 34410
0.034406, 1.180186, 34460
0.034458, 1.184641, 34520
0.034509, 1.186903, 34560
0.034560, 1.18298, 34620
0.034611, 1.175015, 34670
0.034662, 1.161081, 34730
0.034714, 1.143173, 34770
0.034765, 1.122504, 34840
0.034816, 1.102071, 34880
0.034867, 1.088909, 34930
0.034918, 1.080305, 34970
0.034970, 1.076422, 35030
0.035021, 1.078473, 35090
0.035072, 1.085444, 35130
0.035123, 1.094412, 35180
0.035174, 1.109474, 35240
0.035226, 1.124786, 35280
0.035277, 1.143067, 35350
0.035328, 1.164514, 35380
0.035379, 1.177597, 35430
0.035430, 1.187709, 35490
0.035482, 1.188573, 35530
0.035533, 1.183597, 35600
0.035584, 1.175219, 35640
0.035635, 1.163061, 35690
0.035686, 1.148704, 35740
0.035738, 1.1317, 35790
0.035789, 1.114492, 35860
0.035840, 1.095257, 35900
0.035891, 1.080147, 35950
0.035942, 1.07295, 36000
0.035994, 1.072721, 36050
0.036045, 1.078114, 36120
0.036096, 1.089157, 36160
0.036147, 1.104346, 36210
0.036198, 1.119734, 36250
0.036250, 1.135009, 36300
0.036301, 1.152606, 36360
0.036352, 1.170377, 36410
0.036403, 1.184639, 36460
0.036454, 1.191915, 36510
0.036506, 1.194792, 36560
0.036557, 1.187266, 36620
0.036608, 1.17434, 36660
0.036659, 1.16012, 36720
0.036710, 1.145114, 36770
0.036762, 1.129544, 36820
0.036813, 1.113173, 36870
0.036864, 1.100352, 36930
0.036915, 1.087693, 36970
0.036966, 1.080889, 37030
0.037018, 1.07936, 37080
0.037069, 1.087831, 37130
0.037120, 1.097883, 37170
0.037171, 1.115651, 37240
0.037222, 1.13202, 37280
0.037274, 1.147543, 37350
0.037325, 1.160346, 37380
0.037376, 1.172913, 37430
0.037427, 1.18464, 37480
0.037478, 1.190349, 37530
0.037530, 1.191208, 37600
0.037581, 1.184567, 37640
0.037632, 1.170975, 37690
0.037683, 1.153022, 37740
0.037734, 1.132284, 37790
0.037786, 1.11757, 37860
0.037837, 1.101481, 37890
0.037888, 1.089967, 37940
0.037939, 1.082391, 37990
0.037990, 1.080035, 38050
0.038042, 1.078847, 38120
0.038093, 1.085136, 38150
0.038144, 1.099168, 38200
0.038195, 1.117387, 38250
0.038246, 1.137552, 38300
0.038298, 1.15816, 38370
0.038349, 1.173088, 38400
0.038400, 1.181237, 38460
0.038451, 1.186273, 38510
0.038502, 1.189011, 38560
0.038554, 1.187016, 38620
0.038605, 1.17816, 38660
0.038656, 1.164687, 38720
0.038707, 1.146749, 38760
0.038758, 1.12575, 38840
0.038810, 1.105485, 38870
0.038861, 1.09362, 38920
0.038912, 1.085652, 38970
0.038963, 1.080103, 39020
0.039014, 1.078983, 39070
0.039066, 1.084024, 39120
0.039117, 1.092455, 39170
0.039168, 1.106404, 39230
0.039219, 1.123338, 39270
0.039270, 1.143272, 39350
0.039322, 1.161288, 39380
0.039373, 1.177315, 39430
0.039424, 1.187286, 39480
0.039475, 1.190119, 39530
0.039526, 1.185575, 39590
0.039578, 1.178518, 39640
0.039629, 1.168653, 39690
0.039680, 1.15466, 39730
0.039731, 1.13663, 39790
0.039782, 1.118975, 39850
0.039834, 1.099842, 39890
0.039885, 1.083378, 39940
0.039936, 1.076491, 39990
0.039987, 1.076742, 40040
0.040038, 1.079955, 40110
0.040090, 1.089327, 40150
0.040141, 1.102281, 40200
0.040192, 1.115644, 40250
0.040243, 1.129221, 40300
0.040294, 1.1473, 40360
0.040346, 1.165752, 40400
0.040397, 1.179116, 40450
0.040448, 1.187707, 40510
0.040499, 1.189613, 40550
0.040550, 1.183487, 40620
0.040602, 1.171586, 40660
0.040653, 1.160522, 40720
0.040704, 1.144038, 40760
0.040755, 1.130922, 40820
0.040806, 1.112112, 40870
0.040858, 1.096703, 40920
0.040909, 1.082575, 40970
0.040960, 1.073909, 41020
0.041011, 1.07007, 41070
0.041062, 1.077543, 41120
0.041114, 1.09112, 41170
0.041165, 1.110297, 41230
0.041216, 1.127979, 41270
0.041267, 1.144099, 41340
0.041318, 1.157724, 41380
0.041370, 1.171922, 41430
0.041421, 1.182767, 41480
0.041472, 1.189492, 41530
0.041523, 1.188678, 41590
0.041574, 1.183302, 41630
0.041626, 1.169965, 41680
0.041677, 1.151627, 41740
0.041728, 1.13351, 41780
0.041779, 1.117274, 41850
0.041830, 1.102529, 41880
0.041882, 1.089218, 41930
0.041933, 1.081959, 41990
0.041984, 1.076702, 42040
0.042035, 1.074728, 42100
0.042086, 1.082155, 42140
0.042138, 1.097009, 42190
0.042189, 1.116964, 42250
0.042240, 1.13343, 42300
0.042291, 1.153251, 42360
0.042342, 1.167506, 42400
0.042394, 1.177274, 42450
0.042445, 1.18329, 42500
0.042496, 1.188051, 42550
0.042547, 1.186641, 42620
0.042598, 1.17745, 42660
0.042650, 1.165213, 42720
0.042701, 1.146379, 42760
0.042752, 1.125141, 42810
0.042803, 1.107162, 42860
0.042854, 1.091915, 42910
0.042906, 1.083023, 42960
0.042957, 1.078329, 43020
0.043008, 1.078084, 43060
0.043059, 1.082013, 43120
0.043110, 1.088794, 43170
0.043162, 1.104507, 43230
0.043213, 1.123086, 43270
0.043264, 1.141781, 43340
0.043315, 1.158801, 43380
0.043366, 1.175733, 43430
0.043418, 1.184289, 43470
0.043469, 1.185266, 43620
0.043520, 1.183504, 43660
0.043571, 1.18136, 43690
0.043622, 1.171514, 43730
0.043674, 1.156453, 43770
0.043725, 1.140945, 43810
0.043776, 1.121295, 43870
0.043827, 1.100776, 43910
0.043878, 1.084543, 43950
0.043930, 1.07961, 43990
0.043981, 1.076527, 44040
0.044032, 1.080563, 44100
0.044083, 1.090521, 44140
0.044134, 1.102045, 44190
0.044186, 1.11469, 44240
0.044237, 1.129795, 44290
0.044288, 1.148869, 44360
0.044339, 1.165844, 44390
0.044390, 1.180301, 44450
0.044442, 1.188418, 44490
0.044493, 1.19168, 44550
0.044544, 1.184892, 44620
0.044595, 1.172729, 44650
0.044646, 1.160537, 44710
0.044698, 1.146505, 44750
0.044749, 1.128422, 44800
0.044800, 1.112245, 44860
0.044851, 1.095861, 44910
0.044902, 1.080626, 44960
0.044954, 1.0719, 45010
0.045005, 1.070735, 45060
0.045056, 1.077944, 45120
0.045107, 1.087504, 45160
0.045158, 1.105011, 45220
0.045210, 1.120045, 45260
0.045261, 1.134084, 45340
0.045312, 1.147331, 45370
0.045363, 1.164584, 45430
0.045414, 1.177838, 45470
0.045466, 1.187508, 45530
0.045517, 1.188573, 45570
0.045568, 1.183356, 45630
0.045619, 1.169457, 45670
0.045670, 1.152233, 45740
0.045722, 1.136837, 45780
0.045773, 1.118987, 45850
0.045824, 1.103939, 45880
0.045875, 1.090259, 45930
0.045926, 1.082173, 45980
0.045978, 1.072906, 46030
0.046029, 1.072504, 46100
0.046080, 1.079859, 46130
0.046131, 1.095731, 46190
0.046182, 1.113538, 46240
0.046234, 1.131078, 46290
0.046285, 1.14941, 46350
0.046336, 1.163748, 46390
0.046387, 1.173916, 46440
0.046438, 1.181722, 46500
0.046490, 1.189413, 46550
0.046541, 1.18668, 46620
0.046592, 1.17832, 46650
0.046643, 1.165547, 46700
0.046694, 1.146598, 46750
0.046746, 1.126084, 46800
0.046797, 1.108445, 46870
0.046848, 1.094711, 46900
0.046899, 1.083403, 46960
0.046950, 1.079572, 47020
0.047002, 1.077162, 47050
0.047053, 1.079762, 47120
0.047104, 1.085884, 47160
0.047155, 1.101893, 47220
0.047206, 1.119169, 47260
0.047258, 1.136899, 47320
0.047309, 1.155933, 47370
0.047360, 1.172363, 47420
0.047411, 1.182561, 47470
0.047462, 1.184391, 47520
0.047514, 1.185078, 47570
0.047565, 1.181535, 47620
0.047616, 1.172446, 47670
0.047667, 1.159525, 47730
0.047718, 1.14125, 47770
0.047770, 1.120027, 47850
0.047821, 1.100122, 47880
0.047872, 1.084528, 47930
0.047923, 1.07677, 47980
0.047974, 1.074531, 48030
0.048026, 1.07806, 48090
0.048077, 1.085541, 48130
0.048128, 1.095862, 48180
0.048179, 1.108559, 48230
0.048230, 1.123932, 48290
0.048282, 1.143764, 48350
0.048333, 1.161555, 48390
0.048384, 1.176384, 48440
0.048435, 1.186457, 48490
0.048486, 1.189073, 48540
0.048538, 1.183504, 48610
0.048589, 1.174946, 48650
0.048640, 1.165161, 48690
0.048691, 1.149587, 48750
0.048742, 1.133311, 48800
0.048794, 1.116548, 48860
0.048845, 1.099725, 48900
0.048896, 1.084452, 48950
0.048947, 1.073545, 49010
0.048998, 1.072642, 49060
0.049050, 1.077717, 49120
0.049101, 1.086918, 49160
0.049152, 1.105233, 49220
0.049203, 1.121965, 49260
0.049254, 1.136413, 49310
0.049306, 1.154413, 49360
0.049357, 1.172377, 49420
0.049408, 1.185434, 49460
0.049459, 1.190864, 49520
0.049510, 1.192197, 49570
0.049562, 1.185666, 49620
0.049613, 1.172705, 49670
0.049664, 1.153849, 50890
0.049715, 1.139088, 50940
0.049766, 1.123637, 50980
0.049818, 1.113389, 51020
0.049869, 1.099976, 51060
0.049920, 1.087946, 54390
0.049971, 1.082038, 54430
0.050022, 1.079381, 54470
0.050074, 1.164757, 54510
0.050125, 1.178577, 54550
0.050176, 1.184865, 63270
0.050227, 1.186859, 63300
0.050278, 1.186365, 72300
0.050330, 1.115187, 76170
0.050381, 1.131807, 76220
0.050432, 1.150459, 76250
0.050483, 1.138491, 76290
0.050534, 1.153808, 78100
0.050586, 1.088622, 78130
0.050637, 1.102147, 78170
0.050688, 1.115666, 78220
0.050739, 1.128995, 78250
0.050790, 1.150613, 78290
0.050842, 1.076348, 85700
0.050893, 1.084424, 85750
0.050944, 1.09728, 85780
0.050995, 1.115445, 99680
0.051046, 1.133435, 99730
0.051098, 1.149683, 99770
0.051149, 1.160973, 99800
0.051200, 1.144234, 134230
0.051251, 1.126212, 134270
0.051302, 1.166454, 134310
0.051354, 1.147562, 141180
0.051405, 1.131416, 141230
0.051456, 1.115975, 141270
0.051507, 1.098056, 141300
0.051558, 1.116004, 146420
0.051610, 1.136043, 146460
0.051661, 1.094454, 146500
0.051712, 1.109647, 146530
0.051763, 1.127056, 146570
0.051814, 1.139377, 153370
0.051866, 1.164958, 153410
0.051917, 1.179127, 153450
0.051968, 1.18776, 153490
0.052019, 1.188479, 153530
0.052070, 1.184861, 153570
0.052122, 1.156582, 160530
0.052173, 1.169557, 160570
0.052224, 1.180092, 171160
0.052275, 1.190189, 171200
0.052326, 1.194017, 171230
0.052378, 1.191278, 171280
0.052429, 1.193332, 174550
0.052480, 1.077655, 183200
0.052531, 1.08351, 183230
0.052582, 1.094352, 183270
0.052634, 1.109853, 183310
0.052685, 1.125472, 184980
0.052736, 1.138634, 185020
0.052787, 1.188393, 185060
0.052838, 1.188123, 192270
0.052890, 1.099894, 192310
0.052941, 1.119359, 197660
0.052992, 1.137238, 197700
0.053043, 1.087739, 197730
0.053094, 1.077391, 197770
0.053146, 1.074961, 197820
0.053197, 1.079502, 201460
0.053248, 1.123906, 201490
0.053299, 1.139338, 201530
0.053350, 1.179792, 210120
0.053402, 1.168822, 210150
0.053453, 1.153992, 210190
0.053504, 1.136497, 210230
0.053555, 1.118653, 210270
0.053606, 1.176214, 210320
0.053658, 1.182624, 215420
0.053709, 1.187259, 215460
0.053760, 1.187277, 215500
0.053811, 1.081514, 215540
0.053862, 1.095528, 226010
0.053914, 1.114465, 226050
0.053965, 1.131334, 232950
0.054016, 1.148782, 232990
0.054067, 1.168262, 233030
0.054118, 1.182321, 233060
0.054170, 1.190826, 236510
0.054221, 1.19426, 236550
0.054272, 1.077767, 243660
0.054323, 1.07473, 243690
0.054374, 1.099355, 243730
0.054426, 1.084029, 243770
0.054477, 1.075858, 243810
0.054528, 1.07599, 247120
0.054579, 1.191098, 247150
0.054630, 1.190594, 247190
0.054682, 1.185659, 247240
0.054733, 1.172738, 247270
0.054784, 1.160486, 247320
0.054835, 1.14394, 255640
