Meter S/N:	"REV_DA_16"
Sensor	Thermo	Single	0781D14R	PM-Pro 150F HD
Date	3/16/2015 10:02:22 PM
Units	W
Timestamp	Measurement	Sequence	Flags	Flags (interpreted)	Period
0.0000000	5.51661E+000	0	1	TriggerDetected	0
0.0000016	6.89393E+000	0	0	0	0
0.0000032	7.50826E+000	0	0	0	0
0.0000048	7.66458E+000	0	0	0	0
0.0000064	7.63059E+000	0	0	0	0
0.0000080	7.47446E+000	0	0	0	0
0.0000096	7.20791E+000	0	0	0	0
0.0000112	6.92772E+000	0	0	0	0
0.0000128	6.62392E+000	0	0	0	0
0.0000144	6.18971E+000	0	0	0	0
0.0000160	5.74399E+000	0	0	0	0
0.0000176	5.34608E+000	0	0	0	0
0.0000192	4.95047E+000	0	0	0	0
0.0000208	4.57484E+000	0	0	0	0
0.0000224	4.20382E+000	0	0	0	0
0.0000240	3.89079E+000	0	0	0	0
0.0000256	3.56817E+000	0	0	0	0
0.0000272	3.29048E+000	0	0	0	0
0.0000288	3.03794E+000	0	0	0	0
0.0000304	2.80519E+000	0	0	0	0
0.0000320	2.60835E+000	0	0	0	0
0.0000335	2.43378E+000	0	0	0	0
0.0000352	2.25115E+000	0	0	0	0
0.0000368	2.06122E+000	0	0	0	0
0.0000384	1.92756E+000	0	0	0	0
0.0000400	1.78276E+000	0	0	0	0
0.0000416	1.63547E+000	0	0	0	0
0.0000432	1.49739E+000	0	0	0	0
0.0000448	1.38966E+000	0	0	0	0
0.0000464	1.29191E+000	0	0	0	0
0.0000480	1.19954E+000	0	0	0	0
0.0000496	1.08642E+000	0	0	0	0
0.0000512	9.72545E-001	0	0	0	0
0.0000528	8.85742E-001	0	0	0	0
0.0000544	7.98364E-001	0	0	0	0
0.0000560	7.11754E-001	0	0	0	0
0.0000576	6.61631E-001	0	0	0	0
0.0000592	5.95953E-001	0	0	0	0
0.0000608	5.39685E-001	0	0	0	0
0.0000624	5.20673E-001	0	0	0	0
0.0000640	4.84954E-001	0	0	0	0
0.0000656	4.55187E-001	0	0	0	0
0.0000671	4.43665E-001	0	0	0	0
0.0000688	4.30414E-001	0	0	0	0
0.0000704	3.91238E-001	0	0	0	0
0.0000720	4.04489E-001	0	0	0	0
0.0000736	3.71074E-001	0	0	0	0
0.0000752	3.75875E-001	0	0	0	0
0.0000768	3.65120E-001	0	0	0	0
0.0000784	3.50525E-001	0	0	0	0
0.0000800	3.64928E-001	0	0	0	0
0.0000816	3.51869E-001	0	0	0	0
0.0000832	3.59551E-001	0	0	0	0
0.0000848	3.48221E-001	0	0	0	0
0.0000864	3.49949E-001	0	0	0	0
0.0000880	3.41307E-001	0	0	0	0
0.0000896	3.45148E-001	0	0	0	0
0.0000911	3.36314E-001	0	0	0	0
0.0000928	3.26136E-001	0	0	0	0
0.0000944	3.40155E-001	0	0	0	0
0.0000960	3.36890E-001	0	0	0	0
0.0000976	3.31321E-001	0	0	0	0
0.0000992	3.27480E-001	0	0	0	0
0.0001008	3.41499E-001	0	0	0	0
0.0001024	3.34202E-001	0	0	0	0
0.0001040	3.46300E-001	0	0	0	0
0.0001056	3.22295E-001	0	0	0	0
0.0001072	3.16150E-001	0	0	0	0
0.0001088	3.32281E-001	0	0	0	0
0.0001104	3.20567E-001	0	0	0	0
0.0001120	3.19799E-001	0	0	0	0
0.0001136	3.28825E-001	0	0	0	0
0.0001152	3.27864E-001	0	0	0	0
0.0001168	3.19223E-001	0	0	0	0
0.0001184	3.24024E-001	0	0	0	0
0.0001200	3.13653E-001	0	0	0	0
0.0001216	5.32964E-001	0	0	0	0
0.0001232	3.88657E+000	0	0	0	0
0.0001248	5.24372E+000	0	1	TriggerDetected	0
0.0001264	6.74010E+000	0	0	0	0
0.0001280	7.51306E+000	0	0	0	0
0.0001296	7.68456E+000	0	0	0	0
0.0001312	7.66458E+000	0	0	0	0
0.0001328	7.54225E+000	0	0	0	0
0.0001343	7.34061E+000	0	0	0	0
0.0001360	7.03968E+000	0	0	0	0
0.0001376	6.63160E+000	0	0	0	0
0.0001392	6.20085E+000	0	0	0	0
0.0001408	5.78681E+000	0	0	0	0
0.0001424	5.39313E+000	0	0	0	0
0.0001440	4.98735E+000	0	0	0	0
0.0001455	4.60653E+000	0	0	0	0
0.0001472	4.25337E+000	0	0	0	0
0.0001488	3.90789E+000	0	0	0	0
0.0001504	3.57623E+000	0	0	0	0
0.0001520	3.31698E+000	0	0	0	0
0.0001536	3.07232E+000	0	0	0	0
0.0001552	2.85954E+000	0	0	0	0
0.0001568	2.64983E+000	0	0	0	0
0.0001584	2.45107E+000	0	0	0	0
0.0001600	2.25922E+000	0	0	0	0
0.0001616	2.09233E+000	0	0	0	0
0.0001632	1.93909E+000	0	0	0	0
0.0001648	1.79256E+000	0	0	0	0
0.0001664	1.65083E+000	0	0	0	0
0.0001680	1.54002E+000	0	0	0	0
0.0001696	1.40925E+000	0	0	0	0
0.0001711	1.29402E+000	0	0	0	0
0.0001728	1.20856E+000	0	0	0	0
0.0001744	1.11619E+000	0	0	0	0
0.0001760	1.00558E+000	0	0	0	0
0.0001776	9.04754E-001	0	0	0	0
0.0001792	8.12383E-001	0	0	0	0
0.0001808	7.41712E-001	0	0	0	0
0.0001823	6.58366E-001	0	0	0	0
0.0001840	5.94801E-001	0	0	0	0
0.0001856	5.57929E-001	0	0	0	0
0.0001872	5.14336E-001	0	0	0	0
0.0001888	5.02813E-001	0	0	0	0
0.0001904	4.70359E-001	0	0	0	0
0.0001920	4.51154E-001	0	0	0	0
0.0001936	4.30414E-001	0	0	0	0
0.0001952	4.16203E-001	0	0	0	0
0.0001968	4.03912E-001	0	0	0	0
0.0001984	3.82404E-001	0	0	0	0
0.0002000	3.90086E-001	0	0	0	0
0.0002016	3.76451E-001	0	0	0	0
0.0002032	3.60511E-001	0	0	0	0
0.0002048	3.58783E-001	0	0	0	0
0.0002064	3.54366E-001	0	0	0	0
0.0002080	3.62240E-001	0	0	0	0
0.0002096	3.58591E-001	0	0	0	0
0.0002112	3.33049E-001	0	0	0	0
0.0002128	3.42844E-001	0	0	0	0
0.0002144	3.46492E-001	0	0	0	0
0.0002160	3.30937E-001	0	0	0	0
0.0002176	3.29209E-001	0	0	0	0
0.0002192	3.27672E-001	0	0	0	0
0.0002208	3.42267E-001	0	0	0	0
0.0002224	3.32857E-001	0	0	0	0
0.0002240	3.35930E-001	0	0	0	0
0.0002256	3.30553E-001	0	0	0	0
0.0002272	3.30169E-001	0	0	0	0
0.0002288	3.30169E-001	0	0	0	0
0.0002304	3.20375E-001	0	0	0	0
0.0002320	3.44380E-001	0	0	0	0
0.0002336	3.33626E-001	0	0	0	0
0.0002352	3.18838E-001	0	0	0	0
0.0002368	3.21335E-001	0	0	0	0
0.0002384	3.29401E-001	0	0	0	0
0.0002400	3.33049E-001	0	0	0	0
0.0002416	3.30937E-001	0	0	0	0
0.0002432	3.29209E-001	0	0	0	0
0.0002448	3.22679E-001	0	0	0	0
0.0002464	4.98781E-001	0	0	0	0
0.0002480	3.87370E+000	0	0	0	0
0.0002496	5.30959E+000	0	1	TriggerDetected	0
0.0002512	6.82806E+000	0	0	0	0
0.0002528	7.69819E+000	0	0	0	0
0.0002544	7.86680E+000	0	0	0	0
0.0002560	7.84568E+000	0	0	0	0
0.0002575	7.64922E+000	0	0	0	0
0.0002592	7.35117E+000	0	0	0	0
0.0002608	6.99206E+000	0	0	0	0
0.0002624	6.57264E+000	0	0	0	0
0.0002640	6.15764E+000	0	0	0	0
0.0002656	5.76127E+000	0	0	0	0
0.0002672	5.37450E+000	0	0	0	0
0.0002687	5.07914E+000	0	0	0	0
0.0002704	4.70447E+000	0	0	0	0
0.0002720	4.31789E+000	0	0	0	0
0.0002736	3.97740E+000	0	0	0	0
0.0002752	3.64902E+000	0	0	0	0
0.0002768	3.37593E+000	0	0	0	0
0.0002784	3.12129E+000	0	0	0	0
0.0002798	2.88565E+000	0	0	0	0
0.0002816	2.66999E+000	0	0	0	0
0.0002832	2.47776E+000	0	0	0	0
0.0002848	2.30204E+000	0	0	0	0
0.0002864	2.12517E+000	0	0	0	0
0.0002880	1.97461E+000	0	0	0	0
0.0002896	1.81599E+000	0	0	0	0
0.0002910	1.67080E+000	0	0	0	0
0.0002928	1.54367E+000	0	0	0	0
0.0002944	1.42422E+000	0	0	0	0
0.0002960	1.32360E+000	0	0	0	0
0.0002976	1.22546E+000	0	0	0	0
0.0002992	1.11542E+000	0	0	0	0
0.0003008	1.01863E+000	0	0	0	0
0.0003024	9.31064E-001	0	0	0	0
0.0003040	8.15264E-001	0	0	0	0
0.0003056	7.40560E-001	0	0	0	0
0.0003072	6.67008E-001	0	0	0	0
0.0003088	6.12469E-001	0	0	0	0
0.0003104	5.60234E-001	0	0	0	0
0.0003120	5.18369E-001	0	0	0	0
0.0003136	4.96668E-001	0	0	0	0
0.0003152	4.62293E-001	0	0	0	0
0.0003168	4.25037E-001	0	0	0	0
0.0003184	4.11402E-001	0	0	0	0
0.0003200	4.00072E-001	0	0	0	0
0.0003216	4.02376E-001	0	0	0	0
0.0003232	3.77795E-001	0	0	0	0
0.0003248	3.73762E-001	0	0	0	0
0.0003264	3.86629E-001	0	0	0	0
0.0003280	3.53790E-001	0	0	0	0
0.0003296	3.60319E-001	0	0	0	0
0.0003311	3.48989E-001	0	0	0	0
0.0003328	3.44956E-001	0	0	0	0
0.0003344	3.49373E-001	0	0	0	0
0.0003360	3.24024E-001	0	0	0	0
0.0003376	3.50525E-001	0	0	0	0
0.0003392	3.24600E-001	0	0	0	0
0.0003408	3.39963E-001	0	0	0	0
0.0003423	3.36122E-001	0	0	0	0
0.0003440	3.38427E-001	0	0	0	0
0.0003456	3.40923E-001	0	0	0	0
0.0003472	3.36122E-001	0	0	0	0
0.0003488	3.30937E-001	0	0	0	0
0.0003504	3.26904E-001	0	0	0	0
0.0003520	3.30937E-001	0	0	0	0
0.0003534	3.34394E-001	0	0	0	0
0.0003552	3.25176E-001	0	0	0	0
0.0003568	3.17878E-001	0	0	0	0
0.0003584	3.18646E-001	0	0	0	0
0.0003600	3.26904E-001	0	0	0	0
0.0003616	3.22679E-001	0	0	0	0
0.0003632	3.07508E-001	0	0	0	0
0.0003646	3.19415E-001	0	0	0	0
0.0003664	3.34202E-001	0	0	0	0
0.0003680	3.32281E-001	0	0	0	0
0.0003696	3.26136E-001	0	0	0	0
0.0003712	3.68577E-001	0	0	0	0
0.0003728	3.42874E+000	0	0	0	0
0.0003744	4.98869E+000	0	0	0	0
0.0003760	6.50869E+000	0	1	TriggerDetected	0
0.0003776	7.56837E+000	0	0	0	0
0.0003792	7.75024E+000	0	0	0	0
0.0003808	7.75542E+000	0	0	0	0
0.0003824	7.59987E+000	0	0	0	0
0.0003840	7.31814E+000	0	0	0	0
0.0003856	6.97074E+000	0	0	0	0
0.0003872	6.60049E+000	0	0	0	0
0.0003888	6.24080E+000	0	0	0	0
0.0003904	5.94697E+000	0	0	0	0
0.0003920	5.51680E+000	0	0	0	0
0.0003936	5.09931E+000	0	0	0	0
0.0003952	4.69026E+000	0	0	0	0
0.0003968	4.31924E+000	0	0	0	0
0.0003984	3.97721E+000	0	0	0	0
0.0004000	3.67148E+000	0	0	0	0
0.0004016	3.37766E+000	0	0	0	0
0.0004032	3.13127E+000	0	0	0	0
0.0004047	2.89084E+000	0	0	0	0
0.0004064	2.68113E+000	0	0	0	0
0.0004080	2.48736E+000	0	0	0	0
0.0004096	2.30223E+000	0	0	0	0
0.0004112	2.14111E+000	0	0	0	0
0.0004128	1.99343E+000	0	0	0	0
0.0004144	1.82636E+000	0	0	0	0
0.0004160	1.67695E+000	0	0	0	0
0.0004176	1.55193E+000	0	0	0	0
0.0004192	1.43978E+000	0	0	0	0
0.0004208	1.32532E+000	0	0	0	0
0.0004224	1.22719E+000	0	0	0	0
0.0004240	1.13578E+000	0	0	0	0
0.0004256	1.03208E+000	0	0	0	0
0.0004272	9.36057E-001	0	0	0	0
0.0004288	8.34660E-001	0	0	0	0
0.0004304	7.36911E-001	0	0	0	0
0.0004320	6.64512E-001	0	0	0	0
0.0004336	6.12469E-001	0	0	0	0
0.0004352	5.52936E-001	0	0	0	0
0.0004368	5.11455E-001	0	0	0	0
0.0004384	4.84378E-001	0	0	0	0
0.0004400	4.67670E-001	0	0	0	0
0.0004416	4.31950E-001	0	0	0	0
0.0004432	4.31758E-001	0	0	0	0
0.0004448	3.95655E-001	0	0	0	0
0.0004464	3.87205E-001	0	0	0	0
0.0004480	3.93926E-001	0	0	0	0
0.0004496	3.79715E-001	0	0	0	0
0.0004512	3.76259E-001	0	0	0	0
0.0004528	3.73186E-001	0	0	0	0
0.0004544	3.66080E-001	0	0	0	0
0.0004560	3.63968E-001	0	0	0	0
0.0004576	3.48221E-001	0	0	0	0
0.0004592	3.49373E-001	0	0	0	0
0.0004608	3.45724E-001	0	0	0	0
0.0004624	3.43804E-001	0	0	0	0
0.0004640	3.40923E-001	0	0	0	0
0.0004656	3.51677E-001	0	0	0	0
0.0004672	3.36698E-001	0	0	0	0
0.0004688	3.36122E-001	0	0	0	0
0.0004704	3.25944E-001	0	0	0	0
0.0004720	3.21527E-001	0	0	0	0
0.0004736	3.44188E-001	0	0	0	0
0.0004752	3.34010E-001	0	0	0	0
0.0004768	3.19991E-001	0	0	0	0
0.0004784	3.24408E-001	0	0	0	0
0.0004800	3.15958E-001	0	0	0	0
0.0004816	3.40731E-001	0	0	0	0
0.0004832	3.38811E-001	0	0	0	0
0.0004848	3.28440E-001	0	0	0	0
0.0004864	3.24408E-001	0	0	0	0
0.0004880	3.21527E-001	0	0	0	0
0.0004896	3.25176E-001	0	0	0	0
0.0004912	3.16918E-001	0	0	0	0
0.0004928	3.24600E-001	0	0	0	0
0.0004944	3.28440E-001	0	0	0	0
0.0004960	3.26712E-001	0	0	0	0
0.0004975	3.08998E+000	0	0	0	0
0.0004992	4.80164E+000	0	0	0	0
0.0005008	6.24118E+000	0	1	TriggerDetected	0
0.0005024	7.33255E+000	0	0	0	0
0.0005040	7.58873E+000	0	0	0	0
0.0005056	7.65479E+000	0	0	0	0
0.0005072	7.55666E+000	0	0	0	0
0.0005088	7.32947E+000	0	0	0	0
0.0005104	7.07003E+000	0	0	0	0
0.0005120	6.78446E+000	0	0	0	0
0.0005136	6.39078E+000	0	0	0	0
0.0005151	5.94256E+000	0	0	0	0
0.0005168	5.53869E+000	0	0	0	0
0.0005184	5.13848E+000	0	0	0	0
0.0005199	4.73020E+000	0	0	0	0
0.0005216	4.36187E+000	0	0	0	0
0.0005232	4.02561E+000	0	0	0	0
0.0005248	3.70471E+000	0	0	0	0
0.0005264	3.41319E+000	0	0	0	0
0.0005280	3.14318E+000	0	0	0	0
0.0005296	2.92099E+000	0	0	0	0
0.0005312	2.69630E+000	0	0	0	0
0.0005328	2.51463E+000	0	0	0	0
0.0005344	2.34007E+000	0	0	0	0
0.0005360	2.16512E+000	0	0	0	0
0.0005375	1.98729E+000	0	0	0	0
0.0005392	1.83385E+000	0	0	0	0
0.0005408	1.70345E+000	0	0	0	0
0.0005424	1.56979E+000	0	0	0	0
0.0005440	1.44573E+000	0	0	0	0
0.0005456	1.33723E+000	0	0	0	0
0.0005472	1.24063E+000	0	0	0	0
0.0005488	1.15191E+000	0	0	0	0
0.0005504	1.03995E+000	0	0	0	0
0.0005520	9.49500E-001	0	0	0	0
0.0005536	8.34276E-001	0	0	0	0
0.0005552	7.46705E-001	0	0	0	0
0.0005568	6.70657E-001	0	0	0	0
0.0005584	6.23223E-001	0	0	0	0
0.0005599	5.71372E-001	0	0	0	0
0.0005616	5.32004E-001	0	0	0	0
0.0005632	4.90331E-001	0	0	0	0
0.0005648	4.56724E-001	0	0	0	0
0.0005664	4.42321E-001	0	0	0	0
0.0005680	4.16395E-001	0	0	0	0
0.0005696	4.12170E-001	0	0	0	0
0.0005712	4.00072E-001	0	0	0	0
0.0005728	3.97383E-001	0	0	0	0
0.0005744	3.84516E-001	0	0	0	0
0.0005760	3.68577E-001	0	0	0	0
0.0005776	3.64544E-001	0	0	0	0
0.0005792	3.72034E-001	0	0	0	0
0.0005808	3.58783E-001	0	0	0	0
0.0005823	3.51869E-001	0	0	0	0
0.0005840	3.39003E-001	0	0	0	0
0.0005856	3.42459E-001	0	0	0	0
0.0005872	3.32473E-001	0	0	0	0
0.0005888	3.46684E-001	0	0	0	0
0.0005904	3.39963E-001	0	0	0	0
0.0005920	3.38427E-001	0	0	0	0
0.0005936	3.37850E-001	0	0	0	0
0.0005952	3.36890E-001	0	0	0	0
0.0005968	3.39003E-001	0	0	0	0
0.0005984	3.30745E-001	0	0	0	0
0.0005999	3.31513E-001	0	0	0	0
0.0006016	3.39003E-001	0	0	0	0
0.0006032	3.31897E-001	0	0	0	0
0.0006048	3.33049E-001	0	0	0	0
0.0006064	3.13461E-001	0	0	0	0
0.0006080	3.27864E-001	0	0	0	0
0.0006096	3.04243E-001	0	0	0	0
0.0006112	3.12885E-001	0	0	0	0
0.0006128	3.30553E-001	0	0	0	0
0.0006144	3.20375E-001	0	0	0	0
0.0006160	3.15766E-001	0	0	0	0
0.0006176	3.37466E-001	0	0	0	0
0.0006192	3.24600E-001	0	0	0	0
0.0006208	3.29593E-001	0	0	0	0
0.0006223	2.30876E+000	0	0	0	0
0.0006240	4.61978E+000	0	0	0	0
0.0006256	6.07871E+000	0	1	TriggerDetected	0
0.0006272	7.31181E+000	0	0	0	0
0.0006288	7.61869E+000	0	0	0	0
0.0006304	7.70088E+000	0	0	0	0
0.0006320	7.60928E+000	0	0	0	0
0.0006336	7.39189E+000	0	0	0	0
0.0006352	7.15721E+000	0	0	0	0
0.0006368	6.86205E+000	0	0	0	0
0.0006384	6.42707E+000	0	0	0	0
0.0006400	6.00497E+000	0	0	0	0
0.0006416	5.59112E+000	0	0	0	0
0.0006432	5.17708E+000	0	0	0	0
0.0006447	4.78071E+000	0	0	0	0
0.0006464	4.39605E+000	0	0	0	0
0.0006480	4.06670E+000	0	0	0	0
0.0006496	3.73793E+000	0	0	0	0
0.0006512	3.44296E+000	0	0	0	0
0.0006528	3.19426E+000	0	0	0	0
0.0006544	2.94442E+000	0	0	0	0
0.0006560	2.72031E+000	0	0	0	0
0.0006576	2.54613E+000	0	0	0	0
0.0006592	2.34640E+000	0	0	0	0
0.0006608	2.16838E+000	0	0	0	0
0.0006623	2.00611E+000	0	0	0	0
0.0006640	1.86553E+000	0	0	0	0
0.0006656	1.72803E+000	0	0	0	0
0.0006672	1.58016E+000	0	0	0	0
0.0006688	1.45783E+000	0	0	0	0
0.0006704	1.35221E+000	0	0	0	0
0.0006720	1.26541E+000	0	0	0	0
0.0006736	1.16113E+000	0	0	0	0
0.0006752	1.04475E+000	0	0	0	0
0.0006768	9.38746E-001	0	0	0	0
0.0006784	8.60969E-001	0	0	0	0
0.0006800	7.60916E-001	0	0	0	0
0.0006816	7.06184E-001	0	0	0	0
0.0006832	6.22071E-001	0	0	0	0
0.0006847	5.73292E-001	0	0	0	0
0.0006864	5.24130E-001	0	0	0	0
0.0006880	4.95516E-001	0	0	0	0
0.0006896	4.75736E-001	0	0	0	0
0.0006912	4.54227E-001	0	0	0	0
0.0006928	4.18700E-001	0	0	0	0
0.0006944	4.04873E-001	0	0	0	0
0.0006960	4.07753E-001	0	0	0	0
0.0006976	3.82404E-001	0	0	0	0
0.0006992	3.72418E-001	0	0	0	0
0.0007008	3.70497E-001	0	0	0	0
0.0007024	3.61471E-001	0	0	0	0
0.0007040	3.58015E-001	0	0	0	0
0.0007056	3.41307E-001	0	0	0	0
0.0007071	3.58207E-001	0	0	0	0
0.0007088	3.54366E-001	0	0	0	0
0.0007104	3.40731E-001	0	0	0	0
0.0007120	3.45148E-001	0	0	0	0
0.0007136	3.45340E-001	0	0	0	0
0.0007152	3.51101E-001	0	0	0	0
0.0007168	3.41883E-001	0	0	0	0
0.0007184	3.30745E-001	0	0	0	0
0.0007200	3.38427E-001	0	0	0	0
0.0007216	3.34202E-001	0	0	0	0
0.0007232	3.44956E-001	0	0	0	0
0.0007248	3.27480E-001	0	0	0	0
0.0007264	3.18070E-001	0	0	0	0
0.0007280	3.22103E-001	0	0	0	0
0.0007295	3.23832E-001	0	0	0	0
0.0007312	3.35162E-001	0	0	0	0
0.0007328	3.19415E-001	0	0	0	0
0.0007344	3.24792E-001	0	0	0	0
0.0007360	3.14806E-001	0	0	0	0
0.0007376	3.27096E-001	0	0	0	0
0.0007392	3.34586E-001	0	0	0	0
0.0007408	3.15382E-001	0	0	0	0
0.0007424	3.31897E-001	0	0	0	0
0.0007440	3.24600E-001	0	0	0	0
0.0007456	3.09428E-001	0	0	0	0
0.0007471	2.06718E+000	0	0	0	0
0.0007488	4.49131E+000	0	0	0	0
0.0007504	5.94889E+000	0	1	TriggerDetected	0
0.0007520	7.29337E+000	0	0	0	0
0.0007536	7.70741E+000	0	0	0	0
0.0007552	7.77424E+000	0	0	0	0
0.0007568	7.67630E+000	0	0	0	0
0.0007584	7.44547E+000	0	0	0	0
0.0007600	7.11266E+000	0	0	0	0
0.0007616	6.74855E+000	0	0	0	0
0.0007632	6.38598E+000	0	0	0	0
0.0007648	6.07238E+000	0	0	0	0
0.0007664	5.70251E+000	0	0	0	0
0.0007680	5.25563E+000	0	0	0	0
0.0007695	4.85561E+000	0	0	0	0
0.0007712	4.46999E+000	0	0	0	0
0.0007728	4.12163E+000	0	0	0	0
0.0007744	3.79074E+000	0	0	0	0
0.0007760	3.48232E+000	0	0	0	0
0.0007776	3.22076E+000	0	0	0	0
0.0007792	2.97687E+000	0	0	0	0
0.0007808	2.76889E+000	0	0	0	0
0.0007824	2.56667E+000	0	0	0	0
0.0007840	2.37886E+000	0	0	0	0
0.0007856	2.19219E+000	0	0	0	0
0.0007872	2.02915E+000	0	0	0	0
0.0007888	1.89645E+000	0	0	0	0
0.0007904	1.74762E+000	0	0	0	0
0.0007919	1.60033E+000	0	0	0	0
0.0007936	1.48011E+000	0	0	0	0
0.0007952	1.36277E+000	0	0	0	0
0.0007968	1.26041E+000	0	0	0	0
0.0007984	1.16862E+000	0	0	0	0
0.0008000	1.06069E+000	0	0	0	0
0.0008016	9.52765E-001	0	0	0	0
0.0008032	8.71339E-001	0	0	0	0
0.0008048	7.69750E-001	0	0	0	0
0.0008064	6.95238E-001	0	0	0	0
0.0008080	6.35129E-001	0	0	0	0
0.0008095	5.71756E-001	0	0	0	0
0.0008112	5.38533E-001	0	0	0	0
0.0008128	4.91867E-001	0	0	0	0
0.0008144	4.65365E-001	0	0	0	0
0.0008160	4.54227E-001	0	0	0	0
0.0008176	4.41744E-001	0	0	0	0
0.0008192	4.13130E-001	0	0	0	0
0.0008208	3.92006E-001	0	0	0	0
0.0008224	3.89894E-001	0	0	0	0
0.0008240	3.85669E-001	0	0	0	0
0.0008256	3.64544E-001	0	0	0	0
0.0008272	3.76451E-001	0	0	0	0
0.0008288	3.73570E-001	0	0	0	0
0.0008304	3.70497E-001	0	0	0	0
0.0008320	3.60127E-001	0	0	0	0
0.0008336	3.55710E-001	0	0	0	0
0.0008352	3.51485E-001	0	0	0	0
0.0008368	3.59743E-001	0	0	0	0
0.0008384	3.40539E-001	0	0	0	0
0.0008400	3.32281E-001	0	0	0	0
0.0008416	3.52062E-001	0	0	0	0
0.0008432	3.34010E-001	0	0	0	0
0.0008448	3.33626E-001	0	0	0	0
0.0008464	3.33049E-001	0	0	0	0
0.0008480	3.24984E-001	0	0	0	0
0.0008496	3.29785E-001	0	0	0	0
0.0008512	3.24024E-001	0	0	0	0
0.0008528	3.32089E-001	0	0	0	0
0.0008544	3.28248E-001	0	0	0	0
0.0008560	3.25752E-001	0	0	0	0
0.0008576	3.18454E-001	0	0	0	0
0.0008592	3.12885E-001	0	0	0	0
0.0008608	3.20951E-001	0	0	0	0
0.0008624	3.31705E-001	0	0	0	0
0.0008640	3.23639E-001	0	0	0	0
0.0008656	3.23255E-001	0	0	0	0
0.0008672	3.28248E-001	0	0	0	0
0.0008688	3.20951E-001	0	0	0	0
0.0008704	3.23447E-001	0	0	0	0
0.0008720	1.50219E+000	0	0	0	0
0.0008736	4.30771E+000	0	0	0	0
0.0008752	5.66755E+000	0	1	TriggerDetected	0
0.0008768	7.04141E+000	0	0	0	0
0.0008784	7.53957E+000	0	0	0	0
0.0008800	7.66919E+000	0	0	0	0
0.0008816	7.60755E+000	0	0	0	0
0.0008832	7.45046E+000	0	0	0	0
0.0008848	7.21291E+000	0	0	0	0
0.0008864	6.94923E+000	0	0	0	0
0.0008880	6.56362E+000	0	0	0	0
0.0008896	6.11462E+000	0	0	0	0
0.0008912	5.70097E+000	0	0	0	0
0.0008928	5.28904E+000	0	0	0	0
0.0008944	4.89939E+000	0	0	0	0
0.0008960	4.49380E+000	0	0	0	0
0.0008976	4.14966E+000	0	0	0	0
0.0008992	3.80457E+000	0	0	0	0
0.0009008	3.51996E+000	0	0	0	0
0.0009024	3.25284E+000	0	0	0	0
0.0009040	3.00107E+000	0	0	0	0
0.0009056	2.79597E+000	0	0	0	0
0.0009072	2.57551E+000	0	0	0	0
0.0009088	2.39153E+000	0	0	0	0
0.0009104	2.21774E+000	0	0	0	0
0.0009120	2.05508E+000	0	0	0	0
0.0009136	1.91124E+000	0	0	0	0
0.0009152	1.75530E+000	0	0	0	0
0.0009168	1.60820E+000	0	0	0	0
0.0009184	1.49490E+000	0	0	0	0
0.0009200	1.38601E+000	0	0	0	0
0.0009216	1.28115E+000	0	0	0	0
0.0009232	1.18379E+000	0	0	0	0
0.0009248	1.09295E+000	0	0	0	0
0.0009264	9.84451E-001	0	0	0	0
0.0009280	8.65002E-001	0	0	0	0
0.0009296	7.85113E-001	0	0	0	0
0.0009312	7.06761E-001	0	0	0	0
0.0009328	6.37050E-001	0	0	0	0
0.0009344	5.93841E-001	0	0	0	0
0.0009360	5.49671E-001	0	0	0	0
0.0009376	4.87642E-001	0	0	0	0
0.0009392	4.82457E-001	0	0	0	0
0.0009408	4.59604E-001	0	0	0	0
0.0009424	4.39632E-001	0	0	0	0
0.0009440	4.28494E-001	0	0	0	0
0.0009456	4.15243E-001	0	0	0	0
0.0009472	3.95847E-001	0	0	0	0
0.0009488	3.99303E-001	0	0	0	0
0.0009504	3.80099E-001	0	0	0	0
0.0009520	3.76067E-001	0	0	0	0
0.0009536	3.59359E-001	0	0	0	0
0.0009552	3.58591E-001	0	0	0	0
0.0009568	3.50525E-001	0	0	0	0
0.0009584	3.50525E-001	0	0	0	0
0.0009600	3.43036E-001	0	0	0	0
0.0009616	3.42267E-001	0	0	0	0
0.0009632	3.45340E-001	0	0	0	0
0.0009648	3.41307E-001	0	0	0	0
0.0009664	3.50333E-001	0	0	0	0
0.0009680	3.45724E-001	0	0	0	0
0.0009696	3.37658E-001	0	0	0	0
0.0009712	3.42459E-001	0	0	0	0
0.0009728	3.39963E-001	0	0	0	0
0.0009744	3.34202E-001	0	0	0	0
0.0009760	3.46492E-001	0	0	0	0
0.0009776	3.43612E-001	0	0	0	0
0.0009792	3.38043E-001	0	0	0	0
0.0009808	3.40731E-001	0	0	0	0
0.0009824	3.23832E-001	0	0	0	0
0.0009840	3.35162E-001	0	0	0	0
0.0009856	3.42652E-001	0	0	0	0
0.0009872	3.25368E-001	0	0	0	0
0.0009888	3.28633E-001	0	0	0	0
0.0009904	3.14037E-001	0	0	0	0
0.0009920	3.09044E-001	0	0	0	0
0.0009936	2.99250E-001	0	0	0	0
0.0009951	3.14422E-001	0	0	0	0
0.0009968	1.04322E+000	0	0	0	0
0.0009984	4.25356E+000	0	0	0	0
0.0010000	5.56366E+000	0	1	TriggerDetected	0
0.0010016	7.00089E+000	0	0	0	0
0.0010032	7.59276E+000	0	0	0	0
0.0010048	7.73103E+000	0	0	0	0
0.0010064	7.68225E+000	0	0	0	0
0.0010080	7.49079E+000	0	0	0	0
0.0010096	7.22692E+000	0	0	0	0
0.0010112	6.93579E+000	0	0	0	0
0.0010127	6.60394E+000	0	0	0	0
0.0010144	6.17224E+000	0	0	0	0
0.0010160	5.75340E+000	0	0	0	0
0.0010176	5.32361E+000	0	0	0	0
0.0010192	4.92378E+000	0	0	0	0
0.0010208	4.54181E+000	0	0	0	0
0.0010224	4.19115E+000	0	0	0	0
0.0010240	3.86410E+000	0	0	0	0
0.0010256	3.55722E+000	0	0	0	0
0.0010272	3.28414E+000	0	0	0	0
0.0010288	3.03948E+000	0	0	0	0
0.0010303	2.79866E+000	0	0	0	0
0.0010320	2.60604E+000	0	0	0	0
0.0010336	2.41996E+000	0	0	0	0
0.0010352	2.24309E+000	0	0	0	0
0.0010368	2.07505E+000	0	0	0	0
0.0010384	1.91239E+000	0	0	0	0
0.0010399	1.78372E+000	0	0	0	0
0.0010416	1.63643E+000	0	0	0	0
0.0010432	1.51544E+000	0	0	0	0
0.0010448	1.39484E+000	0	0	0	0
0.0010464	1.29613E+000	0	0	0	0
0.0010480	1.19627E+000	0	0	0	0
0.0010496	1.11677E+000	0	0	0	0
0.0010512	9.93861E-001	0	0	0	0
0.0010528	8.93808E-001	0	0	0	0
0.0010544	8.06238E-001	0	0	0	0
0.0010560	7.24428E-001	0	0	0	0
0.0010575	6.36282E-001	0	0	0	0
0.0010592	6.08052E-001	0	0	0	0
0.0010608	5.50824E-001	0	0	0	0
0.0010624	5.20481E-001	0	0	0	0
0.0010640	4.74199E-001	0	0	0	0
0.0010656	4.48274E-001	0	0	0	0
0.0010672	4.15051E-001	0	0	0	0
0.0010688	4.15627E-001	0	0	0	0
0.0010704	4.06601E-001	0	0	0	0
0.0010720	3.86821E-001	0	0	0	0
0.0010736	3.69537E-001	0	0	0	0
0.0010751	3.54558E-001	0	0	0	0
0.0010768	3.54750E-001	0	0	0	0
0.0010784	3.59935E-001	0	0	0	0
0.0010800	3.58783E-001	0	0	0	0
0.0010816	3.57055E-001	0	0	0	0
0.0010832	3.60127E-001	0	0	0	0
0.0010848	3.58015E-001	0	0	0	0
0.0010864	3.49565E-001	0	0	0	0
0.0010880	3.51293E-001	0	0	0	0
0.0010896	3.41499E-001	0	0	0	0
0.0010912	3.41307E-001	0	0	0	0
0.0010928	3.34202E-001	0	0	0	0
0.0010944	3.28440E-001	0	0	0	0
0.0010960	3.36890E-001	0	0	0	0
0.0010976	3.36122E-001	0	0	0	0
0.0010992	3.36506E-001	0	0	0	0
0.0011008	3.49373E-001	0	0	0	0
0.0011023	3.15958E-001	0	0	0	0
0.0011040	3.27672E-001	0	0	0	0
0.0011056	3.29977E-001	0	0	0	0
0.0011072	3.22487E-001	0	0	0	0
0.0011088	3.22679E-001	0	0	0	0
0.0011104	3.21911E-001	0	0	0	0
0.0011120	3.34202E-001	0	0	0	0
0.0011136	3.25176E-001	0	0	0	0
0.0011152	3.34970E-001	0	0	0	0
0.0011168	3.30937E-001	0	0	0	0
0.0011184	3.17494E-001	0	0	0	0
0.0011199	3.19030E-001	0	0	0	0
0.0011216	7.42096E-001	0	0	0	0
0.0011232	4.03079E+000	0	0	0	0
0.0011248	5.22087E+000	0	1	TriggerDetected	0
0.0011264	6.64543E+000	0	0	0	0
0.0011280	7.41973E+000	0	0	0	0
0.0011296	7.60256E+000	0	0	0	0
0.0011312	7.64154E+000	0	0	0	0
0.0011328	7.56722E+000	0	0	0	0
0.0011344	7.34925E+000	0	0	0	0
0.0011360	7.00646E+000	0	0	0	0
0.0011375	6.60433E+000	0	0	0	0
0.0011392	6.20508E+000	0	0	0	0
0.0011408	5.77913E+000	0	0	0	0
0.0011424	5.36490E+000	0	0	0	0
0.0011440	4.98658E+000	0	0	0	0
0.0011456	4.60077E+000	0	0	0	0
0.0011472	4.22629E+000	0	0	0	0
0.0011488	3.90654E+000	0	0	0	0
0.0011504	3.59121E+000	0	0	0	0
0.0011520	3.29873E+000	0	0	0	0
0.0011536	3.05849E+000	0	0	0	0
0.0011552	2.83745E+000	0	0	0	0
0.0011568	2.61929E+000	0	0	0	0
0.0011584	2.44550E+000	0	0	0	0
0.0011600	2.25538E+000	0	0	0	0
0.0011616	2.08888E+000	0	0	0	0
0.0011632	1.92353E+000	0	0	0	0
0.0011647	1.78545E+000	0	0	0	0
0.0011664	1.64488E+000	0	0	0	0
0.0011680	1.52178E+000	0	0	0	0
0.0011696	1.39139E+000	0	0	0	0
0.0011712	1.29959E+000	0	0	0	0
0.0011728	1.21375E+000	0	0	0	0
0.0011744	1.09737E+000	0	0	0	0
0.0011760	1.00538E+000	0	0	0	0
0.0011776	8.97841E-001	0	0	0	0
0.0011792	8.17184E-001	0	0	0	0
0.0011808	7.26925E-001	0	0	0	0
0.0011823	6.49724E-001	0	0	0	0
0.0011840	6.02482E-001	0	0	0	0
0.0011856	5.50439E-001	0	0	0	0
0.0011872	5.16832E-001	0	0	0	0
0.0011888	4.88026E-001	0	0	0	0
0.0011904	4.47314E-001	0	0	0	0
0.0011920	4.24461E-001	0	0	0	0
0.0011936	4.19084E-001	0	0	0	0
0.0011952	4.08521E-001	0	0	0	0
0.0011968	3.90086E-001	0	0	0	0
0.0011984	3.81636E-001	0	0	0	0
0.0011999	3.77411E-001	0	0	0	0
0.0012016	3.49181E-001	0	0	0	0
0.0012032	3.51869E-001	0	0	0	0
0.0012048	3.56670E-001	0	0	0	0
0.0012064	3.51869E-001	0	0	0	0
0.0012080	3.44764E-001	0	0	0	0
0.0012096	3.49949E-001	0	0	0	0
0.0012112	3.33434E-001	0	0	0	0
0.0012128	3.40347E-001	0	0	0	0
0.0012144	3.37850E-001	0	0	0	0
0.0012160	3.42652E-001	0	0	0	0
0.0012176	3.43996E-001	0	0	0	0
0.0012192	3.32281E-001	0	0	0	0
0.0012208	3.44764E-001	0	0	0	0
0.0012224	3.43228E-001	0	0	0	0
0.0012240	3.41115E-001	0	0	0	0
0.0012256	3.35930E-001	0	0	0	0
0.0012271	3.21719E-001	0	0	0	0
0.0012288	3.35162E-001	0	0	0	0
0.0012304	3.36698E-001	0	0	0	0
0.0012320	3.15382E-001	0	0	0	0
0.0012336	3.29977E-001	0	0	0	0
0.0012352	3.29209E-001	0	0	0	0
0.0012368	3.26328E-001	0	0	0	0
0.0012384	3.21335E-001	0	0	0	0
0.0012400	3.35162E-001	0	0	0	0
0.0012416	3.34586E-001	0	0	0	0
0.0012432	3.19030E-001	0	0	0	0
0.0012447	3.16918E-001	0	0	0	0
0.0012464	4.72279E-001	0	0	0	0
0.0012480	3.81782E+000	0	0	0	0
0.0012496	5.18995E+000	0	1	TriggerDetected	0
0.0012512	6.61604E+000	0	0	0	0
0.0012528	7.46928E+000	0	0	0	0
0.0012544	7.64961E+000	0	0	0	0
0.0012560	7.66151E+000	0	0	0	0
0.0012576	7.52363E+000	0	0	0	0
0.0012592	7.27801E+000	0	0	0	0
0.0012608	6.98207E+000	0	0	0	0
0.0012623	6.71994E+000	0	0	0	0
0.0012640	6.30667E+000	0	0	0	0
0.0012656	5.86382E+000	0	0	0	0
0.0012672	5.45535E+000	0	0	0	0
0.0012688	5.05360E+000	0	0	0	0
0.0012704	4.66606E+000	0	0	0	0
0.0012720	4.29926E+000	0	0	0	0
0.0012736	3.95897E+000	0	0	0	0
0.0012752	3.62924E+000	0	0	0	0
0.0012768	3.37094E+000	0	0	0	0
0.0012784	3.10804E+000	0	0	0	0
0.0012800	2.88124E+000	0	0	0	0
0.0012816	2.66730E+000	0	0	0	0
0.0012832	2.47046E+000	0	0	0	0
0.0012848	2.29378E+000	0	0	0	0
0.0012864	2.11461E+000	0	0	0	0
0.0012880	1.96674E+000	0	0	0	0
0.0012895	1.81042E+000	0	0	0	0
0.0012912	1.68482E+000	0	0	0	0
0.0012928	1.54175E+000	0	0	0	0
0.0012944	1.42941E+000	0	0	0	0
0.0012960	1.31457E+000	0	0	0	0
0.0012976	1.23199E+000	0	0	0	0
0.0012992	1.13002E+000	0	0	0	0
0.0013008	1.00807E+000	0	0	0	0
0.0013024	9.14933E-001	0	0	0	0
0.0013040	8.22369E-001	0	0	0	0
0.0013056	7.27501E-001	0	0	0	0
0.0013071	6.71425E-001	0	0	0	0
0.0013088	6.13429E-001	0	0	0	0
0.0013104	5.55048E-001	0	0	0	0
0.0013120	5.04926E-001	0	0	0	0
0.0013136	4.84378E-001	0	0	0	0
0.0013152	4.50002E-001	0	0	0	0
0.0013168	4.33103E-001	0	0	0	0
0.0013184	4.08329E-001	0	0	0	0
0.0013200	3.96231E-001	0	0	0	0
0.0013216	3.87397E-001	0	0	0	0
0.0013232	3.75875E-001	0	0	0	0
0.0013247	3.89509E-001	0	0	0	0
0.0013264	3.68769E-001	0	0	0	0
0.0013280	3.65120E-001	0	0	0	0
0.0013296	3.52254E-001	0	0	0	0
0.0013312	3.37466E-001	0	0	0	0
0.0013328	3.49949E-001	0	0	0	0
0.0013344	3.39387E-001	0	0	0	0
0.0013360	3.37850E-001	0	0	0	0
0.0013376	3.34778E-001	0	0	0	0
0.0013392	3.21143E-001	0	0	0	0
0.0013408	3.33818E-001	0	0	0	0
0.0013424	3.35162E-001	0	0	0	0
0.0013440	3.31897E-001	0	0	0	0
0.0013456	3.28825E-001	0	0	0	0
0.0013472	3.26904E-001	0	0	0	0
0.0013488	3.38619E-001	0	0	0	0
0.0013504	3.22295E-001	0	0	0	0
0.0013519	3.26136E-001	0	0	0	0
0.0013536	3.30169E-001	0	0	0	0
0.0013552	3.29785E-001	0	0	0	0
0.0013568	3.21143E-001	0	0	0	0
0.0013584	3.26520E-001	0	0	0	0
0.0013600	3.35162E-001	0	0	0	0
0.0013616	3.28825E-001	0	0	0	0
0.0013632	3.18646E-001	0	0	0	0
0.0013648	3.19030E-001	0	0	0	0
0.0013664	3.33626E-001	0	0	0	0
0.0013680	3.10197E-001	0	0	0	0
0.0013695	3.22295E-001	0	0	0	0
0.0013712	3.75106E-001	0	0	0	0
0.0013728	3.45006E+000	0	0	0	0
0.0013744	4.94106E+000	0	0	0	0
0.0013760	6.49179E+000	0	1	TriggerDetected	0
0.0013776	7.58258E+000	0	0	0	0
0.0013792	7.80746E+000	0	0	0	0
0.0013808	7.79076E+000	0	0	0	0
0.0013824	7.62618E+000	0	0	0	0
0.0013840	7.35021E+000	0	0	0	0
0.0013856	7.00108E+000	0	0	0	0
0.0013872	6.63563E+000	0	0	0	0
0.0013888	6.24944E+000	0	0	0	0
0.0013904	5.95446E+000	0	0	0	0
0.0013920	5.53236E+000	0	0	0	0
0.0013936	5.11947E+000	0	0	0	0
0.0013952	4.70447E+000	0	0	0	0
0.0013967	4.34324E+000	0	0	0	0
0.0013984	3.98893E+000	0	0	0	0
0.0014000	3.67494E+000	0	0	0	0
0.0014016	3.39495E+000	0	0	0	0
0.0014032	3.13070E+000	0	0	0	0
0.0014048	2.89775E+000	0	0	0	0
0.0014064	2.67710E+000	0	0	0	0
0.0014080	2.48314E+000	0	0	0	0
0.0014096	2.30243E+000	0	0	0	0
0.0014112	2.12729E+000	0	0	0	0
0.0014128	1.97404E+000	0	0	0	0
0.0014143	1.84018E+000	0	0	0	0
0.0014160	1.68502E+000	0	0	0	0
0.0014176	1.54982E+000	0	0	0	0
0.0014192	1.43863E+000	0	0	0	0
0.0014208	1.32820E+000	0	0	0	0
0.0014224	1.24275E+000	0	0	0	0
0.0014240	1.13136E+000	0	0	0	0
0.0014256	1.02132E+000	0	0	0	0
0.0014272	9.13588E-001	0	0	0	0
0.0014288	8.26978E-001	0	0	0	0
0.0014304	7.26541E-001	0	0	0	0
0.0014319	6.55294E-001	0	0	0	0
0.0014336	5.94225E-001	0	0	0	0
0.0014352	5.61962E-001	0	0	0	0
0.0014368	5.17793E-001	0	0	0	0
0.0014384	4.79000E-001	0	0	0	0
0.0014400	4.66134E-001	0	0	0	0
0.0014416	4.47506E-001	0	0	0	0
0.0014432	4.32527E-001	0	0	0	0
0.0014448	4.01032E-001	0	0	0	0
0.0014464	3.92582E-001	0	0	0	0
0.0014480	4.01416E-001	0	0	0	0
0.0014496	3.68961E-001	0	0	0	0
0.0014512	3.75106E-001	0	0	0	0
0.0014528	3.59551E-001	0	0	0	0
0.0014544	3.52830E-001	0	0	0	0
0.0014560	3.67809E-001	0	0	0	0
0.0014576	3.53214E-001	0	0	0	0
0.0014591	3.42459E-001	0	0	0	0
0.0014608	3.35162E-001	0	0	0	0
0.0014624	3.34394E-001	0	0	0	0
0.0014640	3.33818E-001	0	0	0	0
0.0014656	3.43804E-001	0	0	0	0
0.0014672	3.30937E-001	0	0	0	0
0.0014688	3.18646E-001	0	0	0	0
0.0014704	3.39003E-001	0	0	0	0
0.0014720	3.35546E-001	0	0	0	0
0.0014736	3.30169E-001	0	0	0	0
0.0014752	3.38235E-001	0	0	0	0
0.0014767	3.31897E-001	0	0	0	0
0.0014784	3.30361E-001	0	0	0	0
0.0014800	3.11733E-001	0	0	0	0
0.0014816	3.30169E-001	0	0	0	0
0.0014832	3.17302E-001	0	0	0	0
0.0014848	3.25944E-001	0	0	0	0
0.0014864	3.21335E-001	0	0	0	0
0.0014880	3.27480E-001	0	0	0	0
0.0014896	3.37850E-001	0	0	0	0
0.0014912	3.44380E-001	0	0	0	0
0.0014928	3.29401E-001	0	0	0	0
0.0014943	3.11157E-001	0	0	0	0
0.0014960	3.39963E-001	0	0	0	0
0.0014976	3.01432E+000	0	0	0	0
0.0014992	4.77802E+000	0	0	0	0
0.0015008	6.13748E+000	0	1	TriggerDetected	0
0.0015024	7.24766E+000	0	0	0	0
0.0015040	7.53784E+000	0	0	0	0
0.0015056	7.61273E+000	0	0	0	0
0.0015072	7.52766E+000	0	0	0	0
0.0015088	7.36577E+000	0	0	0	0
0.0015104	7.14780E+000	0	0	0	0
0.0015120	6.78254E+000	0	0	0	0
0.0015136	6.36485E+000	0	0	0	0
0.0015152	5.94524E+000	0	0	0	0
0.0015168	5.51450E+000	0	0	0	0
0.0015184	5.12043E+000	0	0	0	0
0.0015200	4.73366E+000	0	0	0	0
0.0015215	4.37378E+000	0	0	0	0
0.0015232	4.01332E+000	0	0	0	0
0.0015248	3.68838E+000	0	0	0	0
0.0015264	3.41184E+000	0	0	0	0
0.0015280	3.16392E+000	0	0	0	0
0.0015296	2.90447E+000	0	0	0	0
0.0015312	2.70206E+000	0	0	0	0
0.0015328	2.51175E+000	0	0	0	0
0.0015344	2.31376E+000	0	0	0	0
0.0015360	2.15744E+000	0	0	0	0
0.0015376	1.97845E+000	0	0	0	0
0.0015391	1.84537E+000	0	0	0	0
0.0015408	1.69635E+000	0	0	0	0
0.0015424	1.56595E+000	0	0	0	0
0.0015440	1.46225E+000	0	0	0	0
0.0015456	1.33819E+000	0	0	0	0
0.0015472	1.26041E+000	0	0	0	0
0.0015488	1.15057E+000	0	0	0	0
0.0015504	1.05723E+000	0	0	0	0
0.0015520	9.41050E-001	0	0	0	0
0.0015536	8.48294E-001	0	0	0	0
0.0015552	7.51506E-001	0	0	0	0
0.0015567	6.86404E-001	0	0	0	0
0.0015584	6.33209E-001	0	0	0	0
0.0015600	5.74445E-001	0	0	0	0
0.0015616	5.30083E-001	0	0	0	0
0.0015632	5.05886E-001	0	0	0	0
0.0015648	4.60180E-001	0	0	0	0
0.0015664	4.44433E-001	0	0	0	0
0.0015680	4.40784E-001	0	0	0	0
0.0015696	4.12938E-001	0	0	0	0
0.0015712	3.88165E-001	0	0	0	0
0.0015728	3.88357E-001	0	0	0	0
0.0015744	3.81444E-001	0	0	0	0
0.0015760	3.74146E-001	0	0	0	0
0.0015776	3.59359E-001	0	0	0	0
0.0015792	3.65696E-001	0	0	0	0
0.0015808	3.73954E-001	0	0	0	0
0.0015824	3.60511E-001	0	0	0	0
0.0015839	3.59743E-001	0	0	0	0
0.0015856	3.35162E-001	0	0	0	0
0.0015872	3.39003E-001	0	0	0	0
0.0015888	3.45916E-001	0	0	0	0
0.0015904	3.43420E-001	0	0	0	0
0.0015920	3.27672E-001	0	0	0	0
0.0015936	3.21143E-001	0	0	0	0
0.0015952	3.29593E-001	0	0	0	0
0.0015968	3.34202E-001	0	0	0	0
0.0015984	3.27480E-001	0	0	0	0
0.0016000	3.33818E-001	0	0	0	0
0.0016015	3.17686E-001	0	0	0	0
0.0016032	3.31897E-001	0	0	0	0
0.0016048	3.36698E-001	0	0	0	0
0.0016064	3.15382E-001	0	0	0	0
0.0016080	3.23255E-001	0	0	0	0
0.0016096	3.27672E-001	0	0	0	0
0.0016112	3.28056E-001	0	0	0	0
0.0016128	3.18646E-001	0	0	0	0
0.0016144	3.18646E-001	0	0	0	0
0.0016160	3.15574E-001	0	0	0	0
0.0016176	3.18262E-001	0	0	0	0
0.0016191	3.28633E-001	0	0	0	0
0.0016208	3.17878E-001	0	0	0	0
0.0016224	2.27362E+000	0	0	0	0
0.0016240	4.49073E+000	0	0	0	0
0.0016256	5.93046E+000	0	1	TriggerDetected	0
0.0016272	7.18736E+000	0	0	0	0
0.0016288	7.52939E+000	0	0	0	0
0.0016304	7.64884E+000	0	0	0	0
0.0016320	7.61907E+000	0	0	0	0
0.0016336	7.48157E+000	0	0	0	0
0.0016352	7.20734E+000	0	0	0	0
0.0016368	6.82114E+000	0	0	0	0
0.0016384	6.41325E+000	0	0	0	0
0.0016400	6.00324E+000	0	0	0	0
0.0016416	5.58478E+000	0	0	0	0
0.0016432	5.18745E+000	0	0	0	0
0.0016448	4.78321E+000	0	0	0	0
0.0016464	4.41353E+000	0	0	0	0
0.0016480	4.06382E+000	0	0	0	0
0.0016496	3.74830E+000	0	0	0	0
0.0016512	3.43623E+000	0	0	0	0
0.0016528	3.19177E+000	0	0	0	0
0.0016544	2.95498E+000	0	0	0	0
0.0016560	2.74220E+000	0	0	0	0
0.0016576	2.53960E+000	0	0	0	0
0.0016592	2.34256E+000	0	0	0	0
0.0016608	2.18010E+000	0	0	0	0
0.0016624	2.01379E+000	0	0	0	0
0.0016640	1.87110E+000	0	0	0	0
0.0016656	1.73322E+000	0	0	0	0
0.0016672	1.58957E+000	0	0	0	0
0.0016688	1.46705E+000	0	0	0	0
0.0016704	1.35106E+000	0	0	0	0
0.0016720	1.25811E+000	0	0	0	0
0.0016736	1.15786E+000	0	0	0	0
0.0016752	1.06261E+000	0	0	0	0
0.0016768	9.60254E-001	0	0	0	0
0.0016784	8.54056E-001	0	0	0	0
0.0016800	7.49970E-001	0	0	0	0
0.0016816	6.94854E-001	0	0	0	0
0.0016832	6.33209E-001	0	0	0	0
0.0016848	5.65995E-001	0	0	0	0
0.0016864	5.32964E-001	0	0	0	0
0.0016880	4.94556E-001	0	0	0	0
0.0016896	4.70551E-001	0	0	0	0
0.0016912	4.50578E-001	0	0	0	0
0.0016928	4.36943E-001	0	0	0	0
0.0016944	4.07561E-001	0	0	0	0
0.0016960	3.99303E-001	0	0	0	0
0.0016976	3.99496E-001	0	0	0	0
0.0016992	3.80484E-001	0	0	0	0
0.0017008	3.67809E-001	0	0	0	0
0.0017024	3.53982E-001	0	0	0	0
0.0017040	3.71074E-001	0	0	0	0
0.0017056	3.60127E-001	0	0	0	0
0.0017072	3.61471E-001	0	0	0	0
0.0017088	3.57631E-001	0	0	0	0
0.0017104	3.49373E-001	0	0	0	0
0.0017120	3.53406E-001	0	0	0	0
0.0017136	3.43228E-001	0	0	0	0
0.0017152	3.49373E-001	0	0	0	0
0.0017168	3.42075E-001	0	0	0	0
0.0017184	3.37466E-001	0	0	0	0
0.0017200	3.36314E-001	0	0	0	0
0.0017216	3.43228E-001	0	0	0	0
0.0017232	3.42652E-001	0	0	0	0
0.0017248	3.50141E-001	0	0	0	0
0.0017264	3.37274E-001	0	0	0	0
0.0017280	3.29017E-001	0	0	0	0
0.0017296	3.40923E-001	0	0	0	0
0.0017312	3.45724E-001	0	0	0	0
0.0017328	3.33434E-001	0	0	0	0
0.0017344	3.33242E-001	0	0	0	0
0.0017360	3.14806E-001	0	0	0	0
0.0017376	3.18070E-001	0	0	0	0
0.0017392	3.24984E-001	0	0	0	0
0.0017408	3.19223E-001	0	0	0	0
0.0017424	3.14806E-001	0	0	0	0
0.0017440	3.21527E-001	0	0	0	0
0.0017456	3.21143E-001	0	0	0	0
0.0017472	1.92968E+000	0	0	0	0
0.0017488	4.45885E+000	0	0	0	0
0.0017504	5.78662E+000	0	1	TriggerDetected	0
0.0017520	7.08001E+000	0	0	0	0
0.0017536	7.51691E+000	0	0	0	0
0.0017552	7.65114E+000	0	0	0	0
0.0017568	7.58700E+000	0	0	0	0
0.0017584	7.41340E+000	0	0	0	0
0.0017600	7.15145E+000	0	0	0	0
0.0017616	6.90660E+000	0	0	0	0
0.0017632	6.52271E+000	0	0	0	0
0.0017648	6.07506E+000	0	0	0	0
0.0017664	5.65814E+000	0	0	0	0
0.0017680	5.25351E+000	0	0	0	0
0.0017696	4.85580E+000	0	0	0	0
0.0017712	4.47153E+000	0	0	0	0
0.0017728	4.12355E+000	0	0	0	0
0.0017744	3.78728E+000	0	0	0	0
0.0017760	3.50575E+000	0	0	0	0
0.0017776	3.22172E+000	0	0	0	0
0.0017792	2.98398E+000	0	0	0	0
0.0017808	2.75526E+000	0	0	0	0
0.0017824	2.56091E+000	0	0	0	0
0.0017840	2.37156E+000	0	0	0	0
0.0017856	2.20276E+000	0	0	0	0
0.0017872	2.03818E+000	0	0	0	0
0.0017888	1.88339E+000	0	0	0	0
0.0017904	1.73648E+000	0	0	0	0
0.0017920	1.60013E+000	0	0	0	0
0.0017936	1.45399E+000	0	0	0	0
0.0017952	1.36412E+000	0	0	0	0
0.0017968	1.27251E+000	0	0	0	0
0.0017984	1.17208E+000	0	0	0	0
0.0018000	1.07106E+000	0	0	0	0
0.0018016	9.54493E-001	0	0	0	0
0.0018032	8.60393E-001	0	0	0	0
0.0018048	7.80120E-001	0	0	0	0
0.0018064	6.97159E-001	0	0	0	0
0.0018080	6.38010E-001	0	0	0	0
0.0018096	5.70796E-001	0	0	0	0
0.0018112	5.33732E-001	0	0	0	0
0.0018128	4.91675E-001	0	0	0	0
0.0018144	4.58452E-001	0	0	0	0
0.0018160	4.41744E-001	0	0	0	0
0.0018176	4.16971E-001	0	0	0	0
0.0018192	4.06601E-001	0	0	0	0
0.0018208	3.90470E-001	0	0	0	0
0.0018224	3.93158E-001	0	0	0	0
0.0018240	3.63584E-001	0	0	0	0
0.0018256	3.69537E-001	0	0	0	0
0.0018272	3.69537E-001	0	0	0	0
0.0018288	3.52062E-001	0	0	0	0
0.0018304	3.74722E-001	0	0	0	0
0.0018320	3.46492E-001	0	0	0	0
0.0018336	3.65888E-001	0	0	0	0
0.0018352	3.70305E-001	0	0	0	0
0.0018368	3.41115E-001	0	0	0	0
0.0018384	3.44572E-001	0	0	0	0
0.0018400	3.43612E-001	0	0	0	0
0.0018416	3.40731E-001	0	0	0	0
0.0018432	3.27480E-001	0	0	0	0
0.0018448	3.31705E-001	0	0	0	0
0.0018464	3.29593E-001	0	0	0	0
0.0018480	3.30553E-001	0	0	0	0
0.0018496	3.13461E-001	0	0	0	0
0.0018512	3.16534E-001	0	0	0	0
0.0018528	3.14037E-001	0	0	0	0
0.0018544	3.17686E-001	0	0	0	0
0.0018560	3.19223E-001	0	0	0	0
0.0018576	3.12117E-001	0	0	0	0
0.0018592	3.31129E-001	0	0	0	0
0.0018608	3.41691E-001	0	0	0	0
0.0018624	3.27672E-001	0	0	0	0
0.0018640	3.21143E-001	0	0	0	0
0.0018656	3.19991E-001	0	0	0	0
0.0018672	3.15382E-001	0	0	0	0
0.0018688	3.25944E-001	0	0	0	0
0.0018704	3.29209E-001	0	0	0	0
0.0018720	1.42653E+000	0	0	0	0
0.0018736	4.38511E+000	0	0	0	0
0.0018752	5.73995E+000	0	1	TriggerDetected	0
0.0018768	7.19409E+000	0	0	0	0
0.0018784	7.69416E+000	0	0	0	0
0.0018800	7.80842E+000	0	0	0	0
0.0018816	7.70376E+000	0	0	0	0
0.0018832	7.49905E+000	0	0	0	0
0.0018848	7.19255E+000	0	0	0	0
0.0018864	6.83132E+000	0	0	0	0
0.0018880	6.48219E+000	0	0	0	0
0.0018896	6.15572E+000	0	0	0	0
0.0018912	5.74917E+000	0	0	0	0
0.0018928	5.30152E+000	0	0	0	0
0.0018944	4.90477E+000	0	0	0	0
0.0018960	4.50820E+000	0	0	0	0
0.0018976	4.14544E+000	0	0	0	0
0.0018992	3.82089E+000	0	0	0	0
0.0019008	3.54378E+000	0	0	0	0
0.0019024	3.25975E+000	0	0	0	0
0.0019040	3.00875E+000	0	0	0	0
0.0019056	2.81671E+000	0	0	0	0
0.0019072	2.59241E+000	0	0	0	0
0.0019088	2.41016E+000	0	0	0	0
0.0019104	2.21255E+000	0	0	0	0
0.0019120	2.05930E+000	0	0	0	0
0.0019136	1.89242E+000	0	0	0	0
0.0019152	1.76971E+000	0	0	0	0
0.0019168	1.61511E+000	0	0	0	0
0.0019184	1.48779E+000	0	0	0	0
0.0019200	1.38639E+000	0	0	0	0
0.0019216	1.28019E+000	0	0	0	0
0.0019232	1.16574E+000	0	0	0	0
0.0019248	1.06012E+000	0	0	0	0
0.0019264	9.66207E-001	0	0	0	0
0.0019280	8.91312E-001	0	0	0	0
0.0019296	7.84345E-001	0	0	0	0
0.0019312	7.13866E-001	0	0	0	0
0.0019328	6.39162E-001	0	0	0	0
0.0019344	5.80206E-001	0	0	0	0
0.0019360	5.36805E-001	0	0	0	0
0.0019376	5.03197E-001	0	0	0	0
0.0019392	4.62293E-001	0	0	0	0
0.0019408	4.54035E-001	0	0	0	0
0.0019424	4.45009E-001	0	0	0	0
0.0019440	4.18700E-001	0	0	0	0
0.0019456	4.02952E-001	0	0	0	0
0.0019472	3.92390E-001	0	0	0	0
0.0019488	3.92582E-001	0	0	0	0
0.0019504	3.74338E-001	0	0	0	0
0.0019520	3.60127E-001	0	0	0	0
0.0019536	3.69537E-001	0	0	0	0
0.0019552	3.61664E-001	0	0	0	0
0.0019568	3.51101E-001	0	0	0	0
0.0019584	3.47068E-001	0	0	0	0
0.0019600	3.51485E-001	0	0	0	0
0.0019616	3.53982E-001	0	0	0	0
0.0019632	3.56863E-001	0	0	0	0
0.0019648	3.43612E-001	0	0	0	0
0.0019664	3.37274E-001	0	0	0	0
0.0019680	3.48029E-001	0	0	0	0
0.0019696	3.41691E-001	0	0	0	0
0.0019712	3.43612E-001	0	0	0	0
0.0019727	3.33626E-001	0	0	0	0
0.0019744	3.27672E-001	0	0	0	0
0.0019760	3.24600E-001	0	0	0	0
0.0019776	3.30169E-001	0	0	0	0
0.0019792	3.39579E-001	0	0	0	0
0.0019808	3.41499E-001	0	0	0	0
0.0019824	3.31513E-001	0	0	0	0
0.0019840	3.17494E-001	0	0	0	0
0.0019856	3.23639E-001	0	0	0	0
0.0019872	3.32857E-001	0	0	0	0
0.0019888	3.26712E-001	0	0	0	0
0.0019903	3.24792E-001	0	0	0	0
0.0019920	3.17494E-001	0	0	0	0
0.0019936	3.19799E-001	0	0	0	0
0.0019952	3.16534E-001	0	0	0	0
0.0019968	9.97702E-001	0	0	0	0
0.0019984	4.33767E+000	0	0	0	0
0.0020000	5.65142E+000	0	1	TriggerDetected	0
0.0020016	6.99206E+000	0	0	0	0
0.0020032	7.54379E+000	0	0	0	0
0.0020048	7.67745E+000	0	0	0	0
0.0020064	7.64461E+000	0	0	0	0
0.0020079	7.47235E+000	0	0	0	0
0.0020096	7.17219E+000	0	0	0	0
0.0020112	6.85629E+000	0	0	0	0
0.0020128	6.58512E+000	0	0	0	0
0.0020144	6.19797E+000	0	0	0	0
0.0020160	5.76012E+000	0	0	0	0
0.0020176	5.32899E+000	0	0	0	0
0.0020192	4.93953E+000	0	0	0	0
0.0020208	4.54969E+000	0	0	0	0
0.0020224	4.19825E+000	0	0	0	0
0.0020240	3.84970E+000	0	0	0	0
0.0020255	3.55895E+000	0	0	0	0
0.0020272	3.28913E+000	0	0	0	0
0.0020288	3.04486E+000	0	0	0	0
0.0020304	2.81594E+000	0	0	0	0
0.0020320	2.61814E+000	0	0	0	0
0.0020336	2.42015E+000	0	0	0	0
0.0020352	2.23329E+000	0	0	0	0
0.0020368	2.08734E+000	0	0	0	0
0.0020384	1.93006E+000	0	0	0	0
0.0020400	1.78065E+000	0	0	0	0
0.0020416	1.64430E+000	0	0	0	0
0.0020431	1.50949E+000	0	0	0	0
0.0020448	1.38543E+000	0	0	0	0
0.0020464	1.29460E+000	0	0	0	0
0.0020480	1.20664E+000	0	0	0	0
0.0020496	1.10524E+000	0	0	0	0
0.0020512	9.89060E-001	0	0	0	0
0.0020528	8.89583E-001	0	0	0	0
0.0020544	8.07966E-001	0	0	0	0
0.0020560	7.29613E-001	0	0	0	0
0.0020576	6.58558E-001	0	0	0	0
0.0020592	6.07091E-001	0	0	0	0
0.0020607	5.47943E-001	0	0	0	0
0.0020624	5.02813E-001	0	0	0	0
0.0020640	4.84185E-001	0	0	0	0
0.0020656	4.43665E-001	0	0	0	0
0.0020672	4.36559E-001	0	0	0	0
0.0020688	4.28686E-001	0	0	0	0
0.0020704	4.12938E-001	0	0	0	0
0.0020720	4.00456E-001	0	0	0	0
0.0020736	3.75875E-001	0	0	0	0
0.0020752	3.79523E-001	0	0	0	0
0.0020768	3.83556E-001	0	0	0	0
0.0020784	3.56670E-001	0	0	0	0
0.0020799	3.57823E-001	0	0	0	0
0.0020816	3.55710E-001	0	0	0	0
0.0020832	3.75683E-001	0	0	0	0
0.0020848	3.52062E-001	0	0	0	0
0.0020864	3.59167E-001	0	0	0	0
0.0020880	3.59359E-001	0	0	0	0
0.0020896	3.40731E-001	0	0	0	0
0.0020912	3.43036E-001	0	0	0	0
0.0020928	3.47453E-001	0	0	0	0
0.0020944	3.43804E-001	0	0	0	0
0.0020960	3.36506E-001	0	0	0	0
0.0020975	3.12309E-001	0	0	0	0
0.0020992	3.22295E-001	0	0	0	0
0.0021008	3.24408E-001	0	0	0	0
0.0021024	3.23063E-001	0	0	0	0
0.0021040	3.35930E-001	0	0	0	0
0.0021056	3.11349E-001	0	0	0	0
0.0021072	3.28633E-001	0	0	0	0
0.0021088	3.21719E-001	0	0	0	0
0.0021104	3.22487E-001	0	0	0	0
0.0021120	3.27672E-001	0	0	0	0
0.0021136	3.40347E-001	0	0	0	0
0.0021151	3.46684E-001	0	0	0	0
0.0021168	3.30361E-001	0	0	0	0
0.0021184	3.18646E-001	0	0	0	0
0.0021200	3.14998E-001	0	0	0	0
0.0021216	6.56830E-001	0	0	0	0
0.0021232	4.07976E+000	0	0	0	0
0.0021248	5.38007E+000	0	1	TriggerDetected	0
0.0021264	6.79234E+000	0	0	0	0
0.0021280	7.50461E+000	0	0	0	0
0.0021296	7.66939E+000	0	0	0	0
0.0021312	7.65710E+000	0	0	0	0
0.0021327	7.49789E+000	0	0	0	0
0.0021344	7.24075E+000	0	0	0	0
0.0021360	6.93982E+000	0	0	0	0
0.0021376	6.66002E+000	0	0	0	0
0.0021392	6.23907E+000	0	0	0	0
0.0021408	5.80947E+000	0	0	0	0
0.0021424	5.37392E+000	0	0	0	0
0.0021440	4.99292E+000	0	0	0	0
0.0021456	4.59520E+000	0	0	0	0
0.0021472	4.24300E+000	0	0	0	0
0.0021488	3.89310E+000	0	0	0	0
0.0021503	3.59697E+000	0	0	0	0
0.0021520	3.31698E+000	0	0	0	0
0.0021536	3.06252E+000	0	0	0	0
0.0021552	2.85166E+000	0	0	0	0
0.0021568	2.63312E+000	0	0	0	0
0.0021584	2.44991E+000	0	0	0	0
0.0021600	2.25768E+000	0	0	0	0
0.0021616	2.08408E+000	0	0	0	0
0.0021632	1.93909E+000	0	0	0	0
0.0021648	1.78737E+000	0	0	0	0
0.0021664	1.67061E+000	0	0	0	0
0.0021679	1.51775E+000	0	0	0	0
0.0021696	1.41097E+000	0	0	0	0
0.0021712	1.30593E+000	0	0	0	0
0.0021728	1.20357E+000	0	0	0	0
0.0021744	1.11562E+000	0	0	0	0
0.0021760	1.01114E+000	0	0	0	0
0.0021776	8.94384E-001	0	0	0	0
0.0021792	8.06814E-001	0	0	0	0
0.0021808	7.27693E-001	0	0	0	0
0.0021824	6.51645E-001	0	0	0	0
0.0021840	5.98066E-001	0	0	0	0
0.0021856	5.47175E-001	0	0	0	0
0.0021872	5.16832E-001	0	0	0	0
0.0021888	4.85146E-001	0	0	0	0
0.0021904	4.65173E-001	0	0	0	0
0.0021920	4.39248E-001	0	0	0	0
0.0021936	4.10058E-001	0	0	0	0
0.0021952	4.08906E-001	0	0	0	0
0.0021968	3.90662E-001	0	0	0	0
0.0021984	3.76259E-001	0	0	0	0
0.0022000	3.75875E-001	0	0	0	0
0.0022016	3.57247E-001	0	0	0	0
0.0022032	3.57439E-001	0	0	0	0
0.0022047	3.75490E-001	0	0	0	0
0.0022064	3.69921E-001	0	0	0	0
0.0022080	3.53214E-001	0	0	0	0
0.0022096	3.55134E-001	0	0	0	0
0.0022112	3.56286E-001	0	0	0	0
0.0022128	3.40923E-001	0	0	0	0
0.0022144	3.50909E-001	0	0	0	0
0.0022160	3.48029E-001	0	0	0	0
0.0022176	3.47837E-001	0	0	0	0
0.0022192	3.40923E-001	0	0	0	0
0.0022208	3.45340E-001	0	0	0	0
0.0022223	3.34970E-001	0	0	0	0
0.0022240	3.33626E-001	0	0	0	0
0.0022256	3.31129E-001	0	0	0	0
0.0022272	3.16918E-001	0	0	0	0
0.0022288	3.29401E-001	0	0	0	0
0.0022304	3.37274E-001	0	0	0	0
0.0022320	3.30361E-001	0	0	0	0
0.0022336	3.36122E-001	0	0	0	0
0.0022352	3.29401E-001	0	0	0	0
0.0022368	3.29209E-001	0	0	0	0
0.0022384	3.20951E-001	0	0	0	0
0.0022399	3.32281E-001	0	0	0	0
0.0022416	3.14229E-001	0	0	0	0
0.0022432	3.19991E-001	0	0	0	0
0.0022448	3.16918E-001	0	0	0	0
0.0022464	5.23746E-001	0	0	0	0
0.0022480	3.86410E+000	0	0	0	0
0.0022496	5.25313E+000	0	1	TriggerDetected	0
0.0022512	6.60375E+000	0	0	0	0
0.0022528	7.44931E+000	0	0	0	0
0.0022544	7.61811E+000	0	0	0	0
0.0022560	7.62829E+000	0	0	0	0
0.0022575	7.49751E+000	0	0	0	0
0.0022592	7.24306E+000	0	0	0	0
0.0022608	6.94866E+000	0	0	0	0
0.0022624	6.68038E+000	0	0	0	0
0.0022640	6.28112E+000	0	0	0	0
0.0022656	5.87073E+000	0	0	0	0
0.0022672	5.43518E+000	0	0	0	0
0.0022688	5.04765E+000	0	0	0	0
0.0022704	4.64743E+000	0	0	0	0
0.0022720	4.27929E+000	0	0	0	0
0.0022736	3.94917E+000	0	0	0	0
0.0022751	3.62328E+000	0	0	0	0
0.0022768	3.35135E+000	0	0	0	0
0.0022784	3.08845E+000	0	0	0	0
0.0022800	2.86722E+000	0	0	0	0
0.0022816	2.64119E+000	0	0	0	0
0.0022832	2.46604E+000	0	0	0	0
0.0022848	2.25903E+000	0	0	0	0
0.0022864	2.09445E+000	0	0	0	0
0.0022880	1.95675E+000	0	0	0	0
0.0022896	1.81503E+000	0	0	0	0
0.0022912	1.68213E+000	0	0	0	0
0.0022927	1.52255E+000	0	0	0	0
0.0022944	1.41577E+000	0	0	0	0
0.0022960	1.32071E+000	0	0	0	0
0.0022976	1.21183E+000	0	0	0	0
0.0022992	1.11120E+000	0	0	0	0
0.0023008	1.00538E+000	0	0	0	0
0.0023024	9.03794E-001	0	0	0	0
0.0023040	8.16992E-001	0	0	0	0
0.0023056	7.33070E-001	0	0	0	0
0.0023072	6.53181E-001	0	0	0	0
0.0023088	6.09972E-001	0	0	0	0
0.0023104	5.59081E-001	0	0	0	0
0.0023120	5.06846E-001	0	0	0	0
0.0023136	4.81881E-001	0	0	0	0
0.0023152	4.57876E-001	0	0	0	0
0.0023168	4.40976E-001	0	0	0	0
0.0023184	3.99880E-001	0	0	0	0
0.0023200	4.02184E-001	0	0	0	0
0.0023216	4.15435E-001	0	0	0	0
0.0023232	4.02760E-001	0	0	0	0
0.0023248	3.80099E-001	0	0	0	0
0.0023264	3.68385E-001	0	0	0	0
0.0023280	3.67425E-001	0	0	0	0
0.0023295	3.75106E-001	0	0	0	0
0.0023312	3.77603E-001	0	0	0	0
0.0023328	3.41115E-001	0	0	0	0
0.0023344	3.53598E-001	0	0	0	0
0.0023360	3.61087E-001	0	0	0	0
0.0023376	3.43804E-001	0	0	0	0
0.0023392	3.33434E-001	0	0	0	0
0.0023408	3.45340E-001	0	0	0	0
0.0023424	3.21143E-001	0	0	0	0
0.0023440	3.45148E-001	0	0	0	0
0.0023456	3.27288E-001	0	0	0	0
0.0023471	3.30553E-001	0	0	0	0
0.0023488	3.31321E-001	0	0	0	0
0.0023504	3.28440E-001	0	0	0	0
0.0023520	3.10965E-001	0	0	0	0
0.0023536	3.11925E-001	0	0	0	0
0.0023552	3.20183E-001	0	0	0	0
0.0023568	3.15958E-001	0	0	0	0
0.0023584	3.14229E-001	0	0	0	0
0.0023600	3.24984E-001	0	0	0	0
0.0023616	3.21719E-001	0	0	0	0
0.0023632	3.16726E-001	0	0	0	0
0.0023647	3.16726E-001	0	0	0	0
0.0023664	3.15766E-001	0	0	0	0
0.0023680	3.23832E-001	0	0	0	0
0.0023696	3.09044E-001	0	0	0	0
0.0023712	3.39963E-001	0	0	0	0
0.0023728	3.32908E+000	0	0	0	0
0.0023744	4.79492E+000	0	0	0	0
0.0023760	6.22985E+000	0	1	TriggerDetected	0
0.0023776	7.27532E+000	0	0	0	0
0.0023792	7.54878E+000	0	0	0	0
0.0023808	7.64212E+000	0	0	0	0
0.0023823	7.64442E+000	0	0	0	0
0.0023840	7.43260E+000	0	0	0	0
0.0023856	7.07886E+000	0	0	0	0
0.0023872	6.68499E+000	0	0	0	0
0.0023888	6.30763E+000	0	0	0	0
0.0023904	5.89243E+000	0	0	0	0
0.0023920	5.49568E+000	0	0	0	0
0.0023936	5.07933E+000	0	0	0	0
0.0023952	4.69717E+000	0	0	0	0
0.0023968	4.34727E+000	0	0	0	0
0.0023984	3.97798E+000	0	0	0	0
0.0023999	3.67859E+000	0	0	0	0
0.0024016	3.39130E+000	0	0	0	0
0.0024032	3.12513E+000	0	0	0	0
0.0024048	2.88431E+000	0	0	0	0
0.0024064	2.68209E+000	0	0	0	0
0.0024080	2.48544E+000	0	0	0	0
0.0024096	2.30204E+000	0	0	0	0
0.0024112	2.12556E+000	0	0	0	0
0.0024128	1.95906E+000	0	0	0	0
0.0024144	1.83654E+000	0	0	0	0
0.0024160	1.68809E+000	0	0	0	0
0.0024175	1.55769E+000	0	0	0	0
0.0024192	1.42422E+000	0	0	0	0
0.0024208	1.31860E+000	0	0	0	0
0.0024224	1.24006E+000	0	0	0	0
0.0024240	1.13347E+000	0	0	0	0
0.0024256	1.03803E+000	0	0	0	0
0.0024272	9.18197E-001	0	0	0	0
0.0024288	8.22369E-001	0	0	0	0
0.0024304	7.40176E-001	0	0	0	0
0.0024320	6.64512E-001	0	0	0	0
0.0024336	6.12469E-001	0	0	0	0
0.0024352	5.49479E-001	0	0	0	0
0.0024367	5.21825E-001	0	0	0	0
0.0024384	4.96284E-001	0	0	0	0
0.0024400	4.59220E-001	0	0	0	0
0.0024416	4.37328E-001	0	0	0	0
0.0024432	4.24461E-001	0	0	0	0
0.0024448	3.90086E-001	0	0	0	0
0.0024464	4.01800E-001	0	0	0	0
0.0024480	3.86245E-001	0	0	0	0
0.0024496	3.80291E-001	0	0	0	0
0.0024512	3.86245E-001	0	0	0	0
0.0024528	3.68769E-001	0	0	0	0
0.0024543	3.68001E-001	0	0	0	0
0.0024560	3.52254E-001	0	0	0	0
0.0024576	3.50141E-001	0	0	0	0
0.0024592	3.52254E-001	0	0	0	0
0.0024608	3.37850E-001	0	0	0	0
0.0024624	3.28633E-001	0	0	0	0
0.0024640	3.40155E-001	0	0	0	0
0.0024656	3.40155E-001	0	0	0	0
0.0024672	3.35354E-001	0	0	0	0
0.0024688	3.39195E-001	0	0	0	0
0.0024704	3.40923E-001	0	0	0	0
0.0024719	3.32665E-001	0	0	0	0
0.0024736	3.45148E-001	0	0	0	0
0.0024752	3.22679E-001	0	0	0	0
0.0024768	3.34586E-001	0	0	0	0
0.0024784	3.35930E-001	0	0	0	0
0.0024800	3.23447E-001	0	0	0	0
0.0024816	3.16534E-001	0	0	0	0
0.0024832	3.28825E-001	0	0	0	0
0.0024848	3.28056E-001	0	0	0	0
0.0024864	3.17686E-001	0	0	0	0
0.0024880	3.14614E-001	0	0	0	0
0.0024895	3.28248E-001	0	0	0	0
0.0024912	3.28440E-001	0	0	0	0
0.0024928	3.11157E-001	0	0	0	0
0.0024944	3.35162E-001	0	0	0	0
0.0024960	3.33818E-001	0	0	0	0
0.0024976	2.96919E+000	0	0	0	0
0.0024992	4.86137E+000	0	0	0	0
0.0025008	6.38002E+000	0	1	TriggerDetected	0
0.0025024	7.53265E+000	0	0	0	0
0.0025040	7.79748E+000	0	0	0	0
0.0025056	7.82916E+000	0	0	0	0
0.0025071	7.66247E+000	0	0	0	0
0.0025088	7.38517E+000	0	0	0	0
0.0025104	7.04160E+000	0	0	0	0
0.0025120	6.67385E+000	0	0	0	0
0.0025136	6.33816E+000	0	0	0	0
0.0025152	6.00171E+000	0	0	0	0
0.0025168	5.58728E+000	0	0	0	0
0.0025184	5.14002E+000	0	0	0	0
0.0025200	4.75306E+000	0	0	0	0
0.0025216	4.37070E+000	0	0	0	0
0.0025232	4.04251E+000	0	0	0	0
0.0025247	3.70471E+000	0	0	0	0
0.0025264	3.43239E+000	0	0	0	0
0.0025280	3.16834E+000	0	0	0	0
0.0025296	2.92310E+000	0	0	0	0
0.0025312	2.71800E+000	0	0	0	0
0.0025328	2.52154E+000	0	0	0	0
0.0025344	2.33507E+000	0	0	0	0
0.0025360	2.15993E+000	0	0	0	0
0.0025376	2.00073E+000	0	0	0	0
0.0025392	1.85804E+000	0	0	0	0
0.0025408	1.69923E+000	0	0	0	0
0.0025424	1.57075E+000	0	0	0	0
0.0025440	1.45437E+000	0	0	0	0
0.0025456	1.34184E+000	0	0	0	0
0.0025472	1.25350E+000	0	0	0	0
0.0025488	1.14577E+000	0	0	0	0
0.0025504	1.03208E+000	0	0	0	0
0.0025520	9.25687E-001	0	0	0	0
0.0025536	8.38308E-001	0	0	0	0
0.0025552	7.52658E-001	0	0	0	0
0.0025568	6.84100E-001	0	0	0	0
0.0025584	6.16501E-001	0	0	0	0
0.0025600	5.69644E-001	0	0	0	0
0.0025615	5.32580E-001	0	0	0	0
0.0025632	5.00893E-001	0	0	0	0
0.0025648	4.68822E-001	0	0	0	0
0.0025664	4.28494E-001	0	0	0	0
0.0025680	4.28110E-001	0	0	0	0
0.0025696	4.07753E-001	0	0	0	0
0.0025712	3.97383E-001	0	0	0	0
0.0025728	3.88741E-001	0	0	0	0
0.0025744	3.78947E-001	0	0	0	0
0.0025760	3.63392E-001	0	0	0	0
0.0025776	3.65504E-001	0	0	0	0
0.0025791	3.72226E-001	0	0	0	0
0.0025808	3.54942E-001	0	0	0	0
0.0025824	3.46876E-001	0	0	0	0
0.0025840	3.56670E-001	0	0	0	0
0.0025856	3.49949E-001	0	0	0	0
0.0025872	3.44572E-001	0	0	0	0
0.0025888	3.43804E-001	0	0	0	0
0.0025904	3.34778E-001	0	0	0	0
0.0025920	3.48989E-001	0	0	0	0
0.0025936	3.43612E-001	0	0	0	0
0.0025952	3.41883E-001	0	0	0	0
0.0025967	3.19607E-001	0	0	0	0
0.0025984	3.38043E-001	0	0	0	0
0.0026000	3.28633E-001	0	0	0	0
0.0026016	3.32665E-001	0	0	0	0
0.0026032	3.21911E-001	0	0	0	0
0.0026048	3.33049E-001	0	0	0	0
0.0026064	3.18454E-001	0	0	0	0
0.0026080	3.28825E-001	0	0	0	0
0.0026096	3.30169E-001	0	0	0	0
0.0026112	3.24792E-001	0	0	0	0
0.0026128	3.16150E-001	0	0	0	0
0.0026143	3.08276E-001	0	0	0	0
0.0026160	3.07700E-001	0	0	0	0
0.0026176	3.19991E-001	0	0	0	0
0.0026192	3.17686E-001	0	0	0	0
0.0026208	2.96562E-001	0	0	0	0
0.0026224	2.42495E+000	0	0	0	0
0.0026240	4.70485E+000	0	0	0	0
0.0026256	6.12250E+000	0	1	TriggerDetected	0
0.0026272	7.29375E+000	0	0	0	0
0.0026288	7.58374E+000	0	0	0	0
0.0026304	7.67668E+000	0	0	0	0
0.0026319	7.57644E+000	0	0	0	0
0.0026336	7.37633E+000	0	0	0	0
0.0026352	7.09826E+000	0	0	0	0
0.0026368	6.82229E+000	0	0	0	0
0.0026384	6.44205E+000	0	0	0	0
0.0026400	6.00017E+000	0	0	0	0
0.0026416	5.56789E+000	0	0	0	0
0.0026432	5.17516E+000	0	0	0	0
0.0026448	4.79761E+000	0	0	0	0
0.0026464	4.41276E+000	0	0	0	0
0.0026480	4.05076E+000	0	0	0	0
0.0026495	3.74350E+000	0	0	0	0
0.0026512	3.43182E+000	0	0	0	0
0.0026528	3.17602E+000	0	0	0	0
0.0026544	2.93616E+000	0	0	0	0
0.0026560	2.73164E+000	0	0	0	0
0.0026576	2.52404E+000	0	0	0	0
0.0026592	2.34986E+000	0	0	0	0
0.0026608	2.18086E+000	0	0	0	0
0.0026624	2.02147E+000	0	0	0	0
0.0026640	1.86419E+000	0	0	0	0
0.0026656	1.72400E+000	0	0	0	0
0.0026672	1.57863E+000	0	0	0	0
0.0026688	1.45265E+000	0	0	0	0
0.0026704	1.35106E+000	0	0	0	0
0.0026720	1.25580E+000	0	0	0	0
0.0026736	1.15825E+000	0	0	0	0
0.0026752	1.05589E+000	0	0	0	0
0.0026768	9.53149E-001	0	0	0	0
0.0026784	8.46182E-001	0	0	0	0
0.0026800	7.66485E-001	0	0	0	0
0.0026816	6.66624E-001	0	0	0	0
0.0026832	6.04019E-001	0	0	0	0
0.0026848	5.71756E-001	0	0	0	0
0.0026863	5.27395E-001	0	0	0	0
0.0026880	4.94748E-001	0	0	0	0
0.0026896	4.67286E-001	0	0	0	0
0.0026912	4.51347E-001	0	0	0	0
0.0026928	4.25997E-001	0	0	0	0
0.0026944	4.00840E-001	0	0	0	0
0.0026960	3.96615E-001	0	0	0	0
0.0026976	4.04297E-001	0	0	0	0
0.0026992	3.89701E-001	0	0	0	0
0.0027008	3.70497E-001	0	0	0	0
0.0027024	3.61664E-001	0	0	0	0
0.0027039	3.52062E-001	0	0	0	0
0.0027056	3.59359E-001	0	0	0	0
0.0027072	3.41691E-001	0	0	0	0
0.0027088	3.48029E-001	0	0	0	0
0.0027104	3.37850E-001	0	0	0	0
0.0027120	3.33242E-001	0	0	0	0
0.0027136	3.34010E-001	0	0	0	0
0.0027152	3.56863E-001	0	0	0	0
0.0027168	3.37658E-001	0	0	0	0
0.0027184	3.29977E-001	0	0	0	0
0.0027200	3.28825E-001	0	0	0	0
0.0027215	3.20759E-001	0	0	0	0
0.0027232	3.36698E-001	0	0	0	0
0.0027248	3.25752E-001	0	0	0	0
0.0027264	3.22295E-001	0	0	0	0
0.0027280	3.18646E-001	0	0	0	0
0.0027296	3.15958E-001	0	0	0	0
0.0027312	3.16342E-001	0	0	0	0
0.0027328	3.08084E-001	0	0	0	0
0.0027344	3.14614E-001	0	0	0	0
0.0027360	3.07700E-001	0	0	0	0
0.0027376	3.23447E-001	0	0	0	0
0.0027391	3.20951E-001	0	0	0	0
0.0027408	3.19415E-001	0	0	0	0
0.0027424	3.24600E-001	0	0	0	0
0.0027440	3.10965E-001	0	0	0	0
0.0027456	3.01747E-001	0	0	0	0
0.0027472	2.05412E+000	0	0	0	0
0.0027488	4.55065E+000	0	0	0	0
0.0027504	5.88917E+000	0	1	TriggerDetected	0
0.0027520	7.13474E+000	0	0	0	0
0.0027536	7.52439E+000	0	0	0	0
0.0027552	7.63578E+000	0	0	0	0
0.0027567	7.58623E+000	0	0	0	0
0.0027584	7.38958E+000	0	0	0	0
0.0027600	7.14704E+000	0	0	0	0
0.0027616	6.87779E+000	0	0	0	0
0.0027632	6.48546E+000	0	0	0	0
0.0027648	6.04626E+000	0	0	0	0
0.0027664	5.61724E+000	0	0	0	0
0.0027680	5.22778E+000	0	0	0	0
0.0027696	4.83160E+000	0	0	0	0
0.0027712	4.44330E+000	0	0	0	0
0.0027728	4.08994E+000	0	0	0	0
0.0027744	3.76136E+000	0	0	0	0
0.0027760	3.46658E+000	0	0	0	0
0.0027776	3.21443E+000	0	0	0	0
0.0027792	2.96266E+000	0	0	0	0
0.0027808	2.76582E+000	0	0	0	0
0.0027824	2.56667E+000	0	0	0	0
0.0027840	2.38443E+000	0	0	0	0
0.0027856	2.19123E+000	0	0	0	0
0.0027872	2.02915E+000	0	0	0	0
0.0027888	1.89396E+000	0	0	0	0
0.0027904	1.73015E+000	0	0	0	0
0.0027920	1.59418E+000	0	0	0	0
0.0027935	1.47243E+000	0	0	0	0
0.0027952	1.36508E+000	0	0	0	0
0.0027968	1.25888E+000	0	0	0	0
0.0027984	1.16343E+000	0	0	0	0
0.0028000	1.05570E+000	0	0	0	0
0.0028016	9.38554E-001	0	0	0	0
0.0028032	8.66538E-001	0	0	0	0
0.0028048	7.70326E-001	0	0	0	0
0.0028064	6.91973E-001	0	0	0	0
0.0028080	6.28600E-001	0	0	0	0
0.0028096	5.74060E-001	0	0	0	0
0.0028111	5.35844E-001	0	0	0	0
0.0028128	4.98589E-001	0	0	0	0
0.0028144	4.70935E-001	0	0	0	0
0.0028160	4.40976E-001	0	0	0	0
0.0028176	4.32911E-001	0	0	0	0
0.0028192	4.13707E-001	0	0	0	0
0.0028208	3.96423E-001	0	0	0	0
0.0028224	3.78371E-001	0	0	0	0
0.0028240	3.79139E-001	0	0	0	0
0.0028256	3.86053E-001	0	0	0	0
0.0028272	3.89317E-001	0	0	0	0
0.0028287	3.54558E-001	0	0	0	0
0.0028304	3.63392E-001	0	0	0	0
0.0028320	3.57823E-001	0	0	0	0
0.0028336	3.39387E-001	0	0	0	0
0.0028352	3.65120E-001	0	0	0	0
0.0028368	3.39003E-001	0	0	0	0
0.0028384	3.48029E-001	0	0	0	0
0.0028400	3.39195E-001	0	0	0	0
0.0028416	3.36506E-001	0	0	0	0
0.0028432	3.21911E-001	0	0	0	0
0.0028448	3.34010E-001	0	0	0	0
0.0028463	3.28440E-001	0	0	0	0
0.0028480	3.32857E-001	0	0	0	0
0.0028496	3.39003E-001	0	0	0	0
0.0028512	3.31513E-001	0	0	0	0
0.0028528	3.29209E-001	0	0	0	0
0.0028544	3.30937E-001	0	0	0	0
0.0028560	3.31897E-001	0	0	0	0
0.0028576	3.18838E-001	0	0	0	0
0.0028592	3.34778E-001	0	0	0	0
0.0028608	3.27864E-001	0	0	0	0
0.0028624	3.06356E-001	0	0	0	0
0.0028639	3.17110E-001	0	0	0	0
0.0028656	3.32665E-001	0	0	0	0
0.0028672	3.29977E-001	0	0	0	0
0.0028688	3.29209E-001	0	0	0	0
0.0028704	3.25176E-001	0	0	0	0
0.0028720	1.43920E+000	0	0	0	0
0.0028736	4.31309E+000	0	0	0	0
0.0028752	5.58555E+000	0	1	TriggerDetected	0
0.0028768	6.94674E+000	0	0	0	0
0.0028784	7.47312E+000	0	0	0	0
0.0028800	7.62426E+000	0	0	0	0
0.0028815	7.64884E+000	0	0	0	0
0.0028832	7.55359E+000	0	0	0	0
0.0028848	7.26495E+000	0	0	0	0
0.0028864	6.89681E+000	0	0	0	0
0.0028880	6.50773E+000	0	0	0	0
0.0028896	6.08083E+000	0	0	0	0
0.0028912	5.69290E+000	0	0	0	0
0.0028928	5.28002E+000	0	0	0	0
0.0028944	4.88230E+000	0	0	0	0
0.0028960	4.50820E+000	0	0	0	0
0.0028976	4.15024E+000	0	0	0	0
0.0028992	3.82531E+000	0	0	0	0
0.0029008	3.51228E+000	0	0	0	0
0.0029024	3.24611E+000	0	0	0	0
0.0029040	3.00069E+000	0	0	0	0
0.0029056	2.77581E+000	0	0	0	0
0.0029072	2.57071E+000	0	0	0	0
0.0029088	2.40037E+000	0	0	0	0
0.0029104	2.22081E+000	0	0	0	0
0.0029120	2.03895E+000	0	0	0	0
0.0029136	1.88551E+000	0	0	0	0
0.0029152	1.75991E+000	0	0	0	0
0.0029168	1.60436E+000	0	0	0	0
0.0029183	1.49336E+000	0	0	0	0
0.0029200	1.39388E+000	0	0	0	0
0.0029216	1.28403E+000	0	0	0	0
0.0029232	1.18782E+000	0	0	0	0
0.0029248	1.07874E+000	0	0	0	0
0.0029264	9.82723E-001	0	0	0	0
0.0029280	8.65386E-001	0	0	0	0
0.0029296	7.73975E-001	0	0	0	0
0.0029312	6.86788E-001	0	0	0	0
0.0029328	6.34553E-001	0	0	0	0
0.0029344	5.79054E-001	0	0	0	0
0.0029359	5.31043E-001	0	0	0	0
0.0029376	4.89947E-001	0	0	0	0
0.0029392	4.58836E-001	0	0	0	0
0.0029408	4.44241E-001	0	0	0	0
0.0029424	4.26189E-001	0	0	0	0
0.0029440	4.01032E-001	0	0	0	0
0.0029456	3.98151E-001	0	0	0	0
0.0029472	4.02952E-001	0	0	0	0
0.0029488	3.80484E-001	0	0	0	0
0.0029504	3.63392E-001	0	0	0	0
0.0029520	3.59359E-001	0	0	0	0
0.0029535	3.42459E-001	0	0	0	0
0.0029552	3.58015E-001	0	0	0	0
0.0029568	3.46684E-001	0	0	0	0
0.0029584	3.35930E-001	0	0	0	0
0.0029600	3.40731E-001	0	0	0	0
0.0029616	3.47260E-001	0	0	0	0
0.0029632	3.32473E-001	0	0	0	0
0.0029648	3.33626E-001	0	0	0	0
0.0029664	3.43036E-001	0	0	0	0
0.0029680	3.17494E-001	0	0	0	0
0.0029696	3.30937E-001	0	0	0	0
0.0029711	3.20375E-001	0	0	0	0
0.0029728	3.24600E-001	0	0	0	0
0.0029744	3.20759E-001	0	0	0	0
0.0029760	3.28248E-001	0	0	0	0
0.0029776	3.34202E-001	0	0	0	0
0.0029792	3.25752E-001	0	0	0	0
0.0029808	3.23832E-001	0	0	0	0
0.0029824	3.20759E-001	0	0	0	0
0.0029840	3.07700E-001	0	0	0	0
0.0029856	3.05204E-001	0	0	0	0
0.0029872	3.17686E-001	0	0	0	0
0.0029887	3.30937E-001	0	0	0	0
0.0029904	3.21335E-001	0	0	0	0
0.0029920	3.30937E-001	0	0	0	0
0.0029936	3.15382E-001	0	0	0	0
0.0029952	3.21911E-001	0	0	0	0
0.0029968	1.11562E+000	0	0	0	0
0.0029984	4.21899E+000	0	0	0	0
0.0030000	5.50778E+000	0	1	TriggerDetected	0
0.0030016	6.87261E+000	0	0	0	0
0.0030032	7.48752E+000	0	0	0	0
0.0030048	7.64730E+000	0	0	0	0
0.0030063	7.62406E+000	0	0	0	0
0.0030080	7.47043E+000	0	0	0	0
0.0030096	7.27935E+000	0	0	0	0
0.0030112	6.97919E+000	0	0	0	0
0.0030128	6.57821E+000	0	0	0	0
0.0030144	6.15630E+000	0	0	0	0
0.0030160	5.72978E+000	0	0	0	0
0.0030176	5.33667E+000	0	0	0	0
0.0030192	4.94126E+000	0	0	0	0
0.0030208	4.54777E+000	0	0	0	0
0.0030224	4.19499E+000	0	0	0	0
0.0030240	3.85085E+000	0	0	0	0
0.0030255	3.54320E+000	0	0	0	0
0.0030272	3.27358E+000	0	0	0	0
0.0030288	3.03007E+000	0	0	0	0
0.0030304	2.80173E+000	0	0	0	0
0.0030320	2.60028E+000	0	0	0	0
0.0030336	2.41880E+000	0	0	0	0
0.0030352	2.23694E+000	0	0	0	0
0.0030368	2.05623E+000	0	0	0	0
0.0030384	1.91508E+000	0	0	0	0
0.0030400	1.78584E+000	0	0	0	0
0.0030416	1.64450E+000	0	0	0	0
0.0030431	1.49566E+000	0	0	0	0
0.0030448	1.38850E+000	0	0	0	0
0.0030464	1.28922E+000	0	0	0	0
0.0030480	1.19128E+000	0	0	0	0
0.0030496	1.09334E+000	0	0	0	0
0.0030512	9.93093E-001	0	0	0	0
0.0030528	8.77869E-001	0	0	0	0
0.0030544	7.90490E-001	0	0	0	0
0.0030560	7.16555E-001	0	0	0	0
0.0030576	6.43963E-001	0	0	0	0
0.0030592	5.96529E-001	0	0	0	0
0.0030607	5.37957E-001	0	0	0	0
0.0030624	5.09343E-001	0	0	0	0
0.0030640	4.85530E-001	0	0	0	0
0.0030656	4.49426E-001	0	0	0	0
0.0030672	4.17739E-001	0	0	0	0
0.0030688	4.08137E-001	0	0	0	0
0.0030704	4.02184E-001	0	0	0	0
0.0030720	3.88933E-001	0	0	0	0
0.0030736	3.69345E-001	0	0	0	0
0.0030752	3.65888E-001	0	0	0	0
0.0030768	3.70305E-001	0	0	0	0
0.0030783	3.68001E-001	0	0	0	0
0.0030800	3.53022E-001	0	0	0	0
0.0030816	3.42267E-001	0	0	0	0
0.0030832	3.57055E-001	0	0	0	0
0.0030848	3.54750E-001	0	0	0	0
0.0030864	3.56094E-001	0	0	0	0
0.0030880	3.56863E-001	0	0	0	0
0.0030896	3.27480E-001	0	0	0	0
0.0030912	3.38235E-001	0	0	0	0
0.0030928	3.27672E-001	0	0	0	0
0.0030944	3.26520E-001	0	0	0	0
0.0030959	3.24024E-001	0	0	0	0
0.0030976	3.16918E-001	0	0	0	0
0.0030992	3.34970E-001	0	0	0	0
0.0031008	3.33626E-001	0	0	0	0
0.0031024	3.31897E-001	0	0	0	0
0.0031040	3.27480E-001	0	0	0	0
0.0031056	3.34970E-001	0	0	0	0
0.0031072	3.30745E-001	0	0	0	0
0.0031088	3.15190E-001	0	0	0	0
0.0031104	3.24984E-001	0	0	0	0
0.0031120	3.19799E-001	0	0	0	0
0.0031135	3.22103E-001	0	0	0	0
0.0031152	3.14037E-001	0	0	0	0
0.0031168	3.07316E-001	0	0	0	0
0.0031184	3.07316E-001	0	0	0	0
0.0031200	3.05204E-001	0	0	0	0
0.0031216	7.23852E-001	0	0	0	0
0.0031232	4.11798E+000	0	0	0	0
0.0031248	5.40580E+000	0	1	TriggerDetected	0
0.0031264	6.74106E+000	0	0	0	0
0.0031280	7.46563E+000	0	0	0	0
0.0031296	7.62560E+000	0	0	0	0
0.0031312	7.63482E+000	0	0	0	0
0.0031328	7.47831E+000	0	0	0	0
0.0031344	7.24190E+000	0	0	0	0
0.0031360	6.99859E+000	0	0	0	0
0.0031376	6.64658E+000	0	0	0	0
0.0031392	6.23004E+000	0	0	0	0
0.0031408	5.79853E+000	0	0	0	0
0.0031424	5.36720E+000	0	0	0	0
0.0031440	4.96219E+000	0	0	0	0
0.0031456	4.60115E+000	0	0	0	0
0.0031472	4.22667E+000	0	0	0	0
0.0031488	3.88138E+000	0	0	0	0
0.0031503	3.57258E+000	0	0	0	0
0.0031520	3.31467E+000	0	0	0	0
0.0031536	3.05580E+000	0	0	0	0
0.0031552	2.82804E+000	0	0	0	0
0.0031568	2.60835E+000	0	0	0	0
0.0031584	2.42437E+000	0	0	0	0
0.0031600	2.25019E+000	0	0	0	0
0.0031616	2.07428E+000	0	0	0	0
0.0031632	1.92795E+000	0	0	0	0
0.0031648	1.79698E+000	0	0	0	0
0.0031664	1.64411E+000	0	0	0	0
0.0031679	1.50776E+000	0	0	0	0
0.0031696	1.41155E+000	0	0	0	0
0.0031712	1.29575E+000	0	0	0	0
0.0031728	1.17668E+000	0	0	0	0
0.0031744	1.10601E+000	0	0	0	0
0.0031760	9.85796E-001	0	0	0	0
0.0031776	8.93616E-001	0	0	0	0
0.0031792	7.92987E-001	0	0	0	0
0.0031808	7.03112E-001	0	0	0	0
0.0031824	6.30328E-001	0	0	0	0
0.0031840	6.07668E-001	0	0	0	0
0.0031855	5.53896E-001	0	0	0	0
0.0031872	5.02237E-001	0	0	0	0
0.0031888	4.74968E-001	0	0	0	0
0.0031904	4.61717E-001	0	0	0	0
0.0031920	4.25421E-001	0	0	0	0
0.0031936	4.06217E-001	0	0	0	0
0.0031952	3.85285E-001	0	0	0	0
0.0031968	3.76643E-001	0	0	0	0
0.0031984	3.88933E-001	0	0	0	0
