Meter S/N:, 0484C15R
Sensor, Thermo, Single, ENB075, PM-Pro 150 LP
Date, 6/4/2015 3:08:29 PM
Units, W
Cursor, 0.0008095, 0.0017408, 23354.24218750, -1739.13043478
Timestamp, Measurement, Sequence, Flags, FlagsInterpreted, Period
0.0008095, 1.30493557453156, 506, 0, 0, 0
0.0008112, 1.95234537124634, 507, 0, 0, 0
0.0008128, 0.916489601135254, 508, 0, 0, 0
0.0008144, 0.182758405804634, 509, 0, 0, 0
0.0008160, 1.04597163200378, 510, 0, 0, 0
0.0008176, 1.39125680923462, 511, 0, 0, 0
0.0008192, 0.743846952915192, 512, 0, 0, 0
0.0008208, 0.873328924179077, 513, 0, 0, 0
0.0008224, 0.355401039123535, 514, 0, 0, 0
0.0008240, 0.614364981651306, 515, 0, 0, 0
0.0008256, 0.398561716079712, 516, 0, 0, 0
0.0008272, 0.182758405804634, 517, 0, 0, 0
0.0008288, 1.34809613227844, 518, 0, 0, 0
0.0008304, 0.528043687343597, 519, 0, 0, 0
0.0008320, 0.787007629871368, 520, 0, 0, 0
0.0008336, 0.830168306827545, 521, 0, 0, 0
0.0008352, 1.00281095504761, 522, 0, 0, 0
0.0008368, 1.08913218975067, 523, 0, 0, 0
0.0008384, 1.52073884010315, 524, 0, 0, 0
0.0008400, 1.2186142206192, 525, 0, 0, 0
0.0008416, 0.312240391969681, 526, 0, 0, 0
0.0008432, 2.34079122543335, 527, 0, 0, 0
0.0008448, 1.69338142871857, 528, 0, 0, 0
0.0008464, 1.47757816314697, 529, 0, 0, 0
0.0008480, 0.484883010387421, 530, 0, 0, 0
0.0008496, 1.17545354366302, 531, 0, 0, 0
0.0008512, 1.4344174861908, 532, 0, 0, 0
0.0008528, 1.69338142871857, 533, 0, 0, 0
0.0008544, 0.0532764382660389, 534, 0, 0, 0
0.0008560, 0.873328924179077, 535, 0, 0, 0
0.0008576, 1.34809613227844, 536, 0, 0, 0
0.0008592, 2.29763078689575, 537, 0, 0, 0
0.0008608, 1.86602413654327, 538, 0, 0, 0
0.0008624, 2.03866672515869, 539, 0, 0, 0
0.0008640, 1.65022075176239, 540, 0, 0, 0
0.0008656, 1.00281095504761, 541, 0, 0, 0
0.0008672, 0.959650278091431, 542, 0, 0, 0
0.0008688, 0.182758405804634, 543, 0, 0, 0
0.0008704, 0.441722363233566, 544, 0, 0, 0
0.0008720, 0.830168306827545, 545, 0, 0, 0
0.0008736, 1.2186142206192, 546, 0, 0, 0
0.0008752, 1.26177489757538, 547, 0, 0, 0
0.0008768, -0.119366198778152, 548, 0, 0, 0
0.0008784, 0.657525658607483, 549, 0, 0, 0
0.0008800, -0.205687507987022, 550, 0, 0, 0
0.0008816, 0.182758405804634, 551, 0, 0, 0
0.0008832, 1.26177489757538, 552, 0, 0, 0
0.0008848, 1.30493557453156, 553, 0, 0, 0
0.0008864, 0.571204364299774, 554, 0, 0, 0
0.0008880, 1.56389951705933, 555, 0, 0, 0
0.0008896, 0.0101157790049911, 556, 0, 0, 0
0.0008912, 1.13229286670685, 557, 0, 0, 0
0.0008928, 0.916489601135254, 558, 0, 0, 0
0.0008944, 0.657525658607483, 559, 0, 0, 0
0.0008960, 0.441722363233566, 560, 0, 0, 0
0.0008976, 1.65022075176239, 561, 0, 0, 0
0.0008992, 1.17545354366302, 562, 0, 0, 0
0.0009008, 1.30493557453156, 563, 0, 0, 0
0.0009024, 1.17545354366302, 564, 0, 0, 0
0.0009040, 1.73654210567474, 565, 0, 0, 0
0.0009056, 1.08913218975067, 566, 0, 0, 0
0.0009072, 0.441722363233566, 567, 0, 0, 0
0.0009088, 0.355401039123535, 568, 0, 0, 0
0.0009104, 0.70068633556366, 569, 0, 0, 0
0.0009120, -0.378330141305923, 570, 0, 0, 0
0.0009136, 0.787007629871368, 571, 0, 0, 0
0.0009152, 1.17545354366302, 572, 0, 0, 0
0.0009168, 1.17545354366302, 573, 0, 0, 0
0.0009184, 1.99550604820251, 574, 0, 0, 0
0.0009200, 2.2113094329834, 575, 0, 0, 0
0.0009216, 2.29763078689575, 576, 0, 0, 0
0.0009232, 2.2113094329834, 577, 0, 0, 0
0.0009248, 1.65022075176239, 578, 0, 0, 0
0.0009264, 1.13229286670685, 579, 0, 0, 0
0.0009280, 1.04597163200378, 580, 0, 0, 0
0.0009296, 0.571204364299774, 581, 0, 0, 0
0.0009312, 0.787007629871368, 582, 0, 0, 0
0.0009328, 1.65022075176239, 583, 0, 0, 0
0.0009344, 1.34809613227844, 584, 0, 0, 0
0.0009360, 0.614364981651306, 585, 0, 0, 0
0.0009376, 1.73654210567474, 586, 0, 0, 0
0.0009392, 1.34809613227844, 587, 0, 0, 0
0.0009408, 1.52073884010315, 588, 0, 0, 0
0.0009424, 1.04597163200378, 589, 0, 0, 0
0.0009440, 1.56389951705933, 590, 0, 0, 0
0.0009456, 1.73654210567474, 591, 0, 0, 0
0.0009472, 2.4271125793457, 592, 0, 0, 0
0.0009488, 1.56902325153351, 593, 0, 0, 0
0.0009504, 1.2186142206192, 594, 0, 0, 0
0.0009520, 1.69338142871857, 595, 0, 0, 0
0.0009536, 1.95234537124634, 596, 0, 0, 0
0.0009552, 1.99550604820251, 597, 0, 0, 0
0.0009568, 1.34809613227844, 598, 0, 0, 0
0.0009584, 1.6070601940155, 599, 0, 0, 0
0.0009600, 2.47027325630188, 600, 0, 0, 0
0.0009616, 2.59975528717041, 601, 0, 0, 0
0.0009632, 2.12498807907104, 602, 0, 0, 0
0.0009648, 2.77239799499512, 603, 0, 0, 0
0.0009664, 1.08913218975067, 604, 0, 0, 0
0.0009680, 1.90918469429016, 605, 0, 0, 0
0.0009696, 1.30493557453156, 606, 0, 0, 0
0.0009712, 2.64291596412659, 607, 0, 0, 0
0.0009728, 1.39125680923462, 608, 0, 0, 0
0.0009744, 2.98820114135742, 609, 0, 0, 0
0.0009760, 2.38395190238953, 610, 0, 0, 0
0.0009776, 1.6070601940155, 611, 0, 0, 0
0.0009792, 1.8228634595871, 612, 0, 0, 0
0.0009808, 2.81555867195129, 613, 0, 0, 0
0.0009824, 2.90187978744507, 614, 0, 0, 0
0.0009840, 2.81555867195129, 615, 0, 0, 0
0.0009856, 3.76509308815002, 616, 0, 0, 0
0.0009872, 3.20400452613831, 617, 0, 0, 0
0.0009888, 3.85141444206238, 618, 0, 0, 0
0.0009904, 3.63561105728149, 619, 0, 0, 0
0.0009920, 3.11768317222595, 620, 0, 0, 0
0.0009936, 3.24716520309448, 621, 0, 0, 0
0.0009951, 3.85141444206238, 622, 0, 0, 0
0.0009968, 4.62830638885498, 623, 0, 0, 0
0.0009984, 154.179992675781, 624, 0, 0, 0
0.0010000, 9590.4375, 625, 1, TriggerDetected, 0
0.0010016, 15901.3466796875, 626, 0, 0, 0
0.0010032, 13835.5478515625, 627, 0, 0, 0
0.0010048, 12443.9189453125, 628, 0, 0, 0
0.0010064, 17108.765625, 629, 0, 0, 0
0.0010080, 16088.232421875, 630, 0, 0, 0
0.0010096, 17758.89453125, 631, 0, 0, 0
0.0010112, 17906.892578125, 632, 0, 0, 0
0.0010127, 20255.39453125, 633, 0, 0, 0
0.0010144, 18532.162109375, 634, 0, 0, 0
0.0010160, 20122.67578125, 635, 0, 0, 0
0.0010176, 20123.5390625, 636, 0, 0, 0
0.0010192, 20330.96875, 637, 0, 0, 0
0.0010208, 19436.8515625, 638, 0, 0, 0
0.0010224, 20557.173828125, 639, 0, 0, 0
0.0010240, 20238.90625, 640, 0, 0, 0
0.0010256, 18846.888671875, 641, 0, 0, 0
0.0010272, 21241.744140625, 642, 0, 0, 0
0.0010288, 19760.6875, 643, 0, 0, 0
0.0010303, 21269.583984375, 644, 0, 0, 0
0.0010320, 21794.6328125, 645, 0, 0, 0
0.0010336, 19530.251953125, 646, 0, 0, 0
0.0010352, 21059.822265625, 647, 0, 0, 0
0.0010368, 22237.072265625, 648, 0, 0, 0
0.0010384, 19529.259765625, 649, 0, 0, 0
0.0010399, 22601.564453125, 650, 0, 0, 0
0.0010416, 20401.966796875, 651, 0, 0, 0
0.0010432, 20262.6875, 652, 0, 0, 0
0.0010448, 23210.734375, 653, 0, 0, 0
0.0010464, 20865.90234375, 654, 0, 0, 0
0.0010480, 20839.0546875, 655, 0, 0, 0
0.0010496, 22080.35546875, 656, 0, 0, 0
0.0010512, 20906.255859375, 657, 0, 0, 0
0.0010528, 23131.318359375, 658, 0, 0, 0
0.0010544, 20084.435546875, 659, 0, 0, 0
0.0010560, 24159.017578125, 660, 0, 0, 0
0.0010575, 22776.75390625, 661, 0, 0, 0
0.0010592, 20993.65625, 662, 0, 0, 0
0.0010608, 24461.615234375, 663, 0, 0, 0
0.0010624, 20673.060546875, 664, 0, 0, 0
0.0010640, 26182.86328125, 665, 0, 0, 0
0.0010656, 21598.423828125, 666, 0, 0, 0
0.0010672, 19969.412109375, 667, 0, 0, 0
0.0010688, 21856.0078125, 668, 0, 0, 0
0.0010704, 22350.541015625, 669, 0, 0, 0
0.0010720, 25071.345703125, 670, 0, 0, 0
0.0010736, 21244.119140625, 671, 0, 0, 0
0.0010751, 22419.771484375, 672, 0, 0, 0
0.0010768, 24941.51953125, 673, 0, 0, 0
0.0010784, 19886.888671875, 674, 0, 0, 0
0.0010800, 24481.16796875, 675, 0, 0, 0
0.0010816, 24104.50390625, 676, 0, 0, 0
0.0010832, 21630.751953125, 677, 0, 0, 0
0.0010848, 22266.939453125, 678, 0, 0, 0
0.0010864, 25204.23828125, 679, 0, 0, 0
0.0010880, 24058.927734375, 680, 0, 0, 0
0.0010896, 24437.4453125, 681, 0, 0, 0
0.0010912, 22836.57421875, 682, 0, 0, 0
0.0010928, 28407.923828125, 683, 0, 0, 0
0.0010944, 18096.84375, 684, 0, 0, 0
0.0010960, 26331.681640625, 685, 0, 0, 0
0.0010976, 26180.1875, 686, 0, 0, 0
0.0010992, 19209.1796875, 687, 0, 0, 0
0.0011008, 23938.078125, 688, 0, 0, 0
0.0011023, 24126.560546875, 689, 0, 0, 0
0.0011040, 19926.423828125, 690, 0, 0, 0
0.0011056, 27397.447265625, 691, 0, 0, 0
0.0011072, 25666.013671875, 692, 0, 0, 0
0.0011088, 21363.19921875, 693, 0, 0, 0
0.0011104, 24720.1484375, 694, 0, 0, 0
0.0011120, 23846.96484375, 695, 0, 0, 0
0.0011136, 23946.580078125, 696, 0, 0, 0
0.0011152, 25133.669921875, 697, 0, 0, 0
0.0011168, 22455.5078125, 698, 0, 0, 0
0.0011184, 23320.87890625, 699, 0, 0, 0
0.0011199, 24319.271484375, 700, 0, 0, 0
0.0011216, 20387.681640625, 701, 0, 0, 0
0.0011232, 26452.228515625, 702, 0, 0, 0
0.0011248, 23794.1796875, 703, 0, 0, 0
0.0011264, 25157.927734375, 704, 0, 0, 0
0.0011280, 25061.591796875, 705, 0, 0, 0
0.0011296, 22052.86328125, 706, 0, 0, 0
0.0011312, 22887.287109375, 707, 0, 0, 0
0.0011328, 24155.390625, 708, 0, 0, 0
0.0011344, 24068.552734375, 709, 0, 0, 0
0.0011360, 24848.767578125, 710, 0, 0, 0
0.0011375, 23794.568359375, 711, 0, 0, 0
0.0011392, 19981.58203125, 712, 0, 0, 0
0.0011408, 30168.447265625, 713, 0, 0, 0
0.0011424, 20111.064453125, 714, 0, 0, 0
0.0011440, 26937.484375, 715, 0, 0, 0
0.0011456, 19079.87109375, 716, 0, 0, 0
0.0011472, 29987.474609375, 717, 0, 0, 0
0.0011488, 24030.3984375, 718, 0, 0, 0
0.0011504, 20324.8828125, 719, 0, 0, 0
0.0011520, 30052.173828125, 720, 0, 0, 0
0.0011536, 22516.365234375, 721, 0, 0, 0
0.0011552, 23404.87109375, 722, 0, 0, 0
0.0011568, 25639.81640625, 723, 0, 0, 0
0.0011584, 21930.587890625, 724, 0, 0, 0
0.0011600, 22047.380859375, 725, 0, 0, 0
0.0011616, 27631.033203125, 726, 0, 0, 0
0.0011632, 21735.587890625, 727, 0, 0, 0
0.0011647, 25604.640625, 728, 0, 0, 0
0.0011664, 23414.75390625, 729, 0, 0, 0
0.0011680, 25582.71484375, 730, 0, 0, 0
0.0011696, 25899.08203125, 731, 0, 0, 0
0.0011712, 21330.181640625, 732, 0, 0, 0
0.0011728, 26252.826171875, 733, 0, 0, 0
0.0011744, 23085.265625, 734, 0, 0, 0
0.0011760, 23968.720703125, 735, 0, 0, 0
0.0011776, 18657.974609375, 736, 0, 0, 0
0.0011792, 25298.802734375, 737, 0, 0, 0
0.0011808, 24696.064453125, 738, 0, 0, 0
0.0011823, 24450.65234375, 739, 0, 0, 0
0.0011840, 24583.501953125, 740, 0, 0, 0
0.0011856, 27240.55859375, 741, 0, 0, 0
0.0011872, 21825.103515625, 742, 0, 0, 0
0.0011888, 24937.548828125, 743, 0, 0, 0
0.0011904, 23077.41015625, 744, 0, 0, 0
0.0011920, 27943.212890625, 745, 0, 0, 0
0.0011936, 23534.95703125, 746, 0, 0, 0
0.0011952, 21158.400390625, 747, 0, 0, 0
0.0011968, 26962.431640625, 748, 0, 0, 0
0.0011984, 22678.779296875, 749, 0, 0, 0
0.0011999, 26151.140625, 750, 0, 0, 0
0.0012016, 22583.998046875, 751, 0, 0, 0
0.0012032, 23421.6171875, 752, 0, 0, 0
0.0012048, 24297.6484375, 753, 0, 0, 0
0.0012064, 24987.701171875, 754, 0, 0, 0
0.0012080, 23412.8984375, 755, 0, 0, 0
0.0012096, 24747.166015625, 756, 0, 0, 0
0.0012112, 25366.435546875, 757, 0, 0, 0
0.0012128, 24663.521484375, 758, 0, 0, 0
0.0012144, 20898.919921875, 759, 0, 0, 0
0.0012160, 28636.4609375, 760, 0, 0, 0
0.0012176, 20717.041015625, 761, 0, 0, 0
0.0012192, 24278.3125, 762, 0, 0, 0
0.0012208, 27318.333984375, 763, 0, 0, 0
0.0012224, 23800.56640625, 764, 0, 0, 0
0.0012240, 22761.77734375, 765, 0, 0, 0
0.0012256, 24861.845703125, 766, 0, 0, 0
0.0012271, 28282.37109375, 767, 0, 0, 0
0.0012288, 24509.568359375, 768, 0, 0, 0
0.0012304, 20609.61328125, 769, 0, 0, 0
0.0012320, 27877.263671875, 770, 0, 0, 0
0.0012336, 22305.568359375, 771, 0, 0, 0
0.0012352, 24185.431640625, 772, 0, 0, 0
0.0012368, 22917.716796875, 773, 0, 0, 0
0.0012384, 25098.625, 774, 0, 0, 0
0.0012400, 24378.48828125, 775, 0, 0, 0
0.0012416, 20508.791015625, 776, 0, 0, 0
0.0012432, 30190.201171875, 777, 0, 0, 0
0.0012447, 23995.611328125, 778, 0, 0, 0
0.0012464, 24057.501953125, 779, 0, 0, 0
0.0012480, 24835.861328125, 780, 0, 0, 0
0.0012496, 21967.146484375, 781, 0, 0, 0
0.0012512, 32250.517578125, 782, 16, OverRange, 0
0.0012528, 19317.513671875, 783, 0, 0, 0
0.0012544, 25550.861328125, 784, 0, 0, 0
0.0012560, 25181.3203125, 785, 0, 0, 0
0.0012576, 20906.64453125, 786, 0, 0, 0
0.0012592, 26856.90234375, 787, 0, 0, 0
0.0012608, 23958.232421875, 788, 0, 0, 0
0.0012623, 24137.392578125, 789, 0, 0, 0
0.0012640, 25879.400390625, 790, 0, 0, 0
0.0012656, 21848.712890625, 791, 0, 0, 0
0.0012672, 24802.455078125, 792, 0, 0, 0
0.0012688, 28879.0234375, 793, 0, 0, 0
0.0012704, 25726.9140625, 794, 0, 0, 0
0.0012720, 19980.41796875, 795, 0, 0, 0
0.0012736, 26245.662109375, 796, 0, 0, 0
0.0012752, 22430.90625, 797, 0, 0, 0
0.0012768, 26278.419921875, 798, 0, 0, 0
0.0012784, 21898.865234375, 799, 0, 0, 0
0.0012800, 24538.615234375, 800, 0, 0, 0
0.0012816, 24924.599609375, 801, 0, 0, 0
0.0012832, 18075.953125, 802, 0, 0, 0
0.0012848, 30659.0546875, 803, 0, 0, 0
0.0012864, 20944.884765625, 804, 0, 0, 0
0.0012880, 26050.833984375, 805, 0, 0, 0
0.0012895, 23881.537109375, 806, 0, 0, 0
0.0012912, 22343.119140625, 807, 0, 0, 0
0.0012928, 28061.646484375, 808, 0, 0, 0
0.0012944, 25283.22265625, 809, 0, 0, 0
0.0012960, 20145.076171875, 810, 0, 0, 0
0.0012976, 25594.23828125, 811, 0, 0, 0
0.0012992, 22403.5, 812, 0, 0, 0
0.0013008, 25377.873046875, 813, 0, 0, 0
0.0013024, 25902.361328125, 814, 0, 0, 0
0.0013040, 20412.498046875, 815, 0, 0, 0
0.0013056, 26209.36328125, 816, 0, 0, 0
0.0013071, 25428.4140625, 817, 0, 0, 0
0.0013088, 26053.94140625, 818, 0, 0, 0
0.0013104, 24869.52734375, 819, 0, 0, 0
0.0013120, 20072.349609375, 820, 0, 0, 0
0.0013136, 26417.26953125, 821, 0, 0, 0
0.0013152, 23683.6875, 822, 0, 0, 0
0.0013168, 24363.5546875, 823, 0, 0, 0
0.0013184, 21088.30859375, 824, 0, 0, 0
0.0013200, 23527.921875, 825, 0, 0, 0
0.0013216, 27216.12890625, 826, 0, 0, 0
0.0013232, 22833.984375, 827, 0, 0, 0
0.0013247, 22909.73046875, 828, 0, 0, 0
0.0013264, 23970.189453125, 829, 0, 0, 0
0.0013280, 26267.4140625, 830, 0, 0, 0
0.0013296, 20183.228515625, 831, 0, 0, 0
0.0013312, 28285.390625, 832, 0, 0, 0
0.0013328, 20134.630859375, 833, 0, 0, 0
0.0013344, 25617.890625, 834, 0, 0, 0
0.0013360, 24151.982421875, 835, 0, 0, 0
0.0013376, 20443.962890625, 836, 0, 0, 0
0.0013392, 27752.91796875, 837, 0, 0, 0
0.0013408, 26662.810546875, 838, 0, 0, 0
0.0013424, 21237.341796875, 839, 0, 0, 0
0.0013440, 25459.318359375, 840, 0, 0, 0
0.0013456, 24092.07421875, 841, 0, 0, 0
0.0013472, 23697.671875, 842, 0, 0, 0
0.0013488, 24496.705078125, 843, 0, 0, 0
0.0013504, 19977.95703125, 844, 0, 0, 0
0.0013519, 31223.552734375, 845, 16, OverRange, 0
0.0013536, 19731.509765625, 846, 0, 0, 0
0.0013552, 24040.88671875, 847, 0, 0, 0
0.0013568, 26285.455078125, 848, 0, 0, 0
0.0013584, 19272.193359375, 849, 0, 0, 0
0.0013600, 26213.5078125, 850, 0, 0, 0
0.0013616, 24679.189453125, 851, 0, 0, 0
0.0013632, 23435.513671875, 852, 0, 0, 0
0.0013648, 22596.298828125, 853, 0, 0, 0
0.0013664, 26217.99609375, 854, 0, 0, 0
0.0013680, 22387.53125, 855, 0, 0, 0
0.0013695, 25509.90234375, 856, 0, 0, 0
0.0013712, 22006.162109375, 857, 0, 0, 0
0.0013728, 24858.8671875, 858, 0, 0, 0
0.0013744, 25620.65234375, 859, 0, 0, 0
0.0013760, 19623.82421875, 860, 0, 0, 0
0.0013776, 28570.337890625, 861, 0, 0, 0
0.0013792, 24368.517578125, 862, 0, 0, 0
0.0013808, 20543.318359375, 863, 0, 0, 0
0.0013824, 26561.294921875, 864, 0, 0, 0
0.0013840, 23554.55078125, 865, 0, 0, 0
0.0013856, 22523.140625, 866, 0, 0, 0
0.0013872, 26923.45703125, 867, 0, 0, 0
0.0013888, 20768.919921875, 868, 0, 0, 0
0.0013904, 25713.96484375, 869, 0, 0, 0
0.0013920, 22394.349609375, 870, 0, 0, 0
0.0013936, 23814.810546875, 871, 0, 0, 0
0.0013952, 24872.07421875, 872, 0, 0, 0
0.0013967, 21975.86328125, 873, 0, 0, 0
0.0013984, 28046.109375, 874, 0, 0, 0
0.0014000, 20813.50390625, 875, 0, 0, 0
0.0014016, 28455.74609375, 876, 0, 0, 0
0.0014032, 23422.78125, 877, 0, 0, 0
0.0014048, 20967.93359375, 878, 0, 0, 0
0.0014064, 26009.9609375, 879, 0, 0, 0
0.0014080, 20359.23828125, 880, 0, 0, 0
0.0014096, 30048.33203125, 881, 0, 0, 0
0.0014112, 19383.8515625, 882, 0, 0, 0
0.0014128, 24868.232421875, 883, 0, 0, 0
0.0014143, 25280.58984375, 884, 0, 0, 0
0.0014160, 20263.638671875, 885, 0, 0, 0
0.0014176, 27183.671875, 886, 0, 0, 0
0.0014192, 22903.083984375, 887, 0, 0, 0
0.0014208, 24123.021484375, 888, 0, 0, 0
0.0014224, 25334.583984375, 889, 0, 0, 0
0.0014240, 24275.5078125, 890, 0, 0, 0
0.0014256, 23932.767578125, 891, 0, 0, 0
0.0014272, 22118.552734375, 892, 0, 0, 0
0.0014288, 26826.86328125, 893, 0, 0, 0
0.0014304, 22736.830078125, 894, 0, 0, 0
0.0014319, 22168.361328125, 895, 0, 0, 0
0.0014336, 25936.630859375, 896, 0, 0, 0
0.0014352, 24758.8203125, 897, 0, 0, 0
0.0014368, 21520.994140625, 898, 0, 0, 0
0.0014384, 26202.845703125, 899, 0, 0, 0
0.0014400, 28369.900390625, 900, 0, 0, 0
0.0014416, 25563.982421875, 901, 0, 0, 0
0.0014432, 18102.97265625, 902, 0, 0, 0
0.0014448, 24326.869140625, 903, 0, 0, 0
0.0014464, 26716.28515625, 904, 0, 0, 0
0.0014480, 17884.27734375, 905, 0, 0, 0
0.0014496, 24743.455078125, 906, 0, 0, 0
0.0014512, 24089.2265625, 907, 0, 0, 0
0.0014528, 23078.1015625, 908, 0, 0, 0
0.0014544, 23831.7734375, 909, 0, 0, 0
0.0014560, 23143.96484375, 910, 0, 0, 0
0.0014576, 23260.15234375, 911, 0, 0, 0
0.0014591, 26149.888671875, 912, 0, 0, 0
0.0014608, 22250.408203125, 913, 0, 0, 0
0.0014624, 25041.609375, 914, 0, 0, 0
0.0014640, 23351.048828125, 915, 0, 0, 0
0.0014656, 21021.193359375, 916, 0, 0, 0
0.0014672, 24277.966796875, 917, 0, 0, 0
0.0014688, 23784.42578125, 918, 0, 0, 0
0.0014704, 28218.189453125, 919, 0, 0, 0
0.0014720, 19308.708984375, 920, 0, 0, 0
0.0014736, 28507.021484375, 921, 0, 0, 0
0.0014752, 26824.1875, 922, 0, 0, 0
0.0014767, 24118.748046875, 923, 0, 0, 0
0.0014784, 22114.970703125, 924, 0, 0, 0
0.0014800, 28134.673828125, 925, 0, 0, 0
0.0014816, 20234.072265625, 926, 0, 0, 0
0.0014832, 22741.015625, 927, 0, 0, 0
0.0014848, 22017.212890625, 928, 0, 0, 0
0.0014864, 22727.982421875, 929, 0, 0, 0
0.0014880, 25063.62109375, 930, 0, 0, 0
0.0014896, 22574.71875, 931, 0, 0, 0
0.0014912, 21773.78515625, 932, 0, 0, 0
0.0014928, 26810.1171875, 933, 0, 0, 0
0.0014943, 23862.58984375, 934, 0, 0, 0
0.0014960, 24137.306640625, 935, 0, 0, 0
0.0014976, 23545.4453125, 936, 0, 0, 0
0.0014992, 25400.1015625, 937, 0, 0, 0
0.0015008, 22681.32421875, 938, 0, 0, 0
0.0015024, 23644.80078125, 939, 0, 0, 0
0.0015040, 20896.501953125, 940, 0, 0, 0
0.0015056, 29354.697265625, 941, 0, 0, 0
0.0015072, 21143.466796875, 942, 0, 0, 0
0.0015088, 23823.486328125, 943, 0, 0, 0
0.0015104, 23451.35546875, 944, 0, 0, 0
0.0015120, 21058.744140625, 945, 0, 0, 0
0.0015136, 23925.560546875, 946, 0, 0, 0
0.0015152, 23920.123046875, 947, 0, 0, 0
0.0015168, 26127.099609375, 948, 0, 0, 0
0.0015184, 20498.474609375, 949, 0, 0, 0
0.0015200, 27052.205078125, 950, 0, 0, 0
0.0015215, 20207.01171875, 951, 0, 0, 0
0.0015232, 25532.77734375, 952, 0, 0, 0
0.0015248, 23731.078125, 953, 0, 0, 0
0.0015264, 22922.89453125, 954, 0, 0, 0
0.0015280, 24890.029296875, 955, 0, 0, 0
0.0015296, 22589.220703125, 956, 0, 0, 0
0.0015312, 29746.638671875, 957, 0, 0, 0
0.0015328, 18307.337890625, 958, 0, 0, 0
0.0015344, 20164.1953125, 959, 0, 0, 0
0.0015360, 30766.09375, 960, 0, 0, 0
0.0015376, 21417.83984375, 961, 0, 0, 0
0.0015391, 23915.677734375, 962, 0, 0, 0
0.0015408, 21835.2890625, 963, 0, 0, 0
0.0015424, 27352.12890625, 964, 0, 0, 0
0.0015440, 22875.591796875, 965, 0, 0, 0
0.0015456, 22567.466796875, 966, 0, 0, 0
0.0015472, 26767.171875, 967, 0, 0, 0
0.0015488, 18836.271484375, 968, 0, 0, 0
0.0015504, 24169.50390625, 969, 0, 0, 0
0.0015520, 21457.072265625, 970, 0, 0, 0
0.0015536, 21820.787109375, 971, 0, 0, 0
0.0015552, 21704.3828125, 972, 0, 0, 0
0.0015567, 25810.818359375, 973, 0, 0, 0
0.0015584, 23381.908203125, 974, 0, 0, 0
0.0015600, 19980.287109375, 975, 0, 0, 0
0.0015616, 26495.345703125, 976, 0, 0, 0
0.0015632, 23375.34765625, 977, 0, 0, 0
0.0015648, 22704.587890625, 978, 0, 0, 0
0.0015664, 25455.951171875, 979, 0, 0, 0
0.0015680, 21333.892578125, 980, 0, 0, 0
0.0015696, 24172.9140625, 981, 0, 0, 0
0.0015712, 20391.263671875, 982, 0, 0, 0
0.0015728, 26442.646484375, 983, 0, 0, 0
0.0015744, 24004.37109375, 984, 0, 0, 0
0.0015760, 18783.701171875, 985, 0, 0, 0
0.0015776, 28412.962890625, 986, 0, 0, 0
0.0015792, 21898.564453125, 987, 0, 0, 0
0.0015808, 21007.51171875, 988, 0, 0, 0
0.0015824, 26729.40625, 989, 0, 0, 0
0.0015839, 21858.984375, 990, 0, 0, 0
0.0015856, 20561.1015625, 991, 0, 0, 0
0.0015872, 22335.17578125, 992, 0, 0, 0
0.0015888, 23847.95703125, 993, 0, 0, 0
0.0015904, 22640.796875, 994, 0, 0, 0
0.0015920, 21883.328125, 995, 0, 0, 0
0.0015936, 18851.033203125, 996, 0, 0, 0
0.0015952, 18375.57421875, 997, 0, 0, 0
0.0015968, 17238.63671875, 998, 0, 0, 0
0.0015984, 17554.01171875, 999, 0, 0, 0
0.0016000, 10974.513671875, 1000, 0, 0, 0
0.0016015, 12293.50390625, 1001, 0, 0, 0
0.0016032, 14919.873046875, 1002, 0, 0, 0
0.0016048, 7607.4892578125, 1003, 0, 0, 0
0.0016064, 5744.08935546875, 1004, 0, 0, 0
0.0016080, 7004.72607421875, 1005, 0, 0, 0
0.0016096, 7073.04931640625, 1006, 0, 0, 0
0.0016112, 6895.39990234375, 1007, 0, 0, 0
0.0016128, 5716.6826171875, 1008, 0, 0, 0
0.0016144, 4145.54833984375, 1009, 0, 0, 0
0.0016160, 3388.07861328125, 1010, 0, 0, 0
0.0016176, 3114.39697265625, 1011, 0, 0, 0
0.0016191, 2643.72998046875, 1012, 0, 0, 0
0.0016208, 2568.0693359375, 1013, 0, 0, 0
0.0016224, 1760.23120117188, 1014, 0, 0, 0
0.0016240, 1508.56140136719, 1015, 0, 0, 0
0.0016256, 1483.35559082031, 1016, 0, 0, 0
0.0016272, 1200.4375, 1017, 0, 0, 0
0.0016288, 841.427124023438, 1018, 0, 0, 0
0.0016304, 622.602600097656, 1019, 0, 0, 0
0.0016320, 494.933380126953, 1020, 0, 0, 0
0.0016336, 414.093475341797, 1021, 0, 0, 0
0.0016352, 362.991241455078, 1022, 0, 0, 0
0.0016368, 324.794067382813, 1023, 0, 0, 0
0.0016384, 293.459442138672, 1024, 0, 0, 0
0.0016400, 267.476715087891, 1025, 0, 0, 0
0.0016416, 248.097579956055, 1026, 0, 0, 0
0.0016432, 232.430267333984, 1027, 0, 0, 0
0.0016448, 222.805435180664, 1028, 0, 0, 0
0.0016464, 221.251647949219, 1029, 0, 0, 0
0.0016480, 214.475433349609, 1030, 0, 0, 0
0.0016496, 199.412353515625, 1031, 0, 0, 0
0.0016512, 188.061111450195, 1032, 0, 0, 0
0.0016528, 181.759643554688, 1033, 0, 0, 0
0.0016544, 175.976119995117, 1034, 0, 0, 0
0.0016560, 170.710525512695, 1035, 0, 0, 0
0.0016576, 165.660720825195, 1036, 0, 0, 0
0.0016592, 160.74040222168, 1037, 0, 0, 0
0.0016608, 157.934967041016, 1038, 0, 0, 0
0.0016624, 152.539886474609, 1039, 0, 0, 0
0.0016640, 149.043869018555, 1040, 0, 0, 0
0.0016656, 145.634170532227, 1041, 0, 0, 0
0.0016672, 143.044540405273, 1042, 0, 0, 0
0.0016688, 139.462203979492, 1043, 0, 0, 0
0.0016704, 137.002044677734, 1044, 0, 0, 0
0.0016720, 133.851318359375, 1045, 0, 0, 0
0.0016736, 131.779602050781, 1046, 0, 0, 0
0.0016752, 128.369918823242, 1047, 0, 0, 0
0.0016768, 126.816131591797, 1048, 0, 0, 0
0.0016784, 125.391830444336, 1049, 0, 0, 0
0.0016800, 123.579078674316, 1050, 0, 0, 0
0.0016816, 121.55052947998, 1051, 0, 0, 0
0.0016832, 119.176696777344, 1052, 0, 0, 0
0.0016848, 117.752388000488, 1053, 0, 0, 0
0.0016864, 115.335395812988, 1054, 0, 0, 0
0.0016880, 114.126899719238, 1055, 0, 0, 0
0.0016896, 111.494094848633, 1056, 0, 0, 0
0.0016912, 109.595024108887, 1057, 0, 0, 0
0.0016928, 108.343368530273, 1058, 0, 0, 0
0.0016944, 106.530616760254, 1059, 0, 0, 0
0.0016960, 105.235801696777, 1060, 0, 0, 0
0.0016976, 104.19994354248, 1061, 0, 0, 0
0.0016992, 102.948287963867, 1062, 0, 0, 0
0.0017008, 101.351341247559, 1063, 0, 0, 0
0.0017024, 99.7975616455078, 1064, 0, 0, 0
0.0017040, 98.6322174072266, 1065, 0, 0, 0
0.0017056, 97.7690048217773, 1066, 0, 0, 0
0.0017072, 97.6826858520508, 1067, 0, 0, 0
0.0017088, 95.8699417114258, 1068, 0, 0, 0
0.0017104, 93.6255874633789, 1069, 0, 0, 0
0.0017120, 93.5392608642578, 1070, 0, 0, 0
0.0017136, 92.3739242553711, 1071, 0, 0, 0
0.0017152, 90.9496231079102, 1072, 0, 0, 0
0.0017168, 89.7842864990234, 1073, 0, 0, 0
0.0017184, 88.7484283447266, 1074, 0, 0, 0
0.0017200, 86.9788436889648, 1075, 0, 0, 0
0.0017216, 85.6840209960938, 1076, 0, 0, 0
0.0017232, 84.9502944946289, 1077, 0, 0, 0
0.0017248, 84.9071273803711, 1078, 0, 0, 0
0.0017264, 83.525993347168, 1079, 0, 0, 0
0.0017280, 82.8354187011719, 1080, 0, 0, 0
0.0017296, 81.4111175537109, 1081, 0, 0, 0
0.0017312, 80.2889404296875, 1082, 0, 0, 0
0.0017328, 78.9941177368164, 1083, 0, 0, 0
0.0017344, 79.6846923828125, 1084, 0, 0, 0
0.0017360, 77.5698165893555, 1085, 0, 0, 0
0.0017376, 78.0877456665039, 1086, 0, 0, 0
0.0017392, 77.6993026733398, 1087, 0, 0, 0
0.0017408, 77.1382141113281, 1088, 0, 0, 0
