Meter S/N:, "Proto"
Sensor, Thermo, Single, UV Puck, PM-Pro 150HD
Date, 10/18/2018 1:52:46 PM
Units, W
Timestamp, Measurement, Sequence, Flags, FlagsInterpreted, Period
0.001,1179,0,0,0,0
0.002,1134,0,0,0,0
0.003,1173,0,0,0,0
0.004,1147,0,0,0,0
0.005,1182,0,0,0,0
0.006,1141,0,0,0,0
0.007,1178,0,0,0,0
0.008,1139,0,0,0,0
0.009,1144,0,0,0,0
0.01,1136,0,0,0,0
0.011,1133,0,0,0,0
0.012,1166,0,0,0,0
0.013,1168,0,0,0,0
0.014,1141,0,0,0,0
0.015,1146,0,0,0,0
0.016,1136,0,0,0,0
0.017,1162,0,0,0,0
0.018,1136,0,0,0,0
0.019,1156,0,0,0,0
0.02,1152,0,0,0,0
0.021,1150,0,0,0,0
0.022,1138,0,0,0,0
0.023,1185,0,0,0,0
0.024,1161,0,0,0,0
0.025,1148,0,0,0,0
0.026,1177,0,0,0,0
0.027,1179,0,0,0,0
0.028,1140,0,0,0,0
0.029,1169,0,0,0,0
0.03,1177,0,0,0,0
0.031,1143,0,0,0,0
0.032,1180,0,0,0,0
0.033,1146,0,0,0,0
0.034,1138,0,0,0,0
0.035,1140,0,0,0,0
0.036,1181,0,0,0,0
0.037,1185,0,0,0,0
0.038,1185,0,0,0,0
0.039,1145,0,0,0,0
0.04,1204,0,0,0,0
0.041,1156,0,0,0,0
0.042,1172,0,0,0,0
0.043,1147,0,0,0,0
0.044,1146,0,0,0,0
0.045,1152,0,0,0,0
0.046,1175,0,0,0,0
0.047,1152,0,0,0,0
0.048,1164,0,0,0,0
0.049,1188,0,0,0,0
0.05,1189,0,0,0,0
0.051,1162,0,0,0,0
0.052,1156,0,0,0,0
0.053,1152,0,0,0,0
0.054,1152,0,0,0,0
0.055,1188,0,0,0,0
0.056,1186,0,0,0,0
0.057,1146,0,0,0,0
0.058,1189,0,0,0,0
0.059,1191,0,0,0,0
0.06,1184,0,0,0,0
0.061,1152,0,0,0,0
0.062,1162,0,0,0,0
0.063,1142,0,0,0,0
0.064,1173,0,0,0,0
0.065,1138,0,0,0,0
0.066,1181,0,0,0,0
0.067,1172,0,0,0,0
0.068,1154,0,0,0,0
0.069,1134,0,0,0,0
0.07,1154,0,0,0,0
0.071,1140,0,0,0,0
0.072,1177,0,0,0,0
0.073,1139,0,0,0,0
0.074,1190,0,0,0,0
0.075,1131,0,0,0,0
0.076,1148,0,0,0,0
0.077,1138,0,0,0,0
0.078,1159,0,0,0,0
0.079,1157,0,0,0,0
0.08,1157,0,0,0,0
0.081,1174,0,0,0,0
0.082,1194,0,0,0,0
0.083,1146,0,0,0,0
0.084,1142,0,0,0,0
0.085,1157,0,0,0,0
0.086,1143,0,0,0,0
0.087,1148,0,0,0,0
0.088,1134,0,0,0,0
0.089,1160,0,0,0,0
0.09,1184,0,0,0,0
0.091,1196,0,0,0,0
0.092,1169,0,0,0,0
0.093,1190,0,0,0,0
0.094,1154,0,0,0,0
0.095,1158,0,0,0,0
0.096,1136,0,0,0,0
0.097,1136,0,0,0,0
0.098,1141,0,0,0,0
0.099,1174,0,0,0,0
0.1,1158,0,0,0,0
0.101,1144,0,0,0,0
0.102,1176,0,0,0,0
0.103,1141,0,0,0,0
0.104,1183,0,0,0,0
0.105,1167,0,0,0,0
0.106,1141,0,0,0,0
0.107,1136,0,0,0,0
0.108,1181,0,0,0,0
0.109,1136,0,0,0,0
0.11,1155,0,0,0,0
0.111,1187,0,0,0,0
0.112,1158,0,0,0,0
0.113,1178,0,0,0,0
0.114,1135,0,0,0,0
0.115,1170,0,0,0,0
0.116,1175,0,0,0,0
0.117,1174,0,0,0,0
0.118,1183,0,0,0,0
0.119,1137,0,0,0,0
0.12,1165,0,0,0,0
0.121,1139,0,0,0,0
0.122,1171,0,0,0,0
0.123,1139,0,0,0,0
0.124,1172,0,0,0,0
0.125,1140,0,0,0,0
0.126,1157,0,0,0,0
0.127,1171,0,0,0,0
0.128,1144,0,0,0,0
0.129,1146,0,0,0,0
0.13,1144,0,0,0,0
0.131,1180,0,0,0,0
0.132,1145,0,0,0,0
0.133,1167,0,0,0,0
0.134,1150,0,0,0,0
0.135,1170,0,0,0,0
0.136,1130,0,0,0,0
0.137,1189,0,0,0,0
0.138,1146,0,0,0,0
0.139,1168,0,0,0,0
0.14,1148,0,0,0,0
0.141,1156,0,0,0,0
0.142,1184,0,0,0,0
0.143,1185,0,0,0,0
0.144,1138,0,0,0,0
0.145,1168,0,0,0,0
0.146,1134,0,0,0,0
0.147,1152,0,0,0,0
0.148,1147,0,0,0,0
0.149,1176,0,0,0,0
0.15,1141,0,0,0,0
0.151,1165,0,0,0,0
0.152,1147,0,0,0,0
0.153,1184,0,0,0,0
0.154,1163,0,0,0,0
0.155,1152,0,0,0,0
0.156,1133,0,0,0,0
0.157,1145,0,0,0,0
0.158,1179,0,0,0,0
0.159,1140,0,0,0,0
0.16,1179,0,0,0,0
0.161,1162,0,0,0,0
0.162,1136,0,0,0,0
0.163,1157,0,0,0,0
0.164,1145,0,0,0,0
0.165,1174,0,0,0,0
0.166,1174,0,0,0,0
0.167,1184,0,0,0,0
0.168,1189,0,0,0,0
0.169,1170,0,0,0,0
0.17,1137,0,0,0,0
0.171,1162,0,0,0,0
0.172,1130,0,0,0,0
0.173,1188,0,0,0,0
0.174,1165,0,0,0,0
0.175,1142,0,0,0,0
0.176,1150,0,0,0,0
0.177,1141,0,0,0,0
0.178,1138,0,0,0,0
0.179,1195,0,0,0,0
0.18,1181,0,0,0,0
0.181,1182,0,0,0,0
0.182,1168,0,0,0,0
0.183,1183,0,0,0,0
0.184,1134,0,0,0,0
0.185,1178,0,0,0,0
0.186,1142,0,0,0,0
0.187,1146,0,0,0,0
0.188,1153,0,0,0,0
0.189,1145,0,0,0,0
0.19,1180,0,0,0,0
0.191,1180,0,0,0,0
0.192,1162,0,0,0,0
0.193,1156,0,0,0,0
0.194,1145,0,0,0,0
0.195,1160,0,0,0,0
0.196,1174,0,0,0,0
0.197,1139,0,0,0,0
0.198,1168,0,0,0,0
0.199,1154,0,0,0,0
0.2,1149,0,0,0,0
0.201,1138,0,0,0,0
0.202,1144,0,0,0,0
0.203,1140,0,0,0,0
0.204,1150,0,0,0,0
0.205,1140,0,0,0,0
0.206,1191,0,0,0,0
0.207,1148,0,0,0,0
0.208,1153,0,0,0,0
0.209,1154,0,0,0,0
0.21,1158,0,0,0,0
0.211,1170,0,0,0,0
0.212,1131,0,0,0,0
0.213,1161,0,0,0,0
0.214,1144,0,0,0,0
0.215,1166,0,0,0,0
0.216,1152,0,0,0,0
0.217,1160,0,0,0,0
0.218,1185,0,0,0,0
0.219,1152,0,0,0,0
0.22,1143,0,0,0,0
0.221,1182,0,0,0,0
0.222,1170,0,0,0,0
0.223,1147,0,0,0,0
0.224,1172,0,0,0,0
0.225,1150,0,0,0,0
0.226,1193,0,0,0,0
0.227,1172,0,0,0,0
0.228,1137,0,0,0,0
0.229,1169,0,0,0,0
0.23,1152,0,0,0,0
0.231,1157,0,0,0,0
0.232,1160,0,0,0,0
0.233,1146,0,0,0,0
0.234,1147,0,0,0,0
0.235,1166,0,0,0,0
0.236,1134,0,0,0,0
0.237,1176,0,0,0,0
0.238,1172,0,0,0,0
0.239,1168,0,0,0,0
0.24,1202,0,0,0,0
0.241,1135,0,0,0,0
0.242,1163,0,0,0,0
0.243,1153,0,0,0,0
0.244,1179,0,0,0,0
0.245,1139,0,0,0,0
0.246,1190,0,0,0,0
0.247,1153,0,0,0,0
0.248,1168,0,0,0,0
0.249,1140,0,0,0,0
0.25,1150,0,0,0,0
0.251,1142,0,0,0,0
0.252,1137,0,0,0,0
0.253,1156,0,0,0,0
0.254,1180,0,0,0,0
0.255,1148,0,0,0,0
0.256,1150,0,0,0,0
0.257,1147,0,0,0,0
0.258,1176,0,0,0,0
0.259,1173,0,0,0,0
0.26,1180,0,0,0,0
0.261,1144,0,0,0,0
0.262,1191,0,0,0,0
0.263,1179,0,0,0,0
0.264,1147,0,0,0,0
0.265,1156,0,0,0,0
0.266,1141,0,0,0,0
0.267,1161,0,0,0,0
0.268,1176,0,0,0,0
0.269,1164,0,0,0,0
0.27,1188,0,0,0,0
0.271,1158,0,0,0,0
0.272,1188,0,0,0,0
0.273,1189,0,0,0,0
0.274,1186,0,0,0,0
0.275,1177,0,0,0,0
0.276,1188,0,0,0,0
0.277,1137,0,0,0,0
0.278,1155,0,0,0,0
0.279,1152,0,0,0,0
0.28,1149,0,0,0,0
0.281,1148,0,0,0,0
0.282,1137,0,0,0,0
0.283,1144,0,0,0,0
0.284,1191,0,0,0,0
0.285,1143,0,0,0,0
0.286,1161,0,0,0,0
0.287,1150,0,0,0,0
0.288,1159,0,0,0,0
0.289,1150,0,0,0,0
0.29,1153,0,0,0,0
0.291,1157,0,0,0,0
0.292,1194,0,0,0,0
0.293,1162,0,0,0,0
0.294,1152,0,0,0,0
0.295,1141,0,0,0,0
0.296,1132,0,0,0,0
0.297,1138,0,0,0,0
0.298,1172,0,0,0,0
0.299,1140,0,0,0,0
0.3,1135,0,0,0,0
0.301,1192,0,0,0,0
0.302,1172,0,0,0,0
0.303,1188,0,0,0,0
0.304,1184,0,0,0,0
0.305,1150,0,0,0,0
0.306,1186,0,0,0,0
0.307,1184,0,0,0,0
0.308,1144,0,0,0,0
0.309,1174,0,0,0,0
0.31,1144,0,0,0,0
0.311,1191,0,0,0,0
0.312,1188,0,0,0,0
0.313,1147,0,0,0,0
0.314,1178,0,0,0,0
0.315,1184,0,0,0,0
0.316,1194,0,0,0,0
0.317,1145,0,0,0,0
0.318,1181,0,0,0,0
0.319,1154,0,0,0,0
0.32,1141,0,0,0,0
0.321,1191,0,0,0,0
0.322,1194,0,0,0,0
0.323,1152,0,0,0,0
0.324,1177,0,0,0,0
0.325,1143,0,0,0,0
0.326,1172,0,0,0,0
0.327,1175,0,0,0,0
0.328,1168,0,0,0,0
0.329,1136,0,0,0,0
0.33,1132,0,0,0,0
0.331,1172,0,0,0,0
0.332,1147,0,0,0,0
0.333,1152,0,0,0,0
0.334,1149,0,0,0,0
0.335,1139,0,0,0,0
0.336,1184,0,0,0,0
0.337,1190,0,0,0,0
0.338,1177,0,0,0,0
0.339,1141,0,0,0,0
0.34,1146,0,0,0,0
0.341,1152,0,0,0,0
0.342,1161,0,0,0,0
0.343,1189,0,0,0,0
0.344,1184,0,0,0,0
0.345,1132,0,0,0,0
0.346,1152,0,0,0,0
0.347,1139,0,0,0,0
0.348,1140,0,0,0,0
0.349,1169,0,0,0,0
0.35,1144,0,0,0,0
0.351,1153,0,0,0,0
0.352,1143,0,0,0,0
0.353,1176,0,0,0,0
0.354,1158,0,0,0,0
0.355,1169,0,0,0,0
0.356,1183,0,0,0,0
0.357,1179,0,0,0,0
0.358,1167,0,0,0,0
0.359,1203,0,0,0,0
0.36,1146,0,0,0,0
0.361,1139,0,0,0,0
0.362,1176,0,0,0,0
0.363,1131,0,0,0,0
0.364,1195,0,0,0,0
0.365,1170,0,0,0,0
0.366,1192,0,0,0,0
0.367,1156,0,0,0,0
0.368,1180,0,0,0,0
0.369,1139,0,0,0,0
0.37,1133,0,0,0,0
0.371,1200,0,0,0,0
0.372,1185,0,0,0,0
0.373,1155,0,0,0,0
0.374,1149,0,0,0,0
0.375,1166,0,0,0,0
0.376,1151,0,0,0,0
0.377,1152,0,0,0,0
0.378,1146,0,0,0,0
0.379,1176,0,0,0,0
0.38,1145,0,0,0,0
0.381,1194,0,0,0,0
0.382,1194,0,0,0,0
0.383,1144,0,0,0,0
0.384,1190,0,0,0,0
0.385,1147,0,0,0,0
0.386,1159,0,0,0,0
0.387,1175,0,0,0,0
0.388,1181,0,0,0,0
0.389,1144,0,0,0,0
0.39,1148,0,0,0,0
0.391,1176,0,0,0,0
0.392,1148,0,0,0,0
0.393,1161,0,0,0,0
0.394,1133,0,0,0,0
0.395,1184,0,0,0,0
0.396,1157,0,0,0,0
0.397,1134,0,0,0,0
0.398,1185,0,0,0,0
0.399,1136,0,0,0,0
0.4,1152,0,0,0,0
0.401,1141,0,0,0,0
0.402,1144,0,0,0,0
0.403,1153,0,0,0,0
0.404,1144,0,0,0,0
0.405,1151,0,0,0,0
0.406,1184,0,0,0,0
0.407,1189,0,0,0,0
0.408,1185,0,0,0,0
0.409,1184,0,0,0,0
0.41,1168,0,0,0,0
0.411,1147,0,0,0,0
0.412,1153,0,0,0,0
0.413,1138,0,0,0,0
0.414,1193,0,0,0,0
0.415,1133,0,0,0,0
0.416,1145,0,0,0,0
0.417,1171,0,0,0,0
0.418,1138,0,0,0,0
0.419,1147,0,0,0,0
0.42,1155,0,0,0,0
0.421,1186,0,0,0,0
0.422,1166,0,0,0,0
0.423,1149,0,0,0,0
0.424,1143,0,0,0,0
0.425,1140,0,0,0,0
0.426,1136,0,0,0,0
0.427,1145,0,0,0,0
0.428,1148,0,0,0,0
0.429,1149,0,0,0,0
0.43,1190,0,0,0,0
0.431,1142,0,0,0,0
0.432,1144,0,0,0,0
0.433,1142,0,0,0,0
0.434,1162,0,0,0,0
0.435,1147,0,0,0,0
0.436,1178,0,0,0,0
0.437,1165,0,0,0,0
0.438,1175,0,0,0,0
0.439,1176,0,0,0,0
0.44,1182,0,0,0,0
0.441,1194,0,0,0,0
0.442,1141,0,0,0,0
0.443,1148,0,0,0,0
0.444,1161,0,0,0,0
0.445,1176,0,0,0,0
0.446,1171,0,0,0,0
0.447,1148,0,0,0,0
0.448,1188,0,0,0,0
0.449,1168,0,0,0,0
0.45,1152,0,0,0,0
0.451,1164,0,0,0,0
0.452,1124,0,0,0,0
0.453,1184,0,0,0,0
0.454,1172,0,0,0,0
0.455,1147,0,0,0,0
0.456,1136,0,0,0,0
0.457,1147,0,0,0,0
0.458,1166,0,0,0,0
0.459,1174,0,0,0,0
0.46,1185,0,0,0,0
0.461,1192,0,0,0,0
0.462,1184,0,0,0,0
0.463,1148,0,0,0,0
0.464,1181,0,0,0,0
0.465,1145,0,0,0,0
0.466,1146,0,0,0,0
0.467,1146,0,0,0,0
0.468,1142,0,0,0,0
0.469,1152,0,0,0,0
0.47,1166,0,0,0,0
0.471,1185,0,0,0,0
0.472,1163,0,0,0,0
0.473,1146,0,0,0,0
0.474,1144,0,0,0,0
0.475,1152,0,0,0,0
0.476,1165,0,0,0,0
0.477,1146,0,0,0,0
0.478,1139,0,0,0,0
0.479,1185,0,0,0,0
0.48,1153,0,0,0,0
0.481,1152,0,0,0,0
0.482,1141,0,0,0,0
0.483,1171,0,0,0,0
0.484,1174,0,0,0,0
0.485,1145,0,0,0,0
0.486,1152,0,0,0,0
0.487,1138,0,0,0,0
0.488,1148,0,0,0,0
0.489,1144,0,0,0,0
0.49,1163,0,0,0,0
0.491,1175,0,0,0,0
0.492,1188,0,0,0,0
0.493,1168,0,0,0,0
0.494,1192,0,0,0,0
0.495,1145,0,0,0,0
0.496,1161,0,0,0,0
0.497,1170,0,0,0,0
0.498,1144,0,0,0,0
0.499,1152,0,0,0,0
0.5,1186,0,0,0,0
0.501,1139,0,0,0,0
0.502,1186,0,0,0,0
0.503,1180,0,0,0,0
0.504,1138,0,0,0,0
0.505,1192,0,0,0,0
0.506,1195,0,0,0,0
0.507,1132,0,0,0,0
0.508,1186,0,0,0,0
0.509,1192,0,0,0,0
0.51,1138,0,0,0,0
0.511,1188,0,0,0,0
0.512,1149,0,0,0,0
0.513,1156,0,0,0,0
0.514,1201,0,0,0,0
0.515,1141,0,0,0,0
0.516,1152,0,0,0,0
0.517,1177,0,0,0,0
0.518,1146,0,0,0,0
0.519,1176,0,0,0,0
0.52,1144,0,0,0,0
0.521,1141,0,0,0,0
0.522,1177,0,0,0,0
0.523,1177,0,0,0,0
0.524,1137,0,0,0,0
0.525,1156,0,0,0,0
0.526,1156,0,0,0,0
0.527,1152,0,0,0,0
0.528,1186,0,0,0,0
0.529,1169,0,0,0,0
0.53,1147,0,0,0,0
0.531,1188,0,0,0,0
0.532,1163,0,0,0,0
0.533,1164,0,0,0,0
0.534,1171,0,0,0,0
0.535,1150,0,0,0,0
0.536,1159,0,0,0,0
0.537,1148,0,0,0,0
0.538,1160,0,0,0,0
0.539,1188,0,0,0,0
0.54,1168,0,0,0,0
0.541,1136,0,0,0,0
0.542,1154,0,0,0,0
0.543,1154,0,0,0,0
0.544,1157,0,0,0,0
0.545,1154,0,0,0,0
0.546,1194,0,0,0,0
0.547,1166,0,0,0,0
0.548,1184,0,0,0,0
0.549,1153,0,0,0,0
0.55,1159,0,0,0,0
0.551,1146,0,0,0,0
0.552,1160,0,0,0,0
0.553,1136,0,0,0,0
0.554,1153,0,0,0,0
0.555,1151,0,0,0,0
0.556,1142,0,0,0,0
0.557,1174,0,0,0,0
0.558,1176,0,0,0,0
0.559,1157,0,0,0,0
0.56,1159,0,0,0,0
0.561,1168,0,0,0,0
0.562,1144,0,0,0,0
0.563,1151,0,0,0,0
0.564,1184,0,0,0,0
0.565,1172,0,0,0,0
0.566,1163,0,0,0,0
0.567,1163,0,0,0,0
0.568,1136,0,0,0,0
0.569,1184,0,0,0,0
0.57,1187,0,0,0,0
0.571,1144,0,0,0,0
0.572,1149,0,0,0,0
0.573,1156,0,0,0,0
0.574,1185,0,0,0,0
0.575,1171,0,0,0,0
0.576,1153,0,0,0,0
0.577,1173,0,0,0,0
0.578,1158,0,0,0,0
0.579,1141,0,0,0,0
0.58,1181,0,0,0,0
0.581,1136,0,0,0,0
0.582,1140,0,0,0,0
0.583,1133,0,0,0,0
0.584,1168,0,0,0,0
0.585,1148,0,0,0,0
0.586,1162,0,0,0,0
0.587,1164,0,0,0,0
0.588,1193,0,0,0,0
0.589,1153,0,0,0,0
0.59,1134,0,0,0,0
0.591,1183,0,0,0,0
0.592,1188,0,0,0,0
0.593,1144,0,0,0,0
0.594,1144,0,0,0,0
0.595,1184,0,0,0,0
0.596,1180,0,0,0,0
0.597,1158,0,0,0,0
0.598,1152,0,0,0,0
0.599,1144,0,0,0,0
0.6,1188,0,0,0,0
0.601,1185,0,0,0,0
0.602,1152,0,0,0,0
0.603,1178,0,0,0,0
0.604,1144,0,0,0,0
0.605,1175,0,0,0,0
0.606,1161,0,0,0,0
0.607,1130,0,0,0,0
0.608,1152,0,0,0,0
0.609,1148,0,0,0,0
0.61,1192,0,0,0,0
0.611,1166,0,0,0,0
0.612,1140,0,0,0,0
0.613,1146,0,0,0,0
0.614,1156,0,0,0,0
0.615,1166,0,0,0,0
0.616,1144,0,0,0,0
0.617,1136,0,0,0,0
0.618,1193,0,0,0,0
0.619,1134,0,0,0,0
0.62,1194,0,0,0,0
0.621,1178,0,0,0,0
0.622,1171,0,0,0,0
0.623,1156,0,0,0,0
0.624,1200,0,0,0,0
0.625,1150,0,0,0,0
0.626,1178,0,0,0,0
0.627,1124,0,0,0,0
0.628,1162,0,0,0,0
0.629,1145,0,0,0,0
0.63,1205,0,0,0,0
0.631,1164,0,0,0,0
0.632,1166,0,0,0,0
0.633,1157,0,0,0,0
0.634,1176,0,0,0,0
0.635,1188,0,0,0,0
0.636,1177,0,0,0,0
0.637,1173,0,0,0,0
0.638,1165,0,0,0,0
0.639,1187,0,0,0,0
0.64,1148,0,0,0,0
0.641,1162,0,0,0,0
0.642,1145,0,0,0,0
0.643,1168,0,0,0,0
0.644,1180,0,0,0,0
0.645,1174,0,0,0,0
0.646,1163,0,0,0,0
0.647,1141,0,0,0,0
0.648,1163,0,0,0,0
0.649,1135,0,0,0,0
0.65,1160,0,0,0,0
0.651,1154,0,0,0,0
0.652,1156,0,0,0,0
0.653,1153,0,0,0,0
0.654,1168,0,0,0,0
0.655,1139,0,0,0,0
0.656,1135,0,0,0,0
0.657,1151,0,0,0,0
0.658,1137,0,0,0,0
0.659,1143,0,0,0,0
0.66,1148,0,0,0,0
0.661,1201,0,0,0,0
0.662,1163,0,0,0,0
0.663,1148,0,0,0,0
0.664,1136,0,0,0,0
0.665,1148,0,0,0,0
0.666,1143,0,0,0,0
0.667,1166,0,0,0,0
0.668,1192,0,0,0,0
0.669,1181,0,0,0,0
0.67,1198,0,0,0,0
0.671,1134,0,0,0,0
0.672,1171,0,0,0,0
0.673,1164,0,0,0,0
0.674,1180,0,0,0,0
0.675,1132,0,0,0,0
0.676,1178,0,0,0,0
0.677,1144,0,0,0,0
0.678,1190,0,0,0,0
0.679,1147,0,0,0,0
0.68,1146,0,0,0,0
0.681,1134,0,0,0,0
0.682,1157,0,0,0,0
0.683,1140,0,0,0,0
0.684,1170,0,0,0,0
0.685,1195,0,0,0,0
0.686,1145,0,0,0,0
0.687,1160,0,0,0,0
0.688,1166,0,0,0,0
0.689,1140,0,0,0,0
0.69,1189,0,0,0,0
0.691,1179,0,0,0,0
0.692,1160,0,0,0,0
0.693,1176,0,0,0,0
0.694,1139,0,0,0,0
0.695,1150,0,0,0,0
0.696,1156,0,0,0,0
0.697,1180,0,0,0,0
0.698,1152,0,0,0,0
0.699,1145,0,0,0,0
0.7,1190,0,0,0,0
0.701,1179,0,0,0,0
0.702,1198,0,0,0,0
0.703,1150,0,0,0,0
0.704,1145,0,0,0,0
0.705,1156,0,0,0,0
0.706,1180,0,0,0,0
0.707,1147,0,0,0,0
0.708,1152,0,0,0,0
0.709,1152,0,0,0,0
0.71,1196,0,0,0,0
0.711,1147,0,0,0,0
0.712,1175,0,0,0,0
0.713,1143,0,0,0,0
0.714,1168,0,0,0,0
0.715,1184,0,0,0,0
0.716,1196,0,0,0,0
0.717,1186,0,0,0,0
0.718,1168,0,0,0,0
0.719,1160,0,0,0,0
0.72,1178,0,0,0,0
0.721,1170,0,0,0,0
0.722,1157,0,0,0,0
0.723,1152,0,0,0,0
0.724,1157,0,0,0,0
0.725,1198,0,0,0,0
0.726,1153,0,0,0,0
0.727,1159,0,0,0,0
0.728,1154,0,0,0,0
0.729,1155,0,0,0,0
0.73,1148,0,0,0,0
0.731,1157,0,0,0,0
0.732,1161,0,0,0,0
0.733,1140,0,0,0,0
0.734,1152,0,0,0,0
0.735,1165,0,0,0,0
0.736,1148,0,0,0,0
0.737,1204,0,0,0,0
0.738,1176,0,0,0,0
0.739,1197,0,0,0,0
0.74,1152,0,0,0,0
0.741,1149,0,0,0,0
0.742,1182,0,0,0,0
0.743,1153,0,0,0,0
0.744,1156,0,0,0,0
0.745,1137,0,0,0,0
0.746,1174,0,0,0,0
0.747,1192,0,0,0,0
0.748,1154,0,0,0,0
0.749,1180,0,0,0,0
0.75,1156,0,0,0,0
0.751,1176,0,0,0,0
0.752,1157,0,0,0,0
0.753,1199,0,0,0,0
0.754,1171,0,0,0,0
0.755,1178,0,0,0,0
0.756,1145,0,0,0,0
0.757,1184,0,0,0,0
0.758,1152,0,0,0,0
0.759,1139,0,0,0,0
0.76,1141,0,0,0,0
0.761,1179,0,0,0,0
0.762,1153,0,0,0,0
0.763,1147,0,0,0,0
0.764,1174,0,0,0,0
0.765,1144,0,0,0,0
0.766,1166,0,0,0,0
0.767,1148,0,0,0,0
0.768,1162,0,0,0,0
0.769,1168,0,0,0,0
0.77,1138,0,0,0,0
0.771,1144,0,0,0,0
0.772,1168,0,0,0,0
0.773,1140,0,0,0,0
0.774,1145,0,0,0,0
0.775,1182,0,0,0,0
0.776,1139,0,0,0,0
0.777,1146,0,0,0,0
0.778,1193,0,0,0,0
0.779,1158,0,0,0,0
0.78,1148,0,0,0,0
0.781,1142,0,0,0,0
0.782,1161,0,0,0,0
0.783,1149,0,0,0,0
0.784,1195,0,0,0,0
0.785,1174,0,0,0,0
0.786,1196,0,0,0,0
0.787,1170,0,0,0,0
0.788,1153,0,0,0,0
0.789,1156,0,0,0,0
0.79,1184,0,0,0,0
0.791,1143,0,0,0,0
0.792,1157,0,0,0,0
0.793,1184,0,0,0,0
0.794,1184,0,0,0,0
0.795,1192,0,0,0,0
0.796,1144,0,0,0,0
0.797,1177,0,0,0,0
0.798,1156,0,0,0,0
0.799,1194,0,0,0,0
0.8,1153,0,0,0,0
0.801,1193,0,0,0,0
0.802,1137,0,0,0,0
0.803,1150,0,0,0,0
0.804,1153,0,0,0,0
0.805,1198,0,0,0,0
0.806,1145,0,0,0,0
0.807,1186,0,0,0,0
0.808,1194,0,0,0,0
0.809,1140,0,0,0,0
0.81,1161,0,0,0,0
0.811,1164,0,0,0,0
0.812,1189,0,0,0,0
0.813,1162,0,0,0,0
0.814,1190,0,0,0,0
0.815,1162,0,0,0,0
0.816,1188,0,0,0,0
0.817,1153,0,0,0,0
0.818,1179,0,0,0,0
0.819,1194,0,0,0,0
0.82,1169,0,0,0,0
0.821,1182,0,0,0,0
0.822,1144,0,0,0,0
0.823,1174,0,0,0,0
0.824,1191,0,0,0,0
0.825,1194,0,0,0,0
0.826,1192,0,0,0,0
0.827,1159,0,0,0,0
0.828,1146,0,0,0,0
0.829,1158,0,0,0,0
0.83,1165,0,0,0,0
0.831,1177,0,0,0,0
0.832,1154,0,0,0,0
0.833,1182,0,0,0,0
0.834,1146,0,0,0,0
0.835,1148,0,0,0,0
0.836,1143,0,0,0,0
0.837,1143,0,0,0,0
0.838,1153,0,0,0,0
0.839,1161,0,0,0,0
0.84,1142,0,0,0,0
0.841,1153,0,0,0,0
0.842,1141,0,0,0,0
0.843,1157,0,0,0,0
0.844,1149,0,0,0,0
0.845,1160,0,0,0,0
0.846,1148,0,0,0,0
0.847,1169,0,0,0,0
0.848,1134,0,0,0,0
0.849,1144,0,0,0,0
0.85,1160,0,0,0,0
0.851,1150,0,0,0,0
0.852,1160,0,0,0,0
0.853,1178,0,0,0,0
0.854,1162,0,0,0,0
0.855,1141,0,0,0,0
0.856,1153,0,0,0,0
0.857,1158,0,0,0,0
0.858,1160,0,0,0,0
0.859,1164,0,0,0,0
0.86,1147,0,0,0,0
0.861,1152,0,0,0,0
0.862,1152,0,0,0,0
0.863,1160,0,0,0,0
0.864,1140,0,0,0,0
0.865,1146,0,0,0,0
0.866,1152,0,0,0,0
0.867,1152,0,0,0,0
0.868,1144,0,0,0,0
0.869,1193,0,0,0,0
0.87,1192,0,0,0,0
0.871,1145,0,0,0,0
0.872,1154,0,0,0,0
0.873,1176,0,0,0,0
0.874,1140,0,0,0,0
0.875,1154,0,0,0,0
0.876,1152,0,0,0,0
0.877,1188,0,0,0,0
0.878,1146,0,0,0,0
0.879,1133,0,0,0,0
0.88,1140,0,0,0,0
0.881,1182,0,0,0,0
0.882,1156,0,0,0,0
0.883,1160,0,0,0,0
0.884,1156,0,0,0,0
0.885,1171,0,0,0,0
0.886,1148,0,0,0,0
0.887,1157,0,0,0,0
0.888,1170,0,0,0,0
0.889,1156,0,0,0,0
0.89,1168,0,0,0,0
0.891,1148,0,0,0,0
0.892,1134,0,0,0,0
0.893,1142,0,0,0,0
0.894,1160,0,0,0,0
0.895,1156,0,0,0,0
0.896,1166,0,0,0,0
0.897,1181,0,0,0,0
0.898,1150,0,0,0,0
0.899,1155,0,0,0,0
0.9,1152,0,0,0,0
0.901,1137,0,0,0,0
0.902,1172,0,0,0,0
0.903,1147,0,0,0,0
0.904,1189,0,0,0,0
0.905,1189,0,0,0,0
0.906,1168,0,0,0,0
0.907,1195,0,0,0,0
0.908,1149,0,0,0,0
0.909,1188,0,0,0,0
0.91,1147,0,0,0,0
0.911,1148,0,0,0,0
0.912,1152,0,0,0,0
0.913,1160,0,0,0,0
0.914,1153,0,0,0,0
0.915,1160,0,0,0,0
0.916,1143,0,0,0,0
0.917,1138,0,0,0,0
0.918,1193,0,0,0,0
0.919,1147,0,0,0,0
0.92,1154,0,0,0,0
0.921,1152,0,0,0,0
0.922,1156,0,0,0,0
0.923,1172,0,0,0,0
0.924,1192,0,0,0,0
0.925,1185,0,0,0,0
0.926,1152,0,0,0,0
0.927,1145,0,0,0,0
0.928,1139,0,0,0,0
0.929,1140,0,0,0,0
0.93,1190,0,0,0,0
0.931,1152,0,0,0,0
0.932,1200,0,0,0,0
0.933,1176,0,0,0,0
0.934,1192,0,0,0,0
0.935,1194,0,0,0,0
0.936,1164,0,0,0,0
0.937,1136,0,0,0,0
0.938,1180,0,0,0,0
0.939,1150,0,0,0,0
0.94,1144,0,0,0,0
0.941,1152,0,0,0,0
0.942,1135,0,0,0,0
0.943,1180,0,0,0,0
0.944,1152,0,0,0,0
0.945,1180,0,0,0,0
0.946,1138,0,0,0,0
0.947,1140,0,0,0,0
0.948,1176,0,0,0,0
0.949,1196,0,0,0,0
0.95,1138,0,0,0,0
0.951,1177,0,0,0,0
0.952,1186,0,0,0,0
0.953,1178,0,0,0,0
0.954,1152,0,0,0,0
0.955,1171,0,0,0,0
0.956,1149,0,0,0,0
0.957,1148,0,0,0,0
0.958,1178,0,0,0,0
0.959,1137,0,0,0,0
0.96,1138,0,0,0,0
0.961,1138,0,0,0,0
0.962,1184,0,0,0,0
0.963,1152,0,0,0,0
0.964,1156,0,0,0,0
0.965,1168,0,0,0,0
0.966,1143,0,0,0,0
0.967,1160,0,0,0,0
0.968,1158,0,0,0,0
0.969,1146,0,0,0,0
0.97,1157,0,0,0,0
0.971,1141,0,0,0,0
0.972,1156,0,0,0,0
0.973,1165,0,0,0,0
0.974,1154,0,0,0,0
0.975,1167,0,0,0,0
0.976,1188,0,0,0,0
0.977,1150,0,0,0,0
0.978,1172,0,0,0,0
0.979,1153,0,0,0,0
0.98,1137,0,0,0,0
0.981,1184,0,0,0,0
0.982,1187,0,0,0,0
0.983,1147,0,0,0,0
0.984,1147,0,0,0,0
0.985,1157,0,0,0,0
0.986,1165,0,0,0,0
0.987,1157,0,0,0,0
0.988,1140,0,0,0,0
0.989,1140,0,0,0,0
0.99,1156,0,0,0,0
0.991,1152,0,0,0,0
0.992,1158,0,0,0,0
0.993,1166,0,0,0,0
0.994,1161,0,0,0,0
0.995,1152,0,0,0,0
0.996,1142,0,0,0,0
0.997,1149,0,0,0,0
0.998,1163,0,0,0,0
0.999,1154,0,0,0,0
1,1150,0,0,0,0
