Meter S/N:, "0639B14R"
Sensor, THERMO,SINGLE, 0719B14R
Date, 5/8/2014 11:07:06 AM
Units,W
TimeStampResolution,Ultra
Timestamp, Measurement, Sequence, Flags, Flags (interpreted)
0.0000000, 0.0134636322036386, 0, 0, 0
0.0000016, 0.0109119825065136, 0, 0, 0
0.0000032, 0.00836033280938864, 0, 0, 0
0.0000048, 0.0252404771745205, 0, 0, 0
0.0000064, 0.0205297395586967, 0, 0, 0
0.0000080, 0.0126785095781088, 0, 0, 0
0.0000096, 0.00659380620345473, 0, 0, 0
0.0000112, 0.00600496400147676, 0, 0, 0
0.0000128, 0.0154264401644468, 0, 0, 0
0.0000144, 0.0244553536176682, 0, 0, 0
0.0000160, 0.0160152819007635, 0, 0, 0
0.0000176, 0.00443471828475595, 0, 0, 0
0.0000192, 0.00482727959752083, 0, 0, 0
0.0000208, 0.0252404771745205, 0, 0, 0
0.0000224, 0.0150338783860207, 0, 0, 0
0.0000240, 0.0115008251741529, 0, 0, 0
0.0000256, 0.0183706507086754, 0, 0, 0
0.0000272, 0.0134636322036386, 0, 0, 0
0.0000288, 0.0111082633957267, 0, 0, 0
0.0000304, -0.00106114277150482, 0, 32, NegativePower
0.0000320, 0.0236702300608158, 0, 0, 0
0.0000336, 0.0148375974968076, 0, 0, 0
0.0000352, 0.0352507941424847, 0, 0, 0
0.0000368, 0.0230813883244991, 0, 0, 0
0.0000384, 0.0150338783860207, 0, 0, 0
0.0000400, 0.0189594924449921, 0, 0, 0
0.0000416, 0.016211561858654, 0, 0, 0
0.0000432, 0.00521984091028571, 0, 0, 0
0.0000448, 0.00816405192017555, 0, 0, 0
0.0000464, 0.0156227201223373, 0, 0, 0
0.0000480, 0.0140524748712778, 0, 0, 0
0.0000496, 0.0168004054576159, 0, 0, 0
0.0000512, 0.0258293189108372, 0, 0, 0
0.0000528, 0.0128747904673219, 0, 0, 0
0.0000544, 0.0209223013371229, 0, 0, 0
0.0000560, 0.0150338783860207, 0, 0, 0
0.0000576, 0.0228851083666086, 0, 0, 0
0.0000592, 0.0130710704252124, 0, 0, 0
0.0000608, 0.0317177399992943, 0, 0, 0
0.0000624, 0.0173892471939325, 0, 0, 0
0.0000640, 0.025436757132411, 0, 0, 0
0.0000656, 0.0283809695392847, 0, 0, 0
0.0000672, 0.0252404771745205, 0, 0, 0
0.0000688, 0.0222962666302919, 0, 0, 0
0.0000704, 0.018566932529211, 0, 0, 0
0.0000720, 0.0026681914459914, 0, 0, 0
0.0000736, 0.0189594924449921, 0, 0, 0
0.0000752, 0.015819001942873, 0, 0, 0
0.0000768, 0.00443471828475595, 0, 0, 0
0.0000784, 0.0120896669104695, 0, 0, 0
0.0000800, 0.038783848285675, 0, 0, 0
0.0000816, 0.0277921259403229, 0, 0, 0
0.0000832, 0.0217074230313301, 0, 0, 0
0.0000848, 0.0215111430734396, 0, 0, 0
0.0000864, 0.0103231407701969, 0, 0, 0
0.0000880, 0.0250441953539848, 0, 0, 0
0.0000896, 0.00561240268871188, 0, 0, 0
0.0000912, 0.00894917547702789, 0, 0, 0
0.0000928, 0.0330917052924633, 0, 0, 0
0.0000944, 0.0215111430734396, 0, 0, 0
0.0000960, 0.0177818089723587, 0, 0, 0
0.0000976, 0.0107157016173005, 0, 0, 0
0.0000992, -0.00184626574628055, 0, 32, NegativePower
0.0001008, 0.00894917547702789, 0, 0, 0
0.0001024, 0.0211185812950134, 0, 0, 0
0.0001040, 0.0191557742655277, 0, 0, 0
0.0001056, 0.00914545636624098, 0, 0, 0
0.0001072, 0.0295586530119181, 0, 0, 0
0.0001088, 0.0317177399992943, 0, 0, 0
0.0001104, 0.0183706507086754, 0, 0, 0
0.0001120, 0.0183706507086754, 0, 0, 0
0.0001136, 0.0213148612529039, 0, 0, 0
0.0001152, 0.0213148612529039, 0, 0, 0
0.0001168, 0.0230813883244991, 0, 0, 0
0.0001184, 0.0111082633957267, 0, 0, 0
0.0001200, 0.0323065854609013, 0, 0, 0
0.0001216, 0.0142487548291683, 0, 0, 0
0.0001232, 0.0197446160018444, 0, 0, 0
0.0001248, 0.0187632124871016, 0, 0, 0
0.0001264, 0.00404215650632977, 0, 0, 0
0.0001280, 0.00620124489068985, 0, 0, 0
0.0001296, 0.0113045442849398, 0, 0, 0
0.0001312, 0.0101268598809838, 0, 0, 0
0.0001328, 0.00659380620345473, 0, 0, 0
0.0001344, 0.0156227201223373, 0, 0, 0
0.0001360, 0.0169966854155064, 0, 0, 0
0.0001376, 0.0146413166075945, 0, 0, 0
0.0001392, 0.0054161217994988, 0, 0, 0
0.0001408, 0.0130710704252124, 0, 0, 0
0.0001424, 0.00953801721334457, 0, 0, 0
0.0001440, 0.0187632124871016, 0, 0, 0
0.0001456, 0.00502356048673391, 0, 0, 0
0.0001472, 0.0115008251741529, 0, 0, 0
0.0001488, 0.00679008709266782, 0, 0, 0
0.0001504, 0.00894917547702789, 0, 0, 0
0.0001520, 0.0111082633957267, 0, 0, 0
0.0001536, 0.0026681914459914, 0, 0, 0
0.0001552, 0.0195483360439539, 0, 0, 0
0.0001568, 0.0220999848097563, 0, 0, 0
0.0001584, 0.0242590736597776, 0, 0, 0
0.0001600, 0.00796777103096247, 0, 0, 0
0.0001616, 0.0211185812950134, 0, 0, 0
0.0001632, 0.0107157016173005, 0, 0, 0
0.0001648, 0.00659380620345473, 0, 0, 0
0.0001664, 0.0252404771745205, 0, 0, 0
0.0001680, 0.00777149060741067, 0, 0, 0
0.0001696, 0.00993057899177074, 0, 0, 0
0.0001712, 0.0128747904673219, 0, 0, 0
0.0001728, 0.00914545636624098, 0, 0, 0
0.0001744, 0.00934173632413149, 0, 0, 0
0.0001760, 0.0107157016173005, 0, 0, 0
0.0001776, 0.017585527151823, 0, 0, 0
0.0001792, 0.0201371777802706, 0, 0, 0
0.0001808, 0.0236702300608158, 0, 0, 0
0.0001824, 0.0101268598809838, 0, 0, 0
0.0001840, 0.0201371777802706, 0, 0, 0
0.0001856, 0.0201371777802706, 0, 0, 0
0.0001872, 0.0213148612529039, 0, 0, 0
0.0001888, 0.0222962666302919, 0, 0, 0
0.0001904, 0.00580868311226368, 0, 0, 0
0.0001920, 0.0154264401644468, 0, 0, 0
0.0001936, 0.0264181606471539, 0, 0, 0
0.0001952, 0.0146413166075945, 0, 0, 0
0.0001968, 0.0177818089723587, 0, 0, 0
0.0001984, 0.0154264401644468, 0, 0, 0
0.0002000, 0.0132673513144255, 0, 0, 0
0.0002016, 0.0103231407701969, 0, 0, 0
0.0002032, 0.0177818089723587, 0, 0, 0
0.0002048, 0.0187632124871016, 0, 0, 0
0.0002064, 0.0144450357183814, 0, 0, 0
0.0002080, 0.00109794538002461, 0, 0, 0
0.0002096, 0.0118933860212564, 0, 0, 0
0.0002112, -0.00243510794825852, 0, 32, NegativePower
0.0002128, 0.0140524748712778, 0, 0, 0
0.0002144, 0.00443471828475595, 0, 0, 0
0.0002160, 0.0120896669104695, 0, 0, 0
0.0002176, 0.0103231407701969, 0, 0, 0
0.0002192, 0.0140524748712778, 0, 0, 0
0.0002208, 0.00482727959752083, 0, 0, 0
0.0002224, 0.022688826546073, 0, 0, 0
0.0002240, 0.0217074230313301, 0, 0, 0
0.0002256, 0.018566932529211, 0, 0, 0
0.0002272, 0.00679008709266782, 0, 0, 0
0.0002288, 0.0164078436791897, 0, 0, 0
0.0002304, 0.0181743707507849, 0, 0, 0
0.0002320, 0.0103231407701969, 0, 0, 0
0.0002336, 0.00894917547702789, 0, 0, 0
0.0002352, 0.0222962666302919, 0, 0, 0
0.0002368, 0.0128747904673219, 0, 0, 0
0.0002384, 0.0150338783860207, 0, 0, 0
0.0002400, 0.0238665118813515, 0, 0, 0
0.0002416, 0.0168004054576159, 0, 0, 0
0.0002432, 0.00698636751621962, 0, 0, 0
0.0002448, 0.00561240268871188, 0, 0, 0
0.0002464, 0.0258293189108372, 0, 0, 0
0.0002480, 0.0126785095781088, 0, 0, 0
0.0002496, 0.00855661369860172, 0, 0, 0
0.0002512, 0.0250441953539848, 0, 0, 0
0.0002528, 0.0234739501029253, 0, 0, 0
0.0002544, 0.0301474947482347, 0, 0, 0
0.0002560, 0.0215111430734396, 0, 0, 0
0.0002576, 0.018566932529211, 0, 0, 0
0.0002592, 0.0224925465881824, 0, 0, 0
0.0002608, 0.00757521018385887, 0, 0, 0
0.0002624, 0.0115008251741529, 0, 0, 0
0.0002640, 0.0130710704252124, 0, 0, 0
0.0002656, 0.00247191055677831, 0, 0, 0
0.0002672, 0.0107157016173005, 0, 0, 0
0.0002688, 0.0181743707507849, 0, 0, 0
0.0002704, 0.0183706507086754, 0, 0, 0
0.0002720, 0.0315214619040489, 0, 0, 0
0.0002736, 0.0209223013371229, 0, 0, 0
0.0002752, 0.00345331430435181, 0, 0, 0
0.0002768, 0.0191557742655277, 0, 0, 0
0.0002784, 0.0173892471939325, 0, 0, 0
0.0002800, 0.0118933860212564, 0, 0, 0
0.0002816, 0.0138561939820647, 0, 0, 0
0.0002832, 0.0126785095781088, 0, 0, 0
0.0002848, 0.0134636322036386, 0, 0, 0
0.0002864, 0.0168004054576159, 0, 0, 0
0.0002880, 0.0219037048518658, 0, 0, 0
0.0002896, 0.0203334577381611, 0, 0, 0
0.0002912, 0.024062791839242, 0, 0, 0
0.0002928, 0.0228851083666086, 0, 0, 0
0.0002944, 0.0295586530119181, 0, 0, 0
0.0002960, 0.0215111430734396, 0, 0, 0
0.0002976, 0.0295586530119181, 0, 0, 0
0.0002992, 0.0156227201223373, 0, 0, 0
0.0003008, 0.0181743707507849, 0, 0, 0
0.0003024, 0.0321103036403656, 0, 0, 0
0.0003040, 0.0191557742655277, 0, 0, 0
0.0003056, 0.022688826546073, 0, 0, 0
0.0003072, 0.0203334577381611, 0, 0, 0
0.0003088, 0.00875289458781481, 0, 0, 0
0.0003104, 0.024062791839242, 0, 0, 0
0.0003120, 0.0209223013371229, 0, 0, 0
0.0003136, 0.0220999848097563, 0, 0, 0
0.0003152, 0.0303437765687704, 0, 0, 0
0.0003168, 0.0140524748712778, 0, 0, 0
0.0003184, 0.0107157016173005, 0, 0, 0
0.0003200, 0.00737892929464579, 0, 0, 0
0.0003216, 0.0105194207280874, 0, 0, 0
0.0003232, 0.0169966854155064, 0, 0, 0
0.0003248, 0.0291660912334919, 0, 0, 0
0.0003264, 0.015819001942873, 0, 0, 0
0.0003280, 0.00521984091028571, 0, 0, 0
0.0003296, 0.0164078436791897, 0, 0, 0
0.0003312, 0.0256330389529467, 0, 0, 0
0.0003328, 0.0144450357183814, 0, 0, 0
0.0003344, 0.00934173632413149, 0, 0, 0
0.0003360, 0.0283809695392847, 0, 0, 0
0.0003376, 0.0244553536176682, 0, 0, 0
0.0003392, 0.017585527151823, 0, 0, 0
0.0003408, 0.0213148612529039, 0, 0, 0
0.0003424, 0.0283809695392847, 0, 0, 0
0.0003440, 0.0103231407701969, 0, 0, 0
0.0003456, 0.0246516354382038, 0, 0, 0
0.0003472, 0.0138561939820647, 0, 0, 0
0.0003488, 0.00875289458781481, 0, 0, 0
0.0003504, 0.0264181606471539, 0, 0, 0
0.0003520, 0.0152301592752337, 0, 0, 0
0.0003536, 0.0136599130928516, 0, 0, 0
0.0003552, 0.0222962666302919, 0, 0, 0
0.0003568, 0.0132673513144255, 0, 0, 0
0.0003584, 0.00934173632413149, 0, 0, 0
0.0003600, 0.0132673513144255, 0, 0, 0
0.0003616, 0.015819001942873, 0, 0, 0
0.0003632, 0.0187632124871016, 0, 0, 0
0.0003648, 0.0317177399992943, 0, 0, 0
0.0003664, 0.0244553536176682, 0, 0, 0
0.0003680, 0.00521984091028571, 0, 0, 0
0.0003696, 0.0183706507086754, 0, 0, 0
0.0003712, 0.0262218806892633, 0, 0, 0
0.0003728, 0.022688826546073, 0, 0, 0
0.0003744, 0.0264181606471539, 0, 0, 0
0.0003760, 0.0264181606471539, 0, 0, 0
0.0003776, 0.0199408959597349, 0, 0, 0
0.0003792, 0.0207260195165873, 0, 0, 0
0.0003808, 0.0209223013371229, 0, 0, 0
0.0003824, 0.0193520542234182, 0, 0, 0
0.0003840, 0.0344656705856323, 0, 0, 0
0.0003856, 0.0460462346673012, 0, 0, 0
0.0003872, 0.00620124489068985, 0, 0, 0
0.0003888, 0.0177818089723587, 0, 0, 0
0.0003904, -0.00380907324142754, 0, 32, NegativePower
0.0003920, 0.0122859477996826, 0, 0, 0
0.0003936, 0.00894917547702789, 0, 0, 0
0.0003952, 0.024062791839242, 0, 0, 0
0.0003968, 0.0323065854609013, 0, 0, 0
0.0003984, 0.0246516354382038, 0, 0, 0
0.0004000, 0.0215111430734396, 0, 0, 0
0.0004016, 0.0134636322036386, 0, 0, 0
0.0004032, 0.0144450357183814, 0, 0, 0
0.0004048, 0.0291660912334919, 0, 0, 0
0.0004064, 0.0130710704252124, 0, 0, 0
0.0004080, 0.018566932529211, 0, 0, 0
0.0004096, 0.00934173632413149, 0, 0, 0
0.0004112, 0.0217074230313301, 0, 0, 0
0.0004128, 0.0146413166075945, 0, 0, 0
0.0004144, 0.036428477615118, 0, 0, 0
0.0004160, 0.0238665118813515, 0, 0, 0
0.0004176, 0.00698636751621962, 0, 0, 0
0.0004192, 0.00580868311226368, 0, 0, 0
0.0004208, 0.0134636322036386, 0, 0, 0
0.0004224, 0.0325028635561466, 0, 0, 0
0.0004240, 0.016211561858654, 0, 0, 0
0.0004256, 0.0181743707507849, 0, 0, 0
0.0004272, 0.0130710704252124, 0, 0, 0
0.0004288, 0.0203334577381611, 0, 0, 0
0.0004304, 0.0150338783860207, 0, 0, 0
0.0004320, 0.00109794538002461, 0, 0, 0
0.0004336, 0.0148375974968076, 0, 0, 0
0.0004352, 0.00934173632413149, 0, 0, 0
0.0004368, 0.0134636322036386, 0, 0, 0
0.0004384, -0.00204254640266299, 0, 32, NegativePower
0.0004400, 0.0189594924449921, 0, 0, 0
0.0004416, 0.0138561939820647, 0, 0, 0
0.0004432, 0.024062791839242, 0, 0, 0
0.0004448, 0.0179780889302492, 0, 0, 0
0.0004464, 0.0118933860212564, 0, 0, 0
0.0004480, 0.0183706507086754, 0, 0, 0
0.0004496, 0.0187632124871016, 0, 0, 0
0.0004512, 0.00953801721334457, 0, 0, 0
0.0004528, 0.0150338783860207, 0, 0, 0
0.0004544, 0.0103231407701969, 0, 0, 0
0.0004560, 0.0279884077608585, 0, 0, 0
0.0004576, 0.035054512321949, 0, 0, 0
0.0004592, 0.025436757132411, 0, 0, 0
0.0004608, 0.0224925465881824, 0, 0, 0
0.0004624, 0.0107157016173005, 0, 0, 0
0.0004640, 0.00914545636624098, 0, 0, 0
0.0004656, 0.0181743707507849, 0, 0, 0
0.0004672, 0.0191557742655277, 0, 0, 0
0.0004688, 0.0105194207280874, 0, 0, 0
0.0004704, 0.0246516354382038, 0, 0, 0
0.0004720, 0.0197446160018444, 0, 0, 0
0.0004736, 0.0248479153960943, 0, 0, 0
0.0004752, 0.00816405192017555, 0, 0, 0
0.0004768, 0.0211185812950134, 0, 0, 0
0.0004784, 0.018566932529211, 0, 0, 0
0.0004800, 0.0152301592752337, 0, 0, 0
0.0004816, 0.00914545636624098, 0, 0, 0
0.0004832, 0.0177818089723587, 0, 0, 0
0.0004848, 0.0340731106698513, 0, 0, 0
0.0004864, 0.0181743707507849, 0, 0, 0
0.0004880, 0.0146413166075945, 0, 0, 0
0.0004896, 0.00973429810255766, 0, 0, 0
0.0004912, 0.0166041236370802, 0, 0, 0
0.0004928, 0.0199408959597349, 0, 0, 0
0.0004944, 0.0134636322036386, 0, 0, 0
0.0004960, 0.0150338783860207, 0, 0, 0
0.0004976, 0.495921701192856, 0, 0, 0
0.0004992, 3.70982265472412, 0, 0, 0
0.0005008, 5.65398359298706, 0, 1, TriggerDetected
0.0005024, 7.16750431060791, 0, 0, 0
0.0005040, 8.62744045257568, 0, 0, 0
0.0005056, 10.0477275848389, 0, 0, 0
0.0005072, 11.4534902572632, 0, 0, 0
0.0005088, 12.7709264755249, 0, 0, 0
0.0005104, 14.0502843856812, 0, 0, 0
0.0005120, 15.2958822250366, 0, 0, 0
0.0005136, 16.4751377105713, 0, 0, 0
0.0005152, 17.6241645812988, 0, 0, 0
0.0005168, 18.7107753753662, 0, 0, 0
0.0005184, 19.7406597137451, 0, 0, 0
0.0005200, 20.7495422363281, 0, 0, 0
0.0005216, 21.6840362548828, 0, 0, 0
0.0005232, 22.5937957763672, 0, 0, 0
0.0005248, 23.4527206420898, 0, 0, 0
0.0005264, 24.2767086029053, 0, 0, 0
0.0005280, 25.0522136688232, 0, 0, 0
0.0005296, 25.8198661804199, 0, 0, 0
0.0005312, 26.5233364105225, 0, 0, 0
0.0005328, 27.1965808868408, 0, 0, 0
0.0005344, 27.8499984741211, 0, 0, 0
0.0005360, 28.4488506317139, 0, 0, 0
0.0005376, 29.0637989044189, 0, 0, 0
0.0005392, 29.6881675720215, 0, 0, 0
0.0005408, 30.2383422851563, 0, 0, 0
0.0005424, 30.657205581665, 0, 0, 0
0.0005440, 31.1017818450928, 0, 0, 0
0.0005456, 31.5292816162109, 0, 0, 0
0.0005472, 31.943826675415, 0, 0, 0
0.0005488, 32.3283386230469, 0, 0, 0
0.0005504, 32.7238464355469, 0, 0, 0
0.0005520, 33.0995254516602, 0, 0, 0
0.0005536, 33.4614677429199, 0, 0, 0
0.0005552, 33.8104553222656, 0, 0, 0
0.0005568, 34.1205787658691, 0, 0, 0
0.0005584, 34.4265823364258, 0, 0, 0
0.0005600, 34.7555465698242, 0, 0, 0
0.0005616, 35.0425109863281, 0, 0, 0
0.0005632, 35.3298645019531, 0, 0, 0
0.0005648, 35.5877799987793, 0, 0, 0
0.0005664, 35.8564872741699, 0, 0, 0
0.0005680, 36.1041946411133, 0, 0, 0
0.0005696, 36.3401222229004, 0, 0, 0
0.0005712, 36.5829200744629, 0, 0, 0
0.0005728, 36.8335723876953, 0, 0, 0
0.0005744, 37.0335807800293, 0, 0, 0
0.0005760, 37.2461547851563, 0, 0, 0
0.0005776, 37.4673614501953, 0, 0, 0
0.0005792, 37.6310615539551, 0, 0, 0
0.0005808, 37.3544998168945, 0, 0, 0
0.0005824, 36.6877365112305, 0, 0, 0
0.0005840, 35.80859375, 0, 0, 0
0.0005856, 34.8373985290527, 0, 0, 0
0.0005872, 33.7560844421387, 0, 0, 0
0.0005888, 32.6353225708008, 0, 0, 0
0.0005904, 31.4974842071533, 0, 0, 0
0.0005920, 30.3680839538574, 0, 0, 0
0.0005936, 29.2463397979736, 0, 0, 0
0.0005952, 28.1514854431152, 0, 0, 0
0.0005968, 27.0805778503418, 0, 0, 0
0.0005984, 26.0418605804443, 0, 0, 0
0.0006000, 25.0314064025879, 0, 0, 0
0.0006016, 24.0710048675537, 0, 0, 0
0.0006032, 23.15260887146, 0, 0, 0
0.0006048, 22.261100769043, 0, 0, 0
0.0006064, 21.4280853271484, 0, 0, 0
0.0006080, 20.6229419708252, 0, 0, 0
0.0006096, 19.8552875518799, 0, 0, 0
0.0006112, 19.1115798950195, 0, 0, 0
0.0006128, 18.4324493408203, 0, 0, 0
0.0006144, 17.7772636413574, 0, 0, 0
0.0006160, 17.1299304962158, 0, 0, 0
0.0006176, 16.5263671875, 0, 0, 0
0.0006192, 15.9701070785522, 0, 0, 0
0.0006208, 15.4087438583374, 0, 0, 0
0.0006224, 14.9078350067139, 0, 0, 0
0.0006240, 14.4124231338501, 0, 0, 0
0.0006256, 13.9397783279419, 0, 0, 0
0.0006272, 13.4881362915039, 0, 0, 0
0.0006288, 13.067310333252, 0, 0, 0
0.0006304, 12.6627759933472, 0, 0, 0
0.0006320, 12.2535305023193, 0, 0, 0
0.0006336, 11.8931589126587, 0, 0, 0
0.0006352, 11.5347509384155, 0, 0, 0
0.0006368, 11.1947927474976, 0, 0, 0
0.0006384, 10.8699474334717, 0, 0, 0
0.0006400, 10.5476551055908, 0, 0, 0
0.0006416, 10.2610845565796, 0, 0, 0
0.0006432, 9.96960830688477, 0, 0, 0
0.0006448, 9.6757755279541, 0, 0, 0
0.0006464, 9.41334819793701, 0, 0, 0
0.0006480, 9.16446399688721, 0, 0, 0
0.0006496, 8.90046691894531, 0, 0, 0
0.0006512, 8.66414451599121, 0, 0, 0
0.0006528, 8.4456844329834, 0, 0, 0
0.0006544, 8.21014785766602, 0, 0, 0
0.0006560, 7.9979681968689, 0, 0, 0
0.0006576, 7.78264808654785, 0, 0, 0
0.0006592, 7.58479690551758, 0, 0, 0
0.0006608, 7.397545337677, 0, 0, 0
0.0006624, 7.21186351776123, 0, 0, 0
0.0006640, 7.01067590713501, 0, 0, 0
0.0006656, 6.84403371810913, 0, 0, 0
0.0006672, 6.66757726669312, 0, 0, 0
0.0006688, 6.48719501495361, 0, 0, 0
0.0006704, 6.33645153045654, 0, 0, 0
0.0006720, 6.18296003341675, 0, 0, 0
0.0006736, 6.01023292541504, 0, 0, 0
0.0006752, 5.87676191329956, 0, 0, 0
0.0006768, 5.72798109054565, 0, 0, 0
0.0006784, 5.5733118057251, 0, 0, 0
0.0006800, 5.43552303314209, 0, 0, 0
0.0006816, 5.31068849563599, 0, 0, 0
0.0006832, 5.17466592788696, 0, 0, 0
0.0006848, 5.04669094085693, 0, 0, 0
0.0006864, 4.92126750946045, 0, 0, 0
0.0006880, 4.80428409576416, 0, 0, 0
0.0006896, 4.67375755310059, 0, 0, 0
0.0006912, 4.56403636932373, 0, 0, 0
0.0006928, 4.4566707611084, 0, 0, 0
0.0006944, 4.35028648376465, 0, 0, 0
0.0006960, 4.2342848777771, 0, 0, 0
0.0006976, 4.11926412582397, 0, 0, 0
0.0006992, 4.00365495681763, 0, 0, 0
0.0007008, 3.91159915924072, 0, 0, 0
0.0007024, 3.80227088928223, 0, 0, 0
0.0007040, 3.7106077671051, 0, 0, 0
0.0007056, 3.61639285087585, 0, 0, 0
0.0007072, 3.53120708465576, 0, 0, 0
0.0007088, 3.43993663787842, 0, 0, 0
0.0007104, 3.35278797149658, 0, 0, 0
0.0007120, 3.26681685447693, 0, 0, 0
0.0007136, 3.16592860221863, 0, 0, 0
0.0007152, 3.10135221481323, 0, 0, 0
0.0007168, 3.00890398025513, 0, 0, 0
0.0007184, 2.9372615814209, 0, 0, 0
0.0007200, 2.86169362068176, 0, 0, 0
0.0007216, 2.77729272842407, 0, 0, 0
0.0007232, 2.7152681350708, 0, 0, 0
0.0007248, 2.6349892616272, 0, 0, 0
0.0007264, 2.56629109382629, 0, 0, 0
0.0007280, 2.5021071434021, 0, 0, 0
0.0007296, 2.42948341369629, 0, 0, 0
0.0007312, 2.35195231437683, 0, 0, 0
0.0007328, 2.28089880943298, 0, 0, 0
0.0007344, 2.232417345047, 0, 0, 0
0.0007360, 2.1758885383606, 0, 0, 0
0.0007376, 2.11425638198853, 0, 0, 0
0.0007392, 2.05223178863525, 0, 0, 0
0.0007408, 1.99668431282043, 0, 0, 0
0.0007424, 1.94388473033905, 0, 0, 0
0.0007440, 1.87813067436218, 0, 0, 0
0.0007456, 1.82474231719971, 0, 0, 0
0.0007472, 1.76644694805145, 0, 0, 0
0.0007488, 1.72365772724152, 0, 0, 0
0.0007504, 1.68263506889343, 0, 0, 0
0.0007520, 1.63356494903564, 0, 0, 0
0.0007536, 1.58174681663513, 0, 0, 0
0.0007552, 1.52639555931091, 0, 0, 0
0.0007568, 1.50460839271545, 0, 0, 0
0.0007584, 1.44690191745758, 0, 0, 0
0.0007600, 1.38841021060944, 0, 0, 0
0.0007616, 1.37113749980927, 0, 0, 0
0.0007632, 1.30675745010376, 0, 0, 0
0.0007648, 1.26063144207001, 0, 0, 0
0.0007664, 1.24178850650787, 0, 0, 0
0.0007680, 1.1921294927597, 0, 0, 0
0.0007696, 1.16543531417847, 0, 0, 0
0.0007712, 1.12186098098755, 0, 0, 0
0.0007728, 1.09222257137299, 0, 0, 0
0.0007744, 1.03746032714844, 0, 0, 0
0.0007760, 1.01685082912445, 0, 0, 0
0.0007776, 0.981716513633728, 0, 0, 0
0.0007792, 0.937945961952209, 0, 0, 0
0.0007808, 0.922636032104492, 0, 0, 0
0.0007824, 0.863555550575256, 0, 0, 0
0.0007840, 0.849227011203766, 0, 0, 0
0.0007856, 0.82920640707016, 0, 0, 0
0.0007872, 0.779939949512482, 0, 0, 0
0.0007888, 0.723999917507172, 0, 0, 0
0.0007904, 0.715363562107086, 0, 0, 0
0.0007920, 0.671985507011414, 0, 0, 0
0.0007936, 0.676696240901947, 0, 0, 0
0.0007952, 0.639991760253906, 0, 0, 0
0.0007968, 0.609371960163116, 0, 0, 0
0.0007984, 0.590921580791473, 0, 0, 0
0.0008000, 0.556376159191132, 0, 0, 0
0.0008016, 0.534588992595673, 0, 0, 0
0.0008032, 0.511231601238251, 0, 0, 0
0.0008048, 0.488070458173752, 0, 0, 0
0.0008064, 0.458235800266266, 0, 0, 0
0.0008080, 0.439589112997055, 0, 0, 0
0.0008096, 0.412109822034836, 0, 0, 0
0.0008112, 0.398370176553726, 0, 0, 0
0.0008128, 0.377171844244003, 0, 0, 0
0.0008144, 0.359702855348587, 0, 0, 0
0.0008160, 0.346552044153214, 0, 0, 0
0.0008176, 0.324961185455322, 0, 0, 0
0.0008192, 0.304547965526581, 0, 0, 0
0.0008208, 0.301800042390823, 0, 0, 0
0.0008224, 0.264310419559479, 0, 0, 0
0.0008240, 0.252533584833145, 0, 0, 0
0.0008256, 0.234868317842484, 0, 0, 0
0.0008272, 0.197378695011139, 0, 0, 0
0.0008288, 0.202678263187408, 0, 0, 0
0.0008304, 0.190312579274178, 0, 0, 0
0.0008320, 0.179320856928825, 0, 0, 0
0.0008336, 0.162833273410797, 0, 0, 0
0.0008352, 0.147719666361809, 0, 0, 0
0.0008368, 0.13790562748909, 0, 0, 0
0.0008384, 0.127110183238983, 0, 0, 0
0.0008400, 0.123184569180012, 0, 0, 0
0.0008416, 0.114351935684681, 0, 0, 0
0.0008432, 0.0968829467892647, 0, 0, 0
0.0008448, 0.109837479889393, 0, 0, 0
0.0008464, 0.0762734711170197, 0, 0, 0
0.0008480, 0.0780399963259697, 0, 0, 0
0.0008496, 0.0782362744212151, 0, 0, 0
0.0008512, 0.0817693322896957, 0, 0, 0
0.0008528, 0.0672445595264435, 0, 0, 0
0.0008544, 0.072740413248539, 0, 0, 0
0.0008560, 0.0735255405306816, 0, 0, 0
0.0008576, 0.0564491152763367, 0, 0, 0
0.0008592, 0.0635152235627174, 0, 0, 0
0.0008608, 0.078432559967041, 0, 0, 0
0.0008624, 0.0735255405306816, 0, 0, 0
0.0008640, 0.0709738880395889, 0, 0, 0
0.0008656, 0.0705813318490982, 0, 0, 0
0.0008672, 0.0523272193968296, 0, 0, 0
0.0008688, 0.0578230805695057, 0, 0, 0
0.0008704, 0.0615524128079414, 0, 0, 0
0.0008720, 0.0607672929763794, 0, 0, 0
0.0008736, 0.0664594322443008, 0, 0, 0
0.0008752, 0.0497755706310272, 0, 0, 0
0.0008768, 0.0570379570126534, 0, 0, 0
0.0008784, 0.0668519958853722, 0, 0, 0
0.0008800, 0.0578230805695057, 0, 0, 0
0.0008816, 0.0519346594810486, 0, 0, 0
0.0008832, 0.0566453970968723, 0, 0, 0
0.0008848, 0.0448685511946678, 0, 0, 0
0.0008864, 0.0595896057784557, 0, 0, 0
0.0008880, 0.0625338181853294, 0, 0, 0
0.0008896, 0.056252833455801, 0, 0, 0
0.0008912, 0.0637115016579628, 0, 0, 0
0.0008928, 0.0556639917194843, 0, 0, 0
0.0008944, 0.0531123429536819, 0, 0, 0
0.0008960, 0.0564491152763367, 0, 0, 0
0.0008976, 0.0517383776605129, 0, 0, 0
0.0008992, 0.0531123429536819, 0, 0, 0
0.0009008, 0.0623375363647938, 0, 0, 0
0.0009024, 0.0597858875989914, 0, 0, 0
0.0009040, 0.0601784475147724, 0, 0, 0
0.0009056, 0.0568416751921177, 0, 0, 0
0.0009072, 0.0501681305468082, 0, 0, 0
0.0009088, 0.0552714318037033, 0, 0, 0
0.0009104, 0.053504902869463, 0, 0, 0
0.0009120, 0.0446722693741322, 0, 0, 0
0.0009136, 0.0538974665105343, 0, 0, 0
0.0009152, 0.0519346594810486, 0, 0, 0
0.0009168, 0.0476164817810059, 0, 0, 0
0.0009184, 0.0362321995198727, 0, 0, 0
0.0009200, 0.037017323076725, 0, 0, 0
0.0009216, 0.0470276400446892, 0, 0, 0
0.0009232, 0.0391764082014561, 0, 0, 0
0.0009248, 0.0511495359241962, 0, 0, 0
0.0009264, 0.0458499565720558, 0, 0, 0
0.0009280, 0.0462425164878368, 0, 0, 0
0.0009296, 0.0505606941878796, 0, 0, 0
0.0009312, 0.0474201999604702, 0, 0, 0
0.0009328, 0.0460462346673012, 0, 0, 0
0.0009344, 0.0407466553151608, 0, 0, 0
0.0009360, 0.0429057441651821, 0, 0, 0
0.0009376, 0.0470276400446892, 0, 0, 0
0.0009392, 0.0511495359241962, 0, 0, 0
0.0009408, 0.0415317788720131, 0, 0, 0
0.0009424, 0.054878868162632, 0, 0, 0
0.0009440, 0.0482053235173225, 0, 0, 0
0.0009456, 0.0552714318037033, 0, 0, 0
0.0009472, 0.0399615317583084, 0, 0, 0
0.0009488, 0.0464387983083725, 0, 0, 0
0.0009504, 0.0460462346673012, 0, 0, 0
0.0009520, 0.039765253663063, 0, 0, 0
0.0009536, 0.0438871458172798, 0, 0, 0
0.0009552, 0.0348582342267036, 0, 0, 0
0.0009568, 0.0499718524515629, 0, 0, 0
0.0009584, 0.0434945859014988, 0, 0, 0
0.0009600, 0.0417280606925488, 0, 0, 0
0.0009616, 0.0466350764036179, 0, 0, 0
0.0009632, 0.035054512321949, 0, 0, 0
0.0009648, 0.0495792888104916, 0, 0, 0
0.0009664, 0.0519346594810486, 0, 0, 0
0.0009680, 0.0444759912788868, 0, 0, 0
0.0009696, 0.038391288369894, 0, 0, 0
0.0009712, 0.0305400565266609, 0, 0, 0
0.0009728, 0.0509532541036606, 0, 0, 0
0.0009744, 0.0564491152763367, 0, 0, 0
0.0009760, 0.0495792888104916, 0, 0, 0
0.0009776, 0.0460462346673012, 0, 0, 0
0.0009792, 0.0399615317583084, 0, 0, 0
0.0009808, 0.0338768288493156, 0, 0, 0
0.0009824, 0.0307363383471966, 0, 0, 0
0.0009840, 0.0421206206083298, 0, 0, 0
0.0009856, 0.0299512147903442, 0, 0, 0
0.0009872, 0.0790214017033577, 0, 0, 0
0.0009888, 2.14055800437927, 0, 0, 0
0.0009904, 4.12731170654297, 0, 0, 0
0.0009920, 5.35014057159424, 0, 1, TriggerDetected
0.0009936, 6.51330041885376, 0, 0, 0
0.0009952, 7.6640944480896, 0, 0, 0
0.0009968, 8.78937149047852, 0, 0, 0
0.0009984, 9.89816188812256, 0, 0, 0
0.0010000, 10.9720134735107, 0, 0, 0
0.0010016, 12.0293779373169, 0, 0, 0
0.0010032, 13.0523929595947, 0, 0, 0
0.0010048, 14.0241794586182, 0, 0, 0
0.0010064, 14.9755525588989, 0, 0, 0
0.0010080, 15.8715734481812, 0, 0, 0
0.0010096, 16.7642593383789, 0, 0, 0
0.0010112, 17.6064987182617, 0, 0, 0
0.0010128, 18.4438323974609, 0, 0, 0
0.0010144, 19.2988319396973, 0, 0, 0
0.0010160, 20.0038719177246, 0, 0, 0
0.0010176, 20.6612167358398, 0, 0, 0
0.0010192, 21.3124752044678, 0, 0, 0
0.0010208, 21.9486217498779, 0, 0, 0
0.0010224, 22.5382499694824, 0, 0, 0
0.0010240, 23.1062850952148, 0, 0, 0
0.0010256, 23.6674518585205, 0, 0, 0
0.0010272, 24.2003536224365, 0, 0, 0
0.0010288, 24.6975345611572, 0, 0, 0
0.0010304, 25.2102184295654, 0, 0, 0
0.0010320, 25.656364440918, 0, 0, 0
0.0010336, 26.1221389770508, 0, 0, 0
0.0010352, 26.5325622558594, 0, 0, 0
0.0010368, 26.9861679077148, 0, 0, 0
0.0010384, 27.3775501251221, 0, 0, 0
0.0010400, 27.7760009765625, 0, 0, 0
0.0010416, 28.1471672058105, 0, 0, 0
0.0010432, 28.5210819244385, 0, 0, 0
0.0010448, 28.8596668243408, 0, 0, 0
0.0010464, 29.2108135223389, 0, 0, 0
0.0010480, 29.5342845916748, 0, 0, 0
0.0010496, 29.8500995635986, 0, 0, 0
0.0010512, 30.1633644104004, 0, 0, 0
0.0010528, 30.4530735015869, 0, 0, 0
0.0010544, 30.7310066223145, 0, 0, 0
0.0010560, 31.0213069915771, 0, 0, 0
0.0010576, 31.2911930084229, 0, 0, 0
0.0010592, 31.5589199066162, 0, 0, 0
0.0010608, 31.8447036743164, 0, 0, 0
0.0010624, 32.1456031799316, 0, 0, 0
0.0010640, 32.4239273071289, 0, 0, 0
0.0010656, 32.6382675170898, 0, 0, 0
0.0010672, 32.834156036377, 0, 0, 0
0.0010688, 33.0204277038574, 0, 0, 0
0.0010704, 33.1909942626953, 0, 0, 0
0.0010720, 33.4102401733398, 0, 0, 0
0.0010736, 33.5772743225098, 0, 0, 0
0.0010752, 33.7633476257324, 0, 0, 0
0.0010768, 33.9535446166992, 0, 0, 0
0.0010784, 34.1333389282227, 0, 0, 0
0.0010800, 34.1329460144043, 0, 0, 0
0.0010816, 33.7023048400879, 0, 0, 0
0.0010832, 33.0545806884766, 0, 0, 0
0.0010848, 32.2790718078613, 0, 0, 0
0.0010864, 31.430944442749, 0, 0, 0
0.0010880, 30.519416809082, 0, 0, 0
0.0010896, 29.5919895172119, 0, 0, 0
0.0010912, 28.6486644744873, 0, 0, 0
0.0010928, 27.7194728851318, 0, 0, 0
0.0010944, 26.7965602874756, 0, 0, 0
0.0010960, 25.8832664489746, 0, 0, 0
0.0010976, 24.9819450378418, 0, 0, 0
0.0010992, 24.1206645965576, 0, 0, 0
0.0011008, 23.2852935791016, 0, 0, 0
0.0011024, 22.4571857452393, 0, 0, 0
0.0011040, 21.6769695281982, 0, 0, 0
0.0011056, 20.9316921234131, 0, 0, 0
0.0011072, 20.1974048614502, 0, 0, 0
0.0011088, 19.5080661773682, 0, 0, 0
0.0011104, 18.8462085723877, 0, 0, 0
0.0011120, 18.191219329834, 0, 0, 0
0.0011136, 17.5835342407227, 0, 0, 0
0.0011152, 17.0039176940918, 0, 0, 0
0.0011168, 16.442554473877, 0, 0, 0
0.0011184, 15.9061193466187, 0, 0, 0
0.0011200, 15.3789091110229, 0, 0, 0
0.0011216, 14.9009656906128, 0, 0, 0
0.0011232, 14.4224328994751, 0, 0, 0
0.0011248, 13.967453956604, 0, 0, 0
0.0011264, 13.5370101928711, 0, 0, 0
0.0011280, 13.1126518249512, 0, 0, 0
0.0011296, 12.7083129882813, 0, 0, 0
0.0011312, 12.3455867767334, 0, 0, 0
0.0011328, 11.9736347198486, 0, 0, 0
0.0011344, 11.6134595870972, 0, 0, 0
0.0011360, 11.2831192016602, 0, 0, 0
0.0011376, 10.9539556503296, 0, 0, 0
0.0011392, 10.6371593475342, 0, 0, 0
0.0011408, 10.3450927734375, 0, 0, 0
0.0011424, 10.051064491272, 0, 0, 0
0.0011440, 9.77764511108398, 0, 0, 0
0.0011456, 9.51188182830811, 0, 0, 0
0.0011472, 9.23787307739258, 0, 0, 0
0.0011488, 9.00901031494141, 0, 0, 0
0.0011504, 8.74874210357666, 0, 0, 0
0.0011520, 8.52871131896973, 0, 0, 0
0.0011536, 8.29631519317627, 0, 0, 0
0.0011552, 8.08119106292725, 0, 0, 0
0.0011568, 7.85272026062012, 0, 0, 0
0.0011584, 7.65585088729858, 0, 0, 0
0.0011600, 7.44504499435425, 0, 0, 0
0.0011616, 7.25916719436646, 0, 0, 0
0.0011632, 7.06956005096436, 0, 0, 0
0.0011648, 6.86896133422852, 0, 0, 0
0.0011664, 6.69819688796997, 0, 0, 0
0.0011680, 6.51663732528687, 0, 0, 0
0.0011696, 6.35274267196655, 0, 0, 0
0.0011712, 6.21161699295044, 0, 0, 0
0.0011728, 6.06126594543457, 0, 0, 0
0.0011744, 5.90522289276123, 0, 0, 0
0.0011760, 5.75683450698853, 0, 0, 0
0.0011776, 5.64888000488281, 0, 0, 0
0.0011792, 5.49754762649536, 0, 0, 0
0.0011808, 5.3623104095459, 0, 0, 0
0.0011824, 5.21313667297363, 0, 0, 0
0.0011840, 5.09576082229614, 0, 0, 0
0.0011856, 4.96955251693726, 0, 0, 0
0.0011872, 4.82862281799316, 0, 0, 0
0.0011888, 4.69318914413452, 0, 0, 0
0.0011904, 4.57267284393311, 0, 0, 0
0.0011920, 4.47060680389404, 0, 0, 0
0.0011936, 4.3469500541687, 0, 0, 0
0.0011952, 4.23192930221558, 0, 0, 0
0.0011968, 4.13182640075684, 0, 0, 0
0.0011984, 4.02033853530884, 0, 0, 0
0.0012000, 3.92690920829773, 0, 0, 0
0.0012016, 3.81758069992065, 0, 0, 0
0.0012032, 3.70903754234314, 0, 0, 0
0.0012048, 3.6065788269043, 0, 0, 0
0.0012064, 3.53336620330811, 0, 0, 0
0.0012080, 3.42698216438293, 0, 0, 0
0.0012096, 3.32766389846802, 0, 0, 0
0.0012112, 3.24679636955261, 0, 0, 0
0.0012128, 3.15356302261353, 0, 0, 0
0.0012144, 3.08015394210815, 0, 0, 0
0.0012160, 2.98809838294983, 0, 0, 0
0.0012176, 2.90193104743958, 0, 0, 0
0.0012192, 2.82341885566711, 0, 0, 0
0.0012208, 2.75059866905212, 0, 0, 0
0.0012224, 2.67993760108948, 0, 0, 0
0.0012240, 2.60750985145569, 0, 0, 0
0.0012256, 2.52448320388794, 0, 0, 0
0.0012272, 2.46834683418274, 0, 0, 0
0.0012288, 2.40612578392029, 0, 0, 0
0.0012304, 2.33448338508606, 0, 0, 0
0.0012320, 2.26127076148987, 0, 0, 0
0.0012336, 2.1998348236084, 0, 0, 0
0.0012352, 2.12073373794556, 0, 0, 0
0.0012368, 2.06440114974976, 0, 0, 0
0.0012384, 2.00904989242554, 0, 0, 0
0.0012400, 1.96037232875824, 0, 0, 0
0.0012416, 1.89481461048126, 0, 0, 0
0.0012432, 1.83730435371399, 0, 0, 0
0.0012448, 1.8007960319519, 0, 0, 0
0.0012464, 1.73543465137482, 0, 0, 0
0.0012480, 1.67419505119324, 0, 0, 0
0.0012496, 1.62257313728333, 0, 0, 0
0.0012512, 1.57625091075897, 0, 0, 0
0.0012528, 1.54779016971588, 0, 0, 0
0.0012544, 1.47712910175323, 0, 0, 0
0.0012560, 1.42413330078125, 0, 0, 0
0.0012576, 1.38114786148071, 0, 0, 0
0.0012592, 1.36466026306152, 0, 0, 0
0.0012608, 1.31382358074188, 0, 0, 0
0.0012624, 1.24767696857452, 0, 0, 0
0.0012640, 1.21077620983124, 0, 0, 0
0.0012656, 1.16837954521179, 0, 0, 0
0.0012672, 1.1200944185257, 0, 0, 0
0.0012688, 1.0918300151825, 0, 0, 0
0.0012704, 1.04923713207245, 0, 0, 0
0.0012720, 1.0270574092865, 0, 0, 0
0.0012736, 0.972883880138397, 0, 0, 0
0.0012752, 0.931861221790314, 0, 0, 0
0.0012768, 0.903793096542358, 0, 0, 0
0.0012784, 0.883576154708862, 0, 0, 0
0.0012800, 0.834702253341675, 0, 0, 0
0.0012816, 0.801530838012695, 0, 0, 0
0.0012832, 0.755012273788452, 0, 0, 0
0.0012848, 0.740291237831116, 0, 0, 0
0.0012864, 0.685332596302032, 0, 0, 0
0.0012880, 0.67002272605896, 0, 0, 0
0.0012896, 0.633318245410919, 0, 0, 0
0.0012912, 0.614278972148895, 0, 0, 0
0.0012928, 0.596417427062988, 0, 0, 0
0.0012944, 0.563442289829254, 0, 0, 0
0.0012960, 0.528700590133667, 0, 0, 0
0.0012976, 0.495921701192856, 0, 0, 0
0.0012992, 0.468246102333069, 0, 0, 0
0.0013008, 0.43409326672554, 0, 0, 0
0.0013024, 0.419568479061127, 0, 0, 0
0.0013040, 0.406810253858566, 0, 0, 0
0.0013056, 0.371479719877243, 0, 0, 0
0.0013072, 0.35734748840332, 0, 0, 0
0.0013088, 0.321231842041016, 0, 0, 0
0.0013104, 0.313773185014725, 0, 0, 0
0.0013120, 0.29178974032402, 0, 0, 0
0.0013136, 0.254692673683167, 0, 0, 0
0.0013152, 0.266076952219009, 0, 0, 0
0.0013168, 0.223876595497131, 0, 0, 0
0.0013184, 0.199341490864754, 0, 0, 0
0.0013200, 0.202678263187408, 0, 0, 0
0.0013216, 0.175984084606171, 0, 0, 0
0.0013232, 0.169703111052513, 0, 0, 0
0.0013248, 0.145953133702278, 0, 0, 0
0.0013264, 0.144775450229645, 0, 0, 0
0.0013280, 0.132017195224762, 0, 0, 0
0.0013296, 0.117296144366264, 0, 0, 0
0.0013312, 0.111800283193588, 0, 0, 0
0.0013328, 0.100808560848236, 0, 0, 0
0.0013344, 0.106500707566738, 0, 0, 0
0.0013360, 0.110230036079884, 0, 0, 0
0.0013376, 0.0825544521212578, 0, 0, 0
0.0013392, 0.0929573327302933, 0, 0, 0
0.0013408, 0.0933498963713646, 0, 0, 0
0.0013424, 0.0788251236081123, 0, 0, 0
0.0013440, 0.0758809074759483, 0, 0, 0
0.0013456, 0.0894242823123932, 0, 0, 0
0.0013472, 0.0668519958853722, 0, 0, 0
0.0013488, 0.0809842050075531, 0, 0, 0
0.0013504, 0.0813767686486244, 0, 0, 0
0.0013520, 0.073721818625927, 0, 0, 0
0.0013536, 0.0780399963259697, 0, 0, 0
0.0013552, 0.0733292624354362, 0, 0, 0
0.0013568, 0.0590007640421391, 0, 0, 0
0.0013584, 0.074703224003315, 0, 0, 0
0.0013600, 0.0615524128079414, 0, 0, 0
0.0013616, 0.0713664516806602, 0, 0, 0
0.0013632, 0.074703224003315, 0, 0, 0
0.0013648, 0.0660668686032295, 0, 0, 0
0.0013664, 0.0829470157623291, 0, 0, 0
0.0013680, 0.0650854706764221, 0, 0, 0
0.0013696, 0.0748995020985603, 0, 0, 0
0.0013712, 0.0523272193968296, 0, 0, 0
0.0013728, 0.0694036409258842, 0, 0, 0
0.0013744, 0.0609635710716248, 0, 0, 0
0.0013760, 0.0733292624354362, 0, 0, 0
0.0013776, 0.0674408376216888, 0, 0, 0
0.0013792, 0.0652817487716675, 0, 0, 0
0.0013808, 0.0595896057784557, 0, 0, 0
0.0013824, 0.0595896057784557, 0, 0, 0
0.0013840, 0.0672445595264435, 0, 0, 0
0.0013856, 0.0580193623900414, 0, 0, 0
0.0013872, 0.0648891851305962, 0, 0, 0
0.0013888, 0.0556639917194843, 0, 0, 0
0.0013904, 0.0497755706310272, 0, 0, 0
0.0013920, 0.0601784475147724, 0, 0, 0
0.0013936, 0.0666557103395462, 0, 0, 0
0.0013952, 0.0484016053378582, 0, 0, 0
0.0013968, 0.0715627297759056, 0, 0, 0
0.0013984, 0.0621412582695484, 0, 0, 0
0.0014000, 0.0590007640421391, 0, 0, 0
0.0014016, 0.0652817487716675, 0, 0, 0
0.0014032, 0.0601784475147724, 0, 0, 0
0.0014048, 0.0654780268669128, 0, 0, 0
0.0014064, 0.0513458140194416, 0, 0, 0
0.0014080, 0.0605710111558437, 0, 0, 0
0.0014096, 0.0580193623900414, 0, 0, 0
0.0014112, 0.0597858875989914, 0, 0, 0
0.0014128, 0.0538974665105343, 0, 0, 0
0.0014144, 0.0478127636015415, 0, 0, 0
0.0014160, 0.0527197793126106, 0, 0, 0
0.0014176, 0.0540937446057796, 0, 0, 0
0.0014192, 0.0523272193968296, 0, 0, 0
0.0014208, 0.0623375363647938, 0, 0, 0
0.0014224, 0.0584119223058224, 0, 0, 0
0.0014240, 0.0684222429990768, 0, 0, 0
0.0014256, 0.0609635710716248, 0, 0, 0
0.0014272, 0.0609635710716248, 0, 0, 0
0.0014288, 0.05586027354002, 0, 0, 0
0.0014304, 0.0503644123673439, 0, 0, 0
0.0014320, 0.056252833455801, 0, 0, 0
0.0014336, 0.0431020259857178, 0, 0, 0
0.0014352, 0.0517383776605129, 0, 0, 0
0.0014368, 0.053504902869463, 0, 0, 0
0.0014384, 0.057234238833189, 0, 0, 0
0.0014400, 0.0593933276832104, 0, 0, 0
0.0014416, 0.0574305206537247, 0, 0, 0
0.0014432, 0.054486308246851, 0, 0, 0
0.0014448, 0.0597858875989914, 0, 0, 0
0.0014464, 0.0513458140194416, 0, 0, 0
0.0014480, 0.0590007640421391, 0, 0, 0
0.0014496, 0.0466350764036179, 0, 0, 0
0.0014512, 0.0436908677220345, 0, 0, 0
0.0014528, 0.0529160611331463, 0, 0, 0
0.0014544, 0.0615524128079414, 0, 0, 0
0.0014560, 0.0432983040809631, 0, 0, 0
0.0014576, 0.0446722693741322, 0, 0, 0
0.0014592, 0.0531123429536819, 0, 0, 0
0.0014608, 0.0452611111104488, 0, 0, 0
0.0014624, 0.0619449764490128, 0, 0, 0
0.0014640, 0.0476164817810059, 0, 0, 0
0.0014656, 0.0497755706310272, 0, 0, 0
0.0014672, 0.0566453970968723, 0, 0, 0
0.0014688, 0.0590007640421391, 0, 0, 0
0.0014704, 0.0511495359241962, 0, 0, 0
0.0014720, 0.0476164817810059, 0, 0, 0
0.0014736, 0.0590007640421391, 0, 0, 0
0.0014752, 0.0485978871583939, 0, 0, 0
0.0014768, 0.035643357783556, 0, 0, 0
0.0014784, 0.0491867288947105, 0, 0, 0
0.0014800, 0.037802442908287, 0, 0, 0
0.0014816, 0.0399615317583084, 0, 0, 0
0.0014832, 0.0470276400446892, 0, 0, 0
0.0014848, 0.0417280606925488, 0, 0, 0
0.0014864, 0.0556639917194843, 0, 0, 0
0.0014880, 0.0796102434396744, 0, 0, 0
0.0014896, 1.80688083171844, 0, 0, 0
0.0014912, 3.83936786651611, 0, 0, 0
0.0014928, 4.97975921630859, 0, 0, 0
0.0014944, 6.0080738067627, 0, 1, TriggerDetected
0.0014960, 7.0603346824646, 0, 0, 0
0.0014976, 8.10670757293701, 0, 0, 0
0.0014992, 9.11048698425293, 0, 0, 0
0.0015008, 10.1166219711304, 0, 0, 0
0.0015024, 11.098614692688, 0, 0, 0
0.0015040, 12.0329113006592, 0, 0, 0
0.0015056, 12.9467945098877, 0, 0, 0
0.0015072, 13.8359460830688, 0, 0, 0
0.0015088, 14.7111616134644, 0, 0, 0
0.0015104, 15.5445699691772, 0, 0, 0
0.0015120, 16.3506946563721, 0, 0, 0
0.0015136, 17.1366024017334, 0, 0, 0
0.0015152, 17.9713859558105, 0, 0, 0
0.0015168, 18.7667140960693, 0, 0, 0
0.0015184, 19.4118900299072, 0, 0, 0
0.0015200, 20.0566711425781, 0, 0, 0
0.0015216, 20.6867332458496, 0, 0, 0
0.0015232, 21.2914733886719, 0, 0, 0
0.0015248, 21.8655948638916, 0, 0, 0
0.0015264, 22.4230327606201, 0, 0, 0
0.0015280, 22.966926574707, 0, 0, 0
0.0015296, 23.5041465759277, 0, 0, 0
0.0015312, 24.0111408233643, 0, 0, 0
0.0015328, 24.5132255554199, 0, 0, 0
0.0015344, 25.0023574829102, 0, 0, 0
0.0015360, 25.4771614074707, 0, 0, 0
0.0015376, 25.9286060333252, 0, 0, 0
0.0015392, 26.3335342407227, 0, 0, 0
0.0015408, 26.7247219085693, 0, 0, 0
0.0015424, 27.1013832092285, 0, 0, 0
0.0015440, 27.459400177002, 0, 0, 0
0.0015456, 27.818790435791, 0, 0, 0
0.0015472, 28.1616916656494, 0, 0, 0
0.0015488, 28.4814338684082, 0, 0, 0
0.0015504, 28.797248840332, 0, 0, 0
0.0015520, 29.1091403961182, 0, 0, 0
0.0015536, 29.4161224365234, 0, 0, 0
0.0015552, 29.6938591003418, 0, 0, 0
0.0015568, 29.9869079589844, 0, 0, 0
0.0015584, 30.2670001983643, 0, 0, 0
0.0015600, 30.5058727264404, 0, 0, 0
0.0015616, 30.7798805236816, 0, 0, 0
0.0015632, 31.0134563446045, 0, 0, 0
0.0015648, 31.2880516052246, 0, 0, 0
0.0015664, 31.5169162750244, 0, 0, 0
0.0015680, 31.754415512085, 0, 0, 0
0.0015696, 31.9872035980225, 0, 0, 0
0.0015712, 32.2078247070313, 0, 0, 0
0.0015728, 32.4388465881348, 0, 0, 0
0.0015744, 32.6416053771973, 0, 0, 0
0.0015760, 32.8573150634766, 0, 0, 0
0.0015776, 33.0798988342285, 0, 0, 0
0.0015792, 33.2125854492188, 0, 0, 0
0.0015808, 33.027099609375, 0, 0, 0
0.0015824, 32.5108795166016, 0, 0, 0
0.0015840, 31.8545188903809, 0, 0, 0
0.0015856, 31.078031539917, 0, 0, 0
0.0015872, 30.229118347168, 0, 0, 0
0.0015888, 29.3525276184082, 0, 0, 0
0.0015904, 28.4800605773926, 0, 0, 0
0.0015920, 27.5901222229004, 0, 0, 0
0.0015936, 26.7005786895752, 0, 0, 0
0.0015952, 25.821044921875, 0, 0, 0
0.0015968, 24.953483581543, 0, 0, 0
0.0015984, 24.1320495605469, 0, 0, 0
0.0016000, 23.3080615997314, 0, 0, 0
0.0016016, 22.5245094299316, 0, 0, 0
0.0016032, 21.7666702270508, 0, 0, 0
0.0016048, 21.0317935943604, 0, 0, 0
0.0016064, 20.3243980407715, 0, 0, 0
0.0016080, 19.6427154541016, 0, 0, 0
0.0016096, 18.9885120391846, 0, 0, 0
0.0016112, 18.3600215911865, 0, 0, 0
0.0016128, 17.7541027069092, 0, 0, 0
0.0016144, 17.1844959259033, 0, 0, 0
0.0016160, 16.6221504211426, 0, 0, 0
0.0016176, 16.0784530639648, 0, 0, 0
0.0016192, 15.5698900222778, 0, 0, 0
0.0016208, 15.0736923217773, 0, 0, 0
0.0016224, 14.5759248733521, 0, 0, 0
0.0016240, 14.1264419555664, 0, 0, 0
0.0016256, 13.6963901519775, 0, 0, 0
0.0016272, 13.2639837265015, 0, 0, 0
0.0016288, 12.8651418685913, 0, 0, 0
0.0016304, 12.474739074707, 0, 0, 0
0.0016320, 12.087477684021, 0, 0, 0
0.0016336, 11.7190580368042, 0, 0, 0
0.0016352, 11.3875398635864, 0, 0, 0
0.0016368, 11.0342350006104, 0, 0, 0
0.0016384, 10.6985950469971, 0, 0, 0
0.0016400, 10.3816013336182, 0, 0, 0
0.0016416, 10.0787401199341, 0, 0, 0
0.0016432, 9.78667449951172, 0, 0, 0
0.0016448, 9.52522850036621, 0, 0, 0
0.0016464, 9.24847221374512, 0, 0, 0
0.0016480, 8.96484661102295, 0, 0, 0
0.0016496, 8.71988868713379, 0, 0, 0
0.0016512, 8.46295738220215, 0, 0, 0
0.0016528, 8.22957897186279, 0, 0, 0
0.0016544, 8.00287532806396, 0, 0, 0
0.0016560, 7.78323698043823, 0, 0, 0
0.0016576, 7.57046842575073, 0, 0, 0
0.0016592, 7.35868167877197, 0, 0, 0
0.0016608, 7.14964246749878, 0, 0, 0
0.0016624, 6.95238065719604, 0, 0, 0
0.0016640, 6.75531482696533, 0, 0, 0
0.0016656, 6.57061433792114, 0, 0, 0
0.0016672, 6.39572811126709, 0, 0, 0
0.0016688, 6.21004676818848, 0, 0, 0
0.0016704, 6.0567512512207, 0, 0, 0
0.0016720, 5.88520193099976, 0, 0, 0
0.0016736, 5.7179708480835, 0, 0, 0
0.0016752, 5.57409715652466, 0, 0, 0
0.0016768, 5.41923141479492, 0, 0, 0
0.0016784, 5.25435590744019, 0, 0, 0
0.0016800, 5.10243463516235, 0, 0, 0
0.0016816, 4.96013116836548, 0, 0, 0
0.0016832, 4.84432506561279, 0, 0, 0
0.0016848, 4.70830297470093, 0, 0, 0
0.0016864, 4.58327198028564, 0, 0, 0
0.0016880, 4.45981121063232, 0, 0, 0
0.0016896, 4.32712554931641, 0, 0, 0
0.0016912, 4.20327234268188, 0, 0, 0
0.0016928, 4.07902669906616, 0, 0, 0
0.0016944, 3.9887375831604, 0, 0, 0
0.0016960, 3.87469840049744, 0, 0, 0
0.0016976, 3.7671365737915, 0, 0, 0
0.0016992, 3.66389298439026, 0, 0, 0
0.0017008, 3.55927515029907, 0, 0, 0
0.0017024, 3.46329402923584, 0, 0, 0
0.0017040, 3.35553574562073, 0, 0, 0
0.0017056, 3.27368688583374, 0, 0, 0
0.0017072, 3.17024683952332, 0, 0, 0
0.0017088, 3.08349084854126, 0, 0, 0
0.0017104, 2.99555706977844, 0, 0, 0
0.0017120, 2.90880084037781, 0, 0, 0
0.0017136, 2.82263374328613, 0, 0, 0
0.0017152, 2.73901796340942, 0, 0, 0
0.0017168, 2.6714973449707, 0, 0, 0
0.0017184, 2.58552646636963, 0, 0, 0
0.0017200, 2.51584672927856, 0, 0, 0
0.0017216, 2.42948341369629, 0, 0, 0
0.0017232, 2.36157011985779, 0, 0, 0
0.0017248, 2.28443193435669, 0, 0, 0
0.0017264, 2.22221088409424, 0, 0, 0
0.0017280, 2.1472315788269, 0, 0, 0
0.0017296, 2.07715940475464, 0, 0, 0
0.0017312, 2.02082681655884, 0, 0, 0
0.0017328, 1.95369875431061, 0, 0, 0
0.0017344, 1.88460791110992, 0, 0, 0
0.0017360, 1.83161211013794, 0, 0, 0
0.0017376, 1.77861630916595, 0, 0, 0
0.0017392, 1.71698415279388, 0, 0, 0
0.0017408, 1.66693258285522, 0, 0, 0
0.0017424, 1.60942232608795, 0, 0, 0
0.0017440, 1.55524885654449, 0, 0, 0
0.0017456, 1.50048649311066, 0, 0, 0
0.0017472, 1.43296599388123, 0, 0, 0
0.0017488, 1.40372014045715, 0, 0, 0
0.0017504, 1.36446404457092, 0, 0, 0
0.0017520, 1.31284213066101, 0, 0, 0
0.0017536, 1.27927815914154, 0, 0, 0
0.0017552, 1.22628235816956, 0, 0, 0
0.0017568, 1.17348277568817, 0, 0, 0
0.0017584, 1.12990856170654, 0, 0, 0
0.0017600, 1.07632386684418, 0, 0, 0
0.0017616, 1.03000164031982, 0, 0, 0
0.0017632, 1.00821447372437, 0, 0, 0
0.0017648, 0.962481021881104, 0, 0, 0
0.0017664, 0.943049252033234, 0, 0, 0
0.0017680, 0.905363321304321, 0, 0, 0
0.0017696, 0.852563798427582, 0, 0, 0
0.0017712, 0.816840708255768, 0, 0, 0
0.0017728, 0.783473014831543, 0, 0, 0
0.0017744, 0.760900676250458, 0, 0, 0
0.0017760, 0.713204503059387, 0, 0, 0
0.0017776, 0.68376237154007, 0, 0, 0
0.0017792, 0.648235559463501, 0, 0, 0
0.0017808, 0.613297581672668, 0, 0, 0
0.0017824, 0.593473255634308, 0, 0, 0
0.0017840, 0.557357549667358, 0, 0, 0
0.0017856, 0.534000158309937, 0, 0, 0
0.0017872, 0.509268820285797, 0, 0, 0
0.0017888, 0.48689278960228, 0, 0, 0
0.0017904, 0.454506456851959, 0, 0, 0
0.0017920, 0.436252355575562, 0, 0, 0
0.0017936, 0.398762732744217, 0, 0, 0
0.0017952, 0.368928045034409, 0, 0, 0
0.0017968, 0.354795843362808, 0, 0, 0
0.0017984, 0.331831008195877, 0, 0, 0
0.0018000, 0.298070698976517, 0, 0, 0
0.0018016, 0.281190574169159, 0, 0, 0
0.0018032, 0.2735356092453, 0, 0, 0
0.0018048, 0.234868317842484, 0, 0, 0
0.0018064, 0.219558417797089, 0, 0, 0
0.0018080, 0.212884873151779, 0, 0, 0
0.0018096, 0.196201011538506, 0, 0, 0
0.0018112, 0.175787806510925, 0, 0, 0
0.0018128, 0.158122539520264, 0, 0, 0
0.0018144, 0.151841551065445, 0, 0, 0
0.0018160, 0.131428360939026, 0, 0, 0
0.0018176, 0.128484144806862, 0, 0, 0
0.0018192, 0.134961411356926, 0, 0, 0
0.0018208, 0.113370530307293, 0, 0, 0
0.0018224, 0.109837479889393, 0, 0, 0
0.0018240, 0.112977966666222, 0, 0, 0
0.0018256, 0.100808560848236, 0, 0, 0
0.0018272, 0.108856074512005, 0, 0, 0
0.0018288, 0.0998271629214287, 0, 0, 0
0.0018304, 0.0776474326848984, 0, 0, 0
0.0018320, 0.0966866686940193, 0, 0, 0
0.0018336, 0.0803953632712364, 0, 0, 0
0.0018352, 0.0790214017033577, 0, 0, 0
0.0018368, 0.0839284211397171, 0, 0, 0
0.0018384, 0.0860875099897385, 0, 0, 0
0.0018400, 0.0805916488170624, 0, 0, 0
0.0018416, 0.0770585909485817, 0, 0, 0
0.0018432, 0.0758809074759483, 0, 0, 0
0.0018448, 0.079413965344429, 0, 0, 0
0.0018464, 0.0825544521212578, 0, 0, 0
0.0018480, 0.0770585909485817, 0, 0, 0
0.0018496, 0.0731329768896103, 0, 0, 0
0.0018512, 0.104930460453033, 0, 0, 0
0.0018528, 0.0664594322443008, 0, 0, 0
0.0018544, 0.0719552934169769, 0, 0, 0
0.0018560, 0.0695999264717102, 0, 0, 0
0.0018576, 0.0709738880395889, 0, 0, 0
0.0018592, 0.0654780268669128, 0, 0, 0
0.0018608, 0.0768623128533363, 0, 0, 0
0.0018624, 0.075488343834877, 0, 0, 0
0.0018640, 0.0650854706764221, 0, 0, 0
0.0018656, 0.0650854706764221, 0, 0, 0
0.0018672, 0.0682259574532509, 0, 0, 0
0.0018688, 0.0690110847353935, 0, 0, 0
0.0018704, 0.0566453970968723, 0, 0, 0
0.0018720, 0.0646929070353508, 0, 0, 0
0.0018736, 0.0674408376216888, 0, 0, 0
0.0018752, 0.0538974665105343, 0, 0, 0
0.0018768, 0.0560565553605556, 0, 0, 0
0.0018784, 0.0607672929763794, 0, 0, 0
0.0018800, 0.0597858875989914, 0, 0, 0
0.0018816, 0.0644966289401054, 0, 0, 0
0.0018832, 0.0721515715122223, 0, 0, 0
0.0018848, 0.0631226599216461, 0, 0, 0
0.0018864, 0.0527197793126106, 0, 0, 0
0.0018880, 0.0625338181853294, 0, 0, 0
0.0018896, 0.0619449764490128, 0, 0, 0
0.0018912, 0.0540937446057796, 0, 0, 0
0.0018928, 0.0590007640421391, 0, 0, 0
0.0018944, 0.0503644123673439, 0, 0, 0
0.0018960, 0.0450648330152035, 0, 0, 0
0.0018976, 0.0703850463032722, 0, 0, 0
0.0018992, 0.0646929070353508, 0, 0, 0
0.0019008, 0.0666557103395462, 0, 0, 0
0.0019024, 0.0646929070353508, 0, 0, 0
0.0019040, 0.0752920657396317, 0, 0, 0
0.0019056, 0.0531123429536819, 0, 0, 0
0.0019072, 0.0487941652536392, 0, 0, 0
0.0019088, 0.0658705905079842, 0, 0, 0
0.0019104, 0.0652817487716675, 0, 0, 0
0.0019120, 0.058608204126358, 0, 0, 0
0.0019136, 0.0603747293353081, 0, 0, 0
0.0019152, 0.0499718524515629, 0, 0, 0
0.0019168, 0.0629263818264008, 0, 0, 0
0.0019184, 0.075488343834877, 0, 0, 0
0.0019200, 0.0682259574532509, 0, 0, 0
0.0019216, 0.0593933276832104, 0, 0, 0
0.0019232, 0.058608204126358, 0, 0, 0
0.0019248, 0.0564491152763367, 0, 0, 0
0.0019264, 0.0603747293353081, 0, 0, 0
0.0019280, 0.0560565553605556, 0, 0, 0
0.0019296, 0.0666557103395462, 0, 0, 0
0.0019312, 0.0599821694195271, 0, 0, 0
0.0019328, 0.0597858875989914, 0, 0, 0
0.0019344, 0.0776474326848984, 0, 0, 0
0.0019360, 0.0568416751921177, 0, 0, 0
0.0019376, 0.0434945859014988, 0, 0, 0
0.0019392, 0.05586027354002, 0, 0, 0
0.0019408, 0.0505606941878796, 0, 0, 0
0.0019424, 0.0407466553151608, 0, 0, 0
0.0019440, 0.0489904470741749, 0, 0, 0
0.0019456, 0.0444759912788868, 0, 0, 0
0.0019472, 0.0480090416967869, 0, 0, 0
0.0019488, 0.0503644123673439, 0, 0, 0
0.0019504, 0.0560565553605556, 0, 0, 0
0.0019520, 0.0531123429536819, 0, 0, 0
0.0019536, 0.0389801301062107, 0, 0, 0
0.0019552, 0.0525235012173653, 0, 0, 0
0.0019568, 0.0788251236081123, 0, 0, 0
0.0019584, 0.0460462346673012, 0, 0, 0
0.0019600, 0.0501681305468082, 0, 0, 0
0.0019616, 0.0434945859014988, 0, 0, 0
0.0019632, 0.0484016053378582, 0, 0, 0
0.0019648, 0.0499718524515629, 0, 0, 0
0.0019664, 0.0556639917194843, 0, 0, 0
0.0019680, 0.0440834276378155, 0, 0, 0
0.0019696, 0.0491867288947105, 0, 0, 0
0.0019712, 0.0588044822216034, 0, 0, 0
0.0019728, 0.0531123429536819, 0, 0, 0
0.0019744, 0.0607672929763794, 0, 0, 0
0.0019760, 0.0470276400446892, 0, 0, 0
0.0019776, 0.0362321995198727, 0, 0, 0
0.0019792, 0.0507569722831249, 0, 0, 0
0.0019808, 0.05762679874897, 0, 0, 0
0.0019824, 0.0495792888104916, 0, 0, 0
0.0019840, 0.054878868162632, 0, 0, 0
0.0019856, 0.0707776099443436, 0, 0, 0
0.0019872, 0.0299512147903442, 0, 0, 0
0.0019888, 0.0819656103849411, 0, 0, 0
0.0019904, 2.14978313446045, 0, 0, 0
0.0019920, 4.06371688842773, 0, 0, 0
0.0019936, 5.18899440765381, 0, 1, TriggerDetected
0.0019952, 6.24164772033691, 0, 0, 0
0.0019968, 7.26701831817627, 0, 0, 0
0.0019984, 8.31476497650146, 0, 0, 0
