Meter S/N:	REV_DA_16
Sensor	Thermo	Single	0781D14R	PM-Pro 150F HD
Date	3/16/2015 10:45:41 PM
Units	W
Timestamp	Measurement	Sequence	Flags	FlagsInterpreted	Period
0.0000000	1.04483	0	1	TriggerDetected	0
0.0000016	1.50114	0	0	0	0
0.0000032	1.96345	0	0	0	0
0.0000048	2.4183	0	0	0	0
0.0000064	2.84475	0	0	0	0
0.0000080	3.21255	0	0	0	0
0.0000096	3.40827	0	0	0	0
0.0000112	3.39344	0	0	0	0
0.0000128	3.23545	0	0	0	0
0.0000144	3.02546	0	0	0	0
0.0000160	2.7749	0	0	0	0
0.0000176	2.50278	0	0	0	0
0.0000192	2.23926	0	0	0	0
0.0000208	2.00117	0	0	0	0
0.0000224	1.77242	0	0	0	0
0.0000240	1.56298	0	0	0	0
0.0000256	1.36763	0	0	0	0
0.0000272	1.22309	0	0	0	0
0.0000288	1.05835	0	0	0	0
0.0000304	0.954221	0	0	0	0
0.0000320	0.843923	0	0	0	0
0.0000335	0.721639	0	0	0	0
0.0000352	0.636711	0	0	0	0
0.0000368	0.567193	0	0	0	0
0.0000384	0.514602	0	0	0	0
0.0000400	0.434033	0	0	0	0
0.0000416	0.388291	0	0	0	0
0.0000432	0.35932	0	0	0	0
0.0000448	0.316536	0	0	0	0
0.0000464	0.269548	0	0	0	0
0.0000480	0.250812	0	0	0	0
0.0000496	0.210362	0	0	0	0
0.0000512	0.195322	0	0	0	0
0.0000528	0.171993	0	0	0	0
0.0000544	0.151622	0	0	0	0
0.0000560	0.136894	0	0	0	0
0.0000576	0.123352	0	0	0	0
0.0000592	0.101892	0	0	0	0
0.0000608	0.0949847	0	0	0	0
0.0000624	0.09551	0	0	0	0
0.0000640	0.0774933	0	0	0	0
0.0000656	0.0632123	0	0	0	0
0.0000671	0.0584454	0	0	0	0
0.0000688	0.0524528	0	0	0	0
0.0000704	0.0475303	0	0	0	0
0.0000720	0.0285992	0	0	0	0
0.0000736	0.0363818	0	0	0	0
0.0000752	0.0258169	0	0	0	0
0.0000768	0.0124309	0	0	0	0
0.0000784	0.00793642	0	0	0	0
0.0000800	0.0184235	0	0	0	0
0.0000816	0.0189488	0	0	0	0
0.0000832	0.0107771	0	0	0	0
0.0000848	0.0062437	0	0	0	0
0.0000864	0.011925	0	0	0	0
0.0000880	0.0179565	0	0	0	0
0.0000896	0.00612696	0	0	0	0
0.0000911	0.00628262	0	0	0	0
0.0000928	0.0159525	0	0	0	0
0.0000944	-0.00543018	0	32	UnderRange	0
0.0000960	0.00647718	0	0	0	0
0.0000976	0.347627	0	0	0	0
0.0000992	0.849721	0	0	0	0
0.0001008	1.27251	0	1	TriggerDetected	0
0.0001024	1.72641	0	0	0	0
0.0001040	2.19587	0	0	0	0
0.0001056	2.62045	0	0	0	0
0.0001072	3.03141	0	0	0	0
0.0001088	3.32698	0	0	0	0
0.0001104	3.40393	0	0	0	0
0.0001120	3.33157	0	0	0	0
0.0001136	3.14471	0	0	0	0
0.0001152	2.88709	0	0	0	0
0.0001168	2.64497	0	0	0	0
0.0001184	2.37386	0	0	0	0
0.0001200	2.11128	0	0	0	0
0.0001216	1.89179	0	0	0	0
0.0001232	1.67275	0	0	0	0
0.0001248	1.47007	0	0	0	0
0.0001264	1.29492	0	0	0	0
0.0001280	1.13993	0	0	0	0
0.0001296	1.00516	0	0	0	0
0.0001312	0.907098	0	0	0	0
0.0001328	0.780339	0	0	0	0
0.0001343	0.686675	0	0	0	0
0.0001360	0.603557	0	0	0	0
0.0001376	0.534701	0	0	0	0
0.0001392	0.477518	0	0	0	0
0.0001408	0.440571	0	0	0	0
0.0001424	0.390781	0	0	0	0
0.0001440	0.333288	0	0	0	0
0.0001455	0.295231	0	0	0	0
0.0001472	0.255345	0	0	0	0
0.0001488	0.236239	0	0	0	0
0.0001504	0.219992	0	0	0	0
0.0001520	0.195983	0	0	0	0
0.0001536	0.173336	0	0	0	0
0.0001552	0.147186	0	0	0	0
0.0001568	0.132516	0	0	0	0
0.0001584	0.118955	0	0	0	0
0.0001600	0.105355	0	0	0	0
0.0001616	0.0837972	0	0	0	0
0.0001632	0.0858012	0	0	0	0
0.0001648	0.066442	0	0	0	0
0.0001664	0.0559744	0	0	0	0
0.0001680	0.0771236	0	0	0	0
0.0001696	0.0320235	0	0	0	0
0.0001711	0.0476471	0	0	0	0
0.0001728	0.0271594	0	0	0	0
0.0001744	0.0323543	0	0	0	0
0.0001760	0.0202524	0	0	0	0
0.0001776	0.0132675	0	0	0	0
0.0001792	0.011244	0	0	0	0
0.0001808	0.00842283	0	0	0	0
0.0001823	0.0203886	0	0	0	0
0.0001840	0.0142792	0	0	0	0
0.0001856	0.017723	0	0	0	0
0.0001872	0.0160303	0	0	0	0
0.0001888	0.00914272	0	0	0	0
0.0001904	0.01461	0	0	0	0
0.0001920	0.0143181	0	0	0	0
0.0001936	0.00639935	0	0	0	0
0.0001952	0.00225513	0	0	0	0
0.0001968	0.10913	0	0	0	0
0.0001984	0.59667	0	0	0	0
0.0002000	1.04536	0	1	TriggerDetected	0
0.0002016	1.4885	0	0	0	0
0.0002032	1.95006	0	0	0	0
0.0002048	2.40328	0	0	0	0
0.0002064	2.83366	0	0	0	0
0.0002080	3.21388	0	0	0	0
0.0002096	3.39251	0	0	0	0
0.0002112	3.38719	0	0	0	0
0.0002128	3.24333	0	0	0	0
0.0002144	3.02741	0	0	0	0
0.0002160	2.77284	0	0	0	0
0.0002176	2.51372	0	0	0	0
0.0002192	2.24214	0	0	0	0
0.0002208	2.00693	0	0	0	0
0.0002224	1.78727	0	0	0	0
0.0002240	1.57986	0	0	0	0
0.0002256	1.3881	0	0	0	0
0.0002272	1.21714	0	0	0	0
0.0002288	1.06621	0	0	0	0
0.0002304	0.941964	0	0	0	0
0.0002320	0.836004	0	0	0	0
0.0002336	0.719946	0	0	0	0
0.0002352	0.64393	0	0	0	0
0.0002368	0.558983	0	0	0	0
0.0002384	0.512521	0	0	0	0
0.0002400	0.44561	0	0	0	0
0.0002416	0.402455	0	0	0	0
0.0002432	0.355254	0	0	0	0
0.0002448	0.321886	0	0	0	0
0.0002464	0.27379	0	0	0	0
0.0002480	0.244099	0	0	0	0
0.0002496	0.208007	0	0	0	0
0.0002512	0.187967	0	0	0	0
0.0002528	0.173667	0	0	0	0
0.0002544	0.153335	0	0	0	0
0.0002560	0.13991	0	0	0	0
0.0002575	0.115725	0	0	0	0
0.0002592	0.117029	0	0	0	0
0.0002608	0.104363	0	0	0	0
0.0002624	0.0858401	0	0	0	0
0.0002640	0.087922	0	0	0	0
0.0002656	0.0676483	0	0	0	0
0.0002672	0.0651579	0	0	0	0
0.0002687	0.0426662	0	0	0	0
0.0002704	0.0392224	0	0	0	0
0.0002720	0.0240658	0	0	0	0
0.0002736	0.0271205	0	0	0	0
0.0002752	0.0157968	0	0	0	0
0.0002768	0.0357397	0	0	0	0
0.0002784	0.0326461	0	0	0	0
0.0002798	0.0134621	0	0	0	0
0.0002816	0.0122558	0	0	0	0
0.0002832	0.0121001	0	0	0	0
0.0002848	0.0167891	0	0	0	0
0.0002864	0.0165751	0	0	0	0
0.0002880	0.0164973	0	0	0	0
0.0002896	0.0204275	0	0	0	0
0.0002910	0.0172366	0	0	0	0
0.0002928	0.0152131	0	0	0	0
0.0002944	0.0127422	0	0	0	0
0.0002960	0.0147851	0	0	0	0
0.0002976	0.329299	0	0	0	0
0.0002992	0.822482	0	0	0	0
0.0003008	1.27196	0	1	TriggerDetected	0
0.0003024	1.72258	0	0	0	0
0.0003040	2.18922	0	0	0	0
0.0003056	2.62149	0	0	0	0
0.0003072	3.02986	0	0	0	0
0.0003088	3.32268	0	0	0	0
0.0003104	3.41142	0	0	0	0
0.0003120	3.33332	0	0	0	0
0.0003136	3.14323	0	0	0	0
0.0003152	2.89372	0	0	0	0
0.0003168	2.63489	0	0	0	0
0.0003184	2.37392	0	0	0	0
0.0003200	2.12556	0	0	0	0
0.0003216	1.88455	0	0	0	0
0.0003232	1.67814	0	0	0	0
0.0003248	1.47637	0	0	0	0
0.0003264	1.30218	0	0	0	0
0.0003280	1.1533	0	0	0	0
0.0003296	1.01232	0	0	0	0
0.0003311	0.885326	0	0	0	0
0.0003328	0.774346	0	0	0	0
0.0003344	0.685819	0	0	0	0
0.0003360	0.619375	0	0	0	0
0.0003376	0.544526	0	0	0	0
0.0003392	0.480592	0	0	0	0
0.0003408	0.421231	0	0	0	0
0.0003423	0.374944	0	0	0	0
0.0003440	0.329532	0	0	0	0
0.0003456	0.281611	0	0	0	0
0.0003472	0.266026	0	0	0	0
0.0003488	0.254061	0	0	0	0
0.0003504	0.206276	0	0	0	0
0.0003520	0.188142	0	0	0	0
0.0003534	0.178181	0	0	0	0
0.0003552	0.150689	0	0	0	0
0.0003568	0.138159	0	0	0	0
0.0003584	0.123119	0	0	0	0
0.0003600	0.10695	0	0	0	0
0.0003616	0.0992262	0	0	0	0
0.0003632	0.0848478	0	0	0	0
0.0003646	0.049262	0	0	0	0
0.0003664	0.0725903	0	0	0	0
0.0003680	0.0641462	0	0	0	0
0.0003696	0.0382107	0	0	0	0
0.0003712	0.0353117	0	0	0	0
0.0003728	0.02356	0	0	0	0
0.0003744	0.0312453	0	0	0	0
0.0003760	0.0275485	0	0	0	0
0.0003776	0.0200773	0	0	0	0
0.0003792	0.0182094	0	0	0	0
0.0003808	0.0288716	0	0	0	0
0.0003824	0.0198827	0	0	0	0
0.0003840	0.0203691	0	0	0	0
0.0003856	0.0150575	0	0	0	0
0.0003872	0.0211668	0	0	0	0
0.0003888	0.00830609	0	0	0	0
0.0003904	0.0151353	0	0	0	0
0.0003920	0.0322765	0	0	0	0
0.0003936	0.0208944	0	0	0	0
0.0003952	-0.0148277	0	32	UnderRange	0
0.0003968	0.0854121	0	0	0	0
0.0003984	0.581533	0	0	0	0
0.0004000	1.05244	0	1	TriggerDetected	0
0.0004016	1.50272	0	0	0	0
0.0004032	1.95378	0	0	0	0
0.0004047	2.40503	0	0	0	0
0.0004064	2.82833	0	0	0	0
0.0004080	3.22195	0	0	0	0
0.0004096	3.38889	0	0	0	0
0.0004112	3.385	0	0	0	0
0.0004128	3.24324	0	0	0	0
0.0004144	3.03334	0	0	0	0
0.0004160	2.75819	0	0	0	0
0.0004176	2.50387	0	0	0	0
0.0004192	2.25109	0	0	0	0
0.0004208	1.99452	0	0	0	0
0.0004224	1.77365	0	0	0	0
0.0004240	1.57621	0	0	0	0
0.0004256	1.38423	0	0	0	0
0.0004272	1.22795	0	0	0	0
0.0004288	1.07839	0	0	0	0
0.0004304	0.932411	0	0	0	0
0.0004320	0.820692	0	0	0	0
0.0004336	0.73878	0	0	0	0
0.0004352	0.655681	0	0	0	0
0.0004368	0.589257	0	0	0	0
0.0004384	0.510478	0	0	0	0
0.0004400	0.455046	0	0	0	0
0.0004416	0.40695	0	0	0	0
0.0004432	0.344456	0	0	0	0
0.0004448	0.321225	0	0	0	0
0.0004464	0.271474	0	0	0	0
0.0004480	0.250773	0	0	0	0
0.0004496	0.216841	0	0	0	0
0.0004512	0.193921	0	0	0	0
0.0004528	0.183765	0	0	0	0
0.0004544	0.154074	0	0	0	0
0.0004560	0.146992	0	0	0	0
0.0004576	0.130785	0	0	0	0
0.0004592	0.108663	0	0	0	0
0.0004608	0.0822407	0	0	0	0
0.0004624	0.086346	0	0	0	0
0.0004640	0.0712672	0	0	0	0
0.0004656	0.0599825	0	0	0	0
0.0004672	0.047686	0	0	0	0
0.0004688	0.03179	0	0	0	0
0.0004704	0.0520442	0	0	0	0
0.0004720	0.0412459	0	0	0	0
0.0004736	0.0320041	0	0	0	0
0.0004752	0.0292996	0	0	0	0
0.0004768	0.0213419	0	0	0	0
0.0004784	0.0242799	0	0	0	0
0.0004800	0.0240269	0	0	0	0
0.0004816	0.0102906	0	0	0	0
0.0004832	0.0194936	0	0	0	0
0.0004848	0.0227622	0	0	0	0
0.0004864	0.0214781	0	0	0	0
0.0004880	0.034728	0	0	0	0
0.0004896	0.0292996	0	0	0	0
0.0004912	0.0172172	0	0	0	0
0.0004928	0.0277042	0	0	0	0
0.0004944	-0.00330942	0	32	UnderRange	0
0.0004960	-0.000877365	0	32	UnderRange	0
0.0004975	0.321905	0	0	0	0
0.0004992	0.839564	0	0	0	0
0.0005008	1.27339	0	1	TriggerDetected	0
0.0005024	1.73612	0	0	0	0
0.0005040	2.18833	0	0	0	0
0.0005056	2.62588	0	0	0	0
0.0005072	3.03727	0	0	0	0
0.0005088	3.32266	0	0	0	0
0.0005104	3.41097	0	0	0	0
0.0005120	3.33569	0	0	0	0
0.0005136	3.14749	0	0	0	0
0.0005151	2.91397	0	0	0	0
0.0005168	2.63491	0	0	0	0
0.0005184	2.37826	0	0	0	0
0.0005199	2.1297	0	0	0	0
0.0005216	1.89973	0	0	0	0
0.0005232	1.66374	0	0	0	0
0.0005248	1.466	0	0	0	0
0.0005264	1.28716	0	0	0	0
0.0005280	1.14194	0	0	0	0
0.0005296	1.01113	0	0	0	0
0.0005312	0.886104	0	0	0	0
0.0005328	0.778957	0	0	0	0
0.0005344	0.69617	0	0	0	0
0.0005360	0.602157	0	0	0	0
0.0005375	0.550889	0	0	0	0
0.0005392	0.476409	0	0	0	0
0.0005408	0.433216	0	0	0	0
0.0005424	0.374282	0	0	0	0
0.0005440	0.353172	0	0	0	0
0.0005456	0.304648	0	0	0	0
0.0005472	0.265268	0	0	0	0
0.0005488	0.227542	0	0	0	0
0.0005504	0.217405	0	0	0	0
0.0005520	0.184835	0	0	0	0
0.0005536	0.153549	0	0	0	0
0.0005552	0.152148	0	0	0	0
0.0005568	0.135727	0	0	0	0
0.0005584	0.123002	0	0	0	0
0.0005599	0.103098	0	0	0	0
0.0005616	0.0816181	0	0	0	0
0.0005632	0.0817737	0	0	0	0
0.0005648	0.0551767	0	0	0	0
0.0005664	0.0459349	0	0	0	0
0.0005680	0.040993	0	0	0	0
0.0005696	0.03537	0	0	0	0
0.0005712	0.0498846	0	0	0	0
0.0005728	0.0442616	0	0	0	0
0.0005744	0.0265563	0	0	0	0
0.0005760	0.0287743	0	0	0	0
0.0005776	0.0118277	0	0	0	0
0.0005792	0.0171588	0	0	0	0
0.0005808	0.0276458	0	0	0	0
0.0005823	0.0183845	0	0	0	0
0.0005840	0.0160303	0	0	0	0
0.0005856	0.0205637	0	0	0	0
0.0005872	0.0216143	0	0	0	0
0.0005888	0.0147851	0	0	0	0
0.0005904	0.0196492	0	0	0	0
0.0005920	0.0201551	0	0	0	0
0.0005936	0.00871467	0	0	0	0
0.0005952	-0.0118508	0	32	UnderRange	0
0.0005968	0.08656	0	0	0	0
0.0005984	0.568322	0	0	0	0
0.0005999	1.02956	0	1	TriggerDetected	0
0.0006016	1.48231	0	0	0	0
0.0006032	1.95543	0	0	0	0
0.0006048	2.40274	0	0	0	0
0.0006064	2.83041	0	0	0	0
0.0006080	3.20269	0	0	0	0
0.0006096	3.40655	0	0	0	0
0.0006112	3.38992	0	0	0	0
0.0006128	3.25258	0	0	0	0
0.0006144	3.03458	0	0	0	0
0.0006160	2.78105	0	0	0	0
0.0006176	2.51751	0	0	0	0
0.0006192	2.25707	0	0	0	0
0.0006208	2.00084	0	0	0	0
0.0006223	1.7875	0	0	0	0
0.0006240	1.56294	0	0	0	0
0.0006256	1.37557	0	0	0	0
0.0006272	1.22148	0	0	0	0
0.0006288	1.07361	0	0	0	0
0.0006304	0.937372	0	0	0	0
0.0006320	0.82468	0	0	0	0
0.0006336	0.726581	0	0	0	0
0.0006352	0.64535	0	0	0	0
0.0006368	0.570559	0	0	0	0
0.0006384	0.513785	0	0	0	0
0.0006400	0.461934	0	0	0	0
0.0006416	0.413273	0	0	0	0
0.0006432	0.350779	0	0	0	0
0.0006447	0.319707	0	0	0	0
0.0006464	0.274043	0	0	0	0
0.0006480	0.240636	0	0	0	0
0.0006496	0.224662	0	0	0	0
0.0006512	0.202598	0	0	0	0
0.0006528	0.184621	0	0	0	0
0.0006544	0.169464	0	0	0	0
0.0006560	0.155183	0	0	0	0
0.0006576	0.127107	0	0	0	0
0.0006592	0.103215	0	0	0	0
0.0006608	0.10197	0	0	0	0
0.0006623	0.0949847	0	0	0	0
0.0006640	0.0818515	0	0	0	0
0.0006656	0.0746721	0	0	0	0
0.0006672	0.0566749	0	0	0	0
0.0006688	0.048367	0	0	0	0
0.0006704	0.0382301	0	0	0	0
0.0006720	0.0392419	0	0	0	0
0.0006736	0.0401758	0	0	0	0
0.0006752	0.0319068	0	0	0	0
0.0006768	0.0227428	0	0	0	0
0.0006784	0.0234043	0	0	0	0
0.0006800	0.00680794	0	0	0	0
0.0006816	0.0208166	0	0	0	0
0.0006832	0.0191433	0	0	0	0
0.0006847	0.0214003	0	0	0	0
0.0006864	0.0189293	0	0	0	0
0.0006880	0.0197076	0	0	0	0
0.0006896	0.0224509	0	0	0	0
0.0006912	0.0145322	0	0	0	0
0.0006928	0.0133842	0	0	0	0
0.0006944	0.00626316	0	0	0	0
0.0006960	0.00908435	0	0	0	0
0.0006976	0.332179	0	0	0	0
0.0006992	0.826528	0	0	0	0
0.0007008	1.27025	0	1	TriggerDetected	0
0.0007024	1.72604	0	0	0	0
0.0007040	2.17412	0	0	0	0
0.0007056	2.60643	0	0	0	0
0.0007071	3.05227	0	0	0	0
0.0007088	3.3478	0	0	0	0
0.0007104	3.41284	0	0	0	0
0.0007120	3.34587	0	0	0	0
0.0007136	3.14839	0	0	0	0
0.0007152	2.90839	0	0	0	0
0.0007168	2.64032	0	0	0	0
0.0007184	2.37575	0	0	0	0
0.0007200	2.11996	0	0	0	0
0.0007216	1.87994	0	0	0	0
0.0007232	1.66864	0	0	0	0
0.0007248	1.46727	0	0	0	0
0.0007264	1.29924	0	0	0	0
0.0007280	1.14091	0	0	0	0
0.0007295	1.00761	0	0	0	0
0.0007312	0.888303	0	0	0	0
0.0007328	0.766758	0	0	0	0
0.0007344	0.677492	0	0	0	0
0.0007360	0.60276	0	0	0	0
0.0007376	0.548009	0	0	0	0
0.0007392	0.476565	0	0	0	0
0.0007408	0.417553	0	0	0	0
0.0007424	0.379477	0	0	0	0
0.0007440	0.348697	0	0	0	0
0.0007456	0.299861	0	0	0	0
0.0007471	0.271416	0	0	0	0
0.0007488	0.230538	0	0	0	0
0.0007504	0.21902	0	0	0	0
0.0007520	0.195925	0	0	0	0
0.0007536	0.170028	0	0	0	0
0.0007552	0.172071	0	0	0	0
0.0007568	0.149307	0	0	0	0
0.0007584	0.105452	0	0	0	0
0.0007600	0.0989927	0	0	0	0
0.0007616	0.0908015	0	0	0	0
0.0007632	0.0737966	0	0	0	0
0.0007648	0.0738355	0	0	0	0
0.0007664	0.070489	0	0	0	0
0.0007680	0.0490285	0	0	0	0
0.0007695	0.0334244	0	0	0	0
0.0007712	0.0410513	0	0	0	0
0.0007728	0.0355841	0	0	0	0
0.0007744	0.0380161	0	0	0	0
0.0007760	0.0382107	0	0	0	0
0.0007776	0.0155634	0	0	0	0
0.0007792	0.0238518	0	0	0	0
0.0007808	0.0194936	0	0	0	0
0.0007824	0.0199605	0	0	0	0
0.0007840	0.0163611	0	0	0	0
0.0007856	0.0183651	0	0	0	0
0.0007872	0.000718065	0	0	0	0
0.0007888	0.015291	0	0	0	0
0.0007904	0.0205637	0	0	0	0
0.0007919	0.0185596	0	0	0	0
0.0007936	0.0208944	0	0	0	0
0.0007952	-0.00782333	0	32	UnderRange	0
0.0007968	0.0839529	0	0	0	0
0.0007984	0.592526	0	0	0	0
0.0008000	1.04964	0	1	TriggerDetected	0
0.0008016	1.51286	0	0	0	0
0.0008032	1.95592	0	0	0	0
0.0008048	2.40349	0	0	0	0
0.0008064	2.82444	0	0	0	0
0.0008080	3.22298	0	0	0	0
0.0008095	3.40698	0	0	0	0
0.0008112	3.38249	0	0	0	0
0.0008128	3.25989	0	0	0	0
0.0008144	3.02132	0	0	0	0
0.0008160	2.75817	0	0	0	0
0.0008176	2.52179	0	0	0	0
0.0008192	2.24821	0	0	0	0
0.0008208	2.00997	0	0	0	0
0.0008224	1.79513	0	0	0	0
0.0008240	1.57903	0	0	0	0
0.0008256	1.3844	0	0	0	0
0.0008272	1.2255	0	0	0	0
0.0008288	1.06756	0	0	0	0
0.0008304	0.946225	0	0	0	0
0.0008320	0.827832	0	0	0	0
0.0008336	0.736795	0	0	0	0
0.0008352	0.652938	0	0	0	0
0.0008368	0.578906	0	0	0	0
0.0008384	0.501858	0	0	0	0
0.0008400	0.457575	0	0	0	0
0.0008416	0.401444	0	0	0	0
0.0008432	0.364768	0	0	0	0
0.0008448	0.316769	0	0	0	0
0.0008464	0.295231	0	0	0	0
0.0008480	0.259976	0	0	0	0
0.0008496	0.224195	0	0	0	0
0.0008512	0.207482	0	0	0	0
0.0008528	0.186839	0	0	0	0
0.0008544	0.159502	0	0	0	0
0.0008560	0.144715	0	0	0	0
0.0008576	0.125745	0	0	0	0
0.0008592	0.107943	0	0	0	0
0.0008608	0.103857	0	0	0	0
0.0008624	0.0913268	0	0	0	0
0.0008640	0.0663642	0	0	0	0
0.0008656	0.0658972	0	0	0	0
0.0008672	0.0615585	0	0	0	0
0.0008688	0.0560134	0	0	0	0
0.0008704	0.053056	0	0	0	0
0.0008720	0.0471217	0	0	0	0
0.0008736	0.0431721	0	0	0	0
0.0008752	0.0209333	0	0	0	0
0.0008768	0.0369071	0	0	0	0
0.0008784	0.0260893	0	0	0	0
0.0008800	0.024883	0	0	0	0
0.0008816	0.0233459	0	0	0	0
0.0008832	0.018832	0	0	0	0
0.0008848	0.0169642	0	0	0	0
0.0008864	0.0225677	0	0	0	0
0.0008880	0.0100766	0	0	0	0
0.0008896	0.00972641	0	0	0	0
0.0008912	0.0265368	0	0	0	0
0.0008928	0.022412	0	0	0	0
0.0008944	-0.000488236	0	32	UnderRange	0
0.0008960	0.00887033	0	0	0	0
0.0008976	0.335467	0	0	0	0
0.0008992	0.834175	0	0	0	0
0.0009008	1.26803	0	1	TriggerDetected	0
0.0009024	1.72088	0	0	0	0
0.0009040	2.20449	0	0	0	0
0.0009056	2.63209	0	0	0	0
0.0009072	3.04165	0	0	0	0
0.0009088	3.33744	0	0	0	0
0.0009104	3.42624	0	0	0	0
0.0009120	3.32637	0	0	0	0
0.0009136	3.14646	0	0	0	0
0.0009152	2.89391	0	0	0	0
0.0009168	2.62993	0	0	0	0
0.0009184	2.38233	0	0	0	0
0.0009200	2.12468	0	0	0	0
0.0009216	1.88226	0	0	0	0
0.0009232	1.66964	0	0	0	0
0.0009248	1.48324	0	0	0	0
0.0009264	1.3095	0	0	0	0
0.0009280	1.14417	0	0	0	0
0.0009296	1.00286	0	0	0	0
0.0009312	0.880968	0	0	0	0
0.0009328	0.775922	0	0	0	0
0.0009344	0.693952	0	0	0	0
0.0009360	0.6228	0	0	0	0
0.0009376	0.553379	0	0	0	0
0.0009392	0.493881	0	0	0	0
0.0009408	0.419908	0	0	0	0
0.0009424	0.372337	0	0	0	0
0.0009440	0.328851	0	0	0	0
0.0009456	0.304083	0	0	0	0
0.0009472	0.259839	0	0	0	0
0.0009488	0.234974	0	0	0	0
0.0009504	0.22618	0	0	0	0
0.0009520	0.191041	0	0	0	0
0.0009536	0.172927	0	0	0	0
0.0009552	0.163705	0	0	0	0
0.0009568	0.131602	0	0	0	0
0.0009584	0.110025	0	0	0	0
0.0009600	0.101678	0	0	0	0
0.0009616	0.0842642	0	0	0	0
0.0009632	0.0706057	0	0	0	0
0.0009648	0.0582508	0	0	0	0
0.0009664	0.0510325	0	0	0	0
0.0009680	0.057278	0	0	0	0
0.0009696	0.055274	0	0	0	0
0.0009712	0.0455652	0	0	0	0
0.0009728	0.0344556	0	0	0	0
0.0009744	0.0242799	0	0	0	0
0.0009760	0.0252527	0	0	0	0
0.0009776	0.0307199	0	0	0	0
0.0009792	0.0215365	0	0	0	0
0.0009808	0.0110105	0	0	0	0
0.0009824	0.0292218	0	0	0	0
0.0009840	0.0238713	0	0	0	0
0.0009856	0.00025111	0	0	0	0
0.0009872	0.0169837	0	0	0	0
0.0009888	0.01103	0	0	0	0
0.0009904	0.0122363	0	0	0	0
0.0009920	0.0123141	0	0	0	0
0.0009936	0.0297666	0	0	0	0
0.0009951	0.00676903	0	0	0	0
0.0009968	0.106192	0	0	0	0
0.0009984	0.607079	0	0	0	0
0.0010000	1.0453	0	1	TriggerDetected	0
0.0010016	1.51289	0	0	0	0
0.0010032	1.95985	0	0	0	0
0.0010048	2.42313	0	0	0	0
0.0010064	2.83695	0	0	0	0
0.0010080	3.20705	0	0	0	0
0.0010096	3.38005	0	0	0	0
0.0010112	3.38574	0	0	0	0
0.0010127	3.23921	0	0	0	0
0.0010144	3.03001	0	0	0	0
0.0010160	2.76504	0	0	0	0
0.0010176	2.50813	0	0	0	0
0.0010192	2.24426	0	0	0	0
0.0010208	2.00178	0	0	0	0
0.0010224	1.79147	0	0	0	0
0.0010240	1.5641	0	0	0	0
0.0010256	1.39808	0	0	0	0
0.0010272	1.2154	0	0	0	0
0.0010288	1.07454	0	0	0	0
0.0010303	0.937664	0	0	0	0
0.0010320	0.851355	0	0	0	0
0.0010336	0.737398	0	0	0	0
0.0010352	0.64965	0	0	0	0
0.0010368	0.56373	0	0	0	0
0.0010384	0.497948	0	0	0	0
0.0010399	0.448411	0	0	0	0
0.0010416	0.390295	0	0	0	0
0.0010432	0.363387	0	0	0	0
0.0010448	0.311594	0	0	0	0
0.0010464	0.287993	0	0	0	0
0.0010480	0.246959	0	0	0	0
0.0010496	0.232989	0	0	0	0
0.0010512	0.218397	0	0	0	0
0.0010528	0.174601	0	0	0	0
0.0010544	0.156078	0	0	0	0
0.0010560	0.132049	0	0	0	0
0.0010575	0.128294	0	0	0	0
0.0010592	0.11448	0	0	0	0
0.0010608	0.110122	0	0	0	0
0.0010624	0.0781354	0	0	0	0
0.0010640	0.0851008	0	0	0	0
0.0010656	0.0657416	0	0	0	0
0.0010672	0.06222	0	0	0	0
0.0010688	0.0283268	0	0	0	0
0.0010704	0.0396894	0	0	0	0
0.0010720	0.0407984	0	0	0	0
0.0010736	0.029786	0	0	0	0
0.0010751	0.029786	0	0	0	0
0.0010768	0.0216727	0	0	0	0
0.0010784	0.02356	0	0	0	0
0.0010800	0.0239102	0	0	0	0
0.0010816	0.0125865	0	0	0	0
0.0010832	0.0257391	0	0	0	0
0.0010848	0.0152131	0	0	0	0
0.0010864	0.0216143	0	0	0	0
0.0010880	0.00748892	0	0	0	0
0.0010896	0.0195519	0	0	0	0
0.0010912	0.0153493	0	0	0	0
0.0010928	0.0298055	0	0	0	0
0.0010944	0.000795891	0	0	0	0
0.0010960	-0.00794006	0	32	UnderRange	0
0.0010976	0.324882	0	0	0	0
0.0010992	0.815458	0	0	0	0
0.0011008	1.27416	0	1	TriggerDetected	0
0.0011023	1.72515	0	0	0	0
0.0011040	2.17887	0	0	0	0
0.0011056	2.6189	0	0	0	0
0.0011072	3.02303	0	0	0	0
0.0011088	3.32649	0	0	0	0
0.0011104	3.40381	0	0	0	0
0.0011120	3.34258	0	0	0	0
0.0011136	3.1516	0	0	0	0
0.0011152	2.90205	0	0	0	0
0.0011168	2.65007	0	0	0	0
0.0011184	2.37254	0	0	0	0
0.0011199	2.1335	0	0	0	0
0.0011216	1.88239	0	0	0	0
0.0011232	1.67018	0	0	0	0
0.0011248	1.4675	0	0	0	0
0.0011264	1.30537	0	0	0	0
0.0011280	1.157	0	0	0	0
0.0011296	1.01514	0	0	0	0
0.0011312	0.893323	0	0	0	0
0.0011328	0.778743	0	0	0	0
0.0011344	0.680702	0	0	0	0
0.0011360	0.61204	0	0	0	0
0.0011375	0.532911	0	0	0	0
0.0011392	0.47637	0	0	0	0
0.0011408	0.440979	0	0	0	0
0.0011424	0.380859	0	0	0	0
0.0011440	0.32782	0	0	0	0
0.0011456	0.295406	0	0	0	0
0.0011472	0.268439	0	0	0	0
0.0011488	0.242873	0	0	0	0
0.0011504	0.209778	0	0	0	0
0.0011520	0.174328	0	0	0	0
0.0011536	0.167693	0	0	0	0
0.0011552	0.141622	0	0	0	0
0.0011568	0.140785	0	0	0	0
0.0011584	0.1202	0	0	0	0
0.0011600	0.103935	0	0	0	0
0.0011616	0.0721039	0	0	0	0
0.0011632	0.0847506	0	0	0	0
0.0011647	0.0546514	0	0	0	0
0.0011664	0.0648466	0	0	0	0
0.0011680	0.0533867	0	0	0	0
0.0011696	0.0583287	0	0	0	0
0.0011712	0.0578812	0	0	0	0
0.0011728	0.0351171	0	0	0	0
0.0011744	0.0352338	0	0	0	0
0.0011760	0.0313426	0	0	0	0
0.0011776	0.033833	0	0	0	0
0.0011792	0.0128589	0	0	0	0
0.0011808	0.017042	0	0	0	0
0.0011823	0.0129367	0	0	0	0
0.0011840	0.0129562	0	0	0	0
0.0011856	0.0120028	0	0	0	0
0.0011872	0.0193574	0	0	0	0
0.0011888	0.0178981	0	0	0	0
0.0011904	0.00420077	0	0	0	0
0.0011920	0.0116721	0	0	0	0
0.0011936	0.0244744	0	0	0	0
0.0011952	-0.0135435	0	32	UnderRange	0
0.0011968	0.0911907	0	0	0	0
0.0011984	0.582642	0	0	0	0
0.0011999	1.03837	0	1	TriggerDetected	0
0.0012016	1.5091	0	0	0	0
0.0012032	1.95837	0	0	0	0
0.0012048	2.41523	0	0	0	0
0.0012064	2.82329	0	0	0	0
0.0012080	3.22415	0	0	0	0
0.0012096	3.40562	0	0	0	0
0.0012112	3.39342	0	0	0	0
0.0012128	3.25952	0	0	0	0
0.0012144	3.0213	0	0	0	0
0.0012160	2.76254	0	0	0	0
0.0012176	2.51307	0	0	0	0
0.0012192	2.24819	0	0	0	0
0.0012208	2.00234	0	0	0	0
0.0012224	1.76495	0	0	0	0
0.0012240	1.56342	0	0	0	0
0.0012256	1.37884	0	0	0	0
0.0012271	1.23424	0	0	0	0
0.0012288	1.08217	0	0	0	0
0.0012304	0.937606	0	0	0	0
0.0012320	0.815185	0	0	0	0
0.0012336	0.737535	0	0	0	0
0.0012352	0.647198	0	0	0	0
0.0012368	0.573089	0	0	0	0
0.0012384	0.519564	0	0	0	0
0.0012400	0.456175	0	0	0	0
0.0012416	0.407417	0	0	0	0
0.0012432	0.353775	0	0	0	0
0.0012447	0.328443	0	0	0	0
0.0012464	0.282078	0	0	0	0
0.0012480	0.250383	0	0	0	0
0.0012496	0.217502	0	0	0	0
0.0012512	0.206957	0	0	0	0
0.0012528	0.196567	0	0	0	0
0.0012544	0.166215	0	0	0	0
0.0012560	0.15135	0	0	0	0
0.0012576	0.116698	0	0	0	0
0.0012592	0.107378	0	0	0	0
0.0012608	0.0900622	0	0	0	0
0.0012623	0.0851008	0	0	0	0
0.0012640	0.0797308	0	0	0	0
0.0012656	0.0604883	0	0	0	0
0.0012672	0.0575504	0	0	0	0
0.0012688	0.0545541	0	0	0	0
0.0012704	0.0453707	0	0	0	0
0.0012720	0.0401174	0	0	0	0
0.0012736	0.0456041	0	0	0	0
0.0012752	0.0176063	0	0	0	0
0.0012768	0.0252721	0	0	0	0
0.0012784	0.0327434	0	0	0	0
0.0012800	0.0241242	0	0	0	0
0.0012816	0.0123336	0	0	0	0
0.0012832	0.021303	0	0	0	0
0.0012848	0.00857848	0	0	0	0
0.0012864	0.0118083	0	0	0	0
0.0012880	0.0194741	0	0	0	0
0.0012895	0.00906489	0	0	0	0
0.0012912	0.00196328	0	0	0	0
0.0012928	0.0211084	0	0	0	0
0.0012944	-0.0139716	0	32	UnderRange	0
0.0012960	0.0169837	0	0	0	0
0.0012976	0.348736	0	0	0	0
0.0012992	0.824525	0	0	0	0
0.0013008	1.29782	0	1	TriggerDetected	0
0.0013024	1.7331	0	0	0	0
0.0013040	2.197	0	0	0	0
0.0013056	2.62078	0	0	0	0
0.0013071	3.03517	0	0	0	0
0.0013088	3.33906	0	0	0	0
0.0013104	3.41313	0	0	0	0
0.0013120	3.3342	0	0	0	0
0.0013136	3.14737	0	0	0	0
0.0013152	2.91123	0	0	0	0
0.0013168	2.64151	0	0	0	0
0.0013184	2.37104	0	0	0	0
0.0013200	2.12243	0	0	0	0
0.0013216	1.90718	0	0	0	0
0.0013232	1.66823	0	0	0	0
0.0013247	1.47758	0	0	0	0
0.0013264	1.29512	0	0	0	0
0.0013280	1.14149	0	0	0	0
0.0013296	1.00226	0	0	0	0
0.0013312	0.891708	0	0	0	0
0.0013328	0.77423	0	0	0	0
0.0013344	0.689185	0	0	0	0
0.0013360	0.59916	0	0	0	0
0.0013376	0.554255	0	0	0	0
0.0013392	0.476779	0	0	0	0
0.0013408	0.426192	0	0	0	0
0.0013424	0.367764	0	0	0	0
0.0013440	0.331887	0	0	0	0
0.0013456	0.295853	0	0	0	0
0.0013472	0.251259	0	0	0	0
0.0013488	0.236414	0	0	0	0
0.0013504	0.218066	0	0	0	0
0.0013519	0.198143	0	0	0	0
0.0013536	0.171021	0	0	0	0
0.0013552	0.156487	0	0	0	0
0.0013568	0.138956	0	0	0	0
0.0013584	0.125123	0	0	0	0
0.0013600	0.107067	0	0	0	0
0.0013616	0.101075	0	0	0	0
0.0013632	0.0769096	0	0	0	0
0.0013648	0.0770069	0	0	0	0
0.0013664	0.0604494	0	0	0	0
0.0013680	0.0544179	0	0	0	0
0.0013695	0.0354673	0	0	0	0
0.0013712	0.0347669	0	0	0	0
0.0013728	0.00957076	0	0	0	0
0.0013744	0.0393197	0	0	0	0
0.0013760	0.0205248	0	0	0	0
0.0013776	0.0228206	0	0	0	0
0.0013792	0.0214781	0	0	0	0
0.0013808	0.0213614	0	0	0	0
0.0013824	0.0169253	0	0	0	0
0.0013840	0.0206026	0	0	0	0
0.0013856	0.0256418	0	0	0	0
0.0013872	0.0104658	0	0	0	0
0.0013888	0.00241078	0	0	0	0
0.0013904	0.0133453	0	0	0	0
0.0013920	0.0347474	0	0	0	0
0.0013936	0.0128784	0	0	0	0
0.0013952	0.00136013	0	0	0	0
0.0013967	0.110725	0	0	0	0
0.0013984	0.587778	0	0	0	0
0.0014000	1.03781	0	1	TriggerDetected	0
0.0014016	1.4755	0	0	0	0
0.0014032	1.95586	0	0	0	0
0.0014048	2.39962	0	0	0	0
0.0014064	2.82899	0	0	0	0
0.0014080	3.23183	0	0	0	0
0.0014096	3.40467	0	0	0	0
0.0014112	3.39535	0	0	0	0
0.0014128	3.25617	0	0	0	0
0.0014143	3.02684	0	0	0	0
0.0014160	2.76959	0	0	0	0
0.0014176	2.5043	0	0	0	0
0.0014192	2.24475	0	0	0	0
0.0014208	2.00551	0	0	0	0
0.0014224	1.77842	0	0	0	0
0.0014240	1.57947	0	0	0	0
0.0014256	1.38458	0	0	0	0
0.0014272	1.23488	0	0	0	0
0.0014288	1.06682	0	0	0	0
0.0014304	0.956362	0	0	0	0
0.0014319	0.838125	0	0	0	0
0.0014336	0.743605	0	0	0	0
0.0014352	0.649747	0	0	0	0
0.0014368	0.576085	0	0	0	0
0.0014384	0.509719	0	0	0	0
0.0014400	0.454424	0	0	0	0
0.0014416	0.396871	0	0	0	0
0.0014432	0.347685	0	0	0	0
0.0014448	0.305173	0	0	0	0
0.0014464	0.29488	0	0	0	0
0.0014480	0.248652	0	0	0	0
0.0014496	0.216062	0	0	0	0
0.0014512	0.201645	0	0	0	0
0.0014528	0.170145	0	0	0	0
0.0014544	0.160884	0	0	0	0
0.0014560	0.145961	0	0	0	0
0.0014576	0.135007	0	0	0	0
0.0014591	0.108215	0	0	0	0
0.0014608	0.112067	0	0	0	0
0.0014624	0.0934671	0	0	0	0
0.0014640	0.0701388	0	0	0	0
0.0014656	0.0646326	0	0	0	0
0.0014672	0.0598268	0	0	0	0
0.0014688	0.0391251	0	0	0	0
0.0014704	0.0343972	0	0	0	0
0.0014720	0.0386582	0	0	0	0
0.0014736	0.0386582	0	0	0	0
0.0014752	0.0220229	0	0	0	0
0.0014767	0.0153493	0	0	0	0
0.0014784	0.0126838	0	0	0	0
0.0014800	0.0163805	0	0	0	0
0.0014816	0.0248246	0	0	0	0
0.0014832	0.0164194	0	0	0	0
0.0014848	0.00289719	0	0	0	0
0.0014864	0.0144154	0	0	0	0
0.0014880	-0.00651974	0	32	UnderRange	0
0.0014896	0.0222369	0	0	0	0
0.0014912	0.0261477	0	0	0	0
0.0014928	0.0171393	0	0	0	0
0.0014943	-0.00480757	0	32	UnderRange	0
0.0014960	-0.0011303	0	32	UnderRange	0
0.0014976	0.324571	0	0	0	0
0.0014992	0.833105	0	0	0	0
0.0015008	1.27446	0	1	TriggerDetected	0
0.0015024	1.7417	0	0	0	0
0.0015040	2.18731	0	0	0	0
0.0015056	2.61534	0	0	0	0
0.0015072	3.04688	0	0	0	0
0.0015088	3.31464	0	0	0	0
0.0015104	3.41508	0	0	0	0
0.0015120	3.3369	0	0	0	0
0.0015136	3.14197	0	0	0	0
0.0015152	2.8958	0	0	0	0
0.0015168	2.63394	0	0	0	0
0.0015184	2.37873	0	0	0	0
0.0015200	2.11717	0	0	0	0
0.0015215	1.89595	0	0	0	0
0.0015232	1.68069	0	0	0	0
0.0015248	1.47015	0	0	0	0
0.0015264	1.29599	0	0	0	0
0.0015280	1.14933	0	0	0	0
0.0015296	0.996189	0	0	0	0
0.0015312	0.890988	0	0	0	0
0.0015328	0.778549	0	0	0	0
0.0015344	0.6865	0	0	0	0
0.0015360	0.603051	0	0	0	0
0.0015376	0.520147	0	0	0	0
0.0015391	0.465183	0	0	0	0
0.0015408	0.409207	0	0	0	0
0.0015424	0.379088	0	0	0	0
0.0015440	0.329999	0	0	0	0
0.0015456	0.302838	0	0	0	0
0.0015472	0.273984	0	0	0	0
0.0015488	0.225771	0	0	0	0
0.0015504	0.217385	0	0	0	0
0.0015520	0.194835	0	0	0	0
0.0015536	0.165281	0	0	0	0
0.0015552	0.15851	0	0	0	0
0.0015567	0.137127	0	0	0	0
0.0015584	0.122068	0	0	0	0
0.0015600	0.105666	0	0	0	0
0.0015616	0.0980588	0	0	0	0
0.0015632	0.0888364	0	0	0	0
0.0015648	0.0659362	0	0	0	0
0.0015664	0.0519859	0	0	0	0
0.0015680	0.0547681	0	0	0	0
0.0015696	0.0481724	0	0	0	0
0.0015712	0.0471607	0	0	0	0
0.0015728	0.0433861	0	0	0	0
0.0015744	0.0289494	0	0	0	0
0.0015760	0.013929	0	0	0	0
0.0015776	0.0232681	0	0	0	0
0.0015792	0.0224509	0	0	0	0
0.0015808	0.0150186	0	0	0	0
0.0015824	0.01998	0	0	0	0
0.0015839	0.0164778	0	0	0	0
0.0015856	0.0220034	0	0	0	0
0.0015872	0.0121974	0	0	0	0
0.0015888	0.00573784	0	0	0	0
0.0015904	0.00692468	0	0	0	0
0.0015920	0.0192212	0	0	0	0
0.0015936	0.00717761	0	0	0	0
0.0015952	0.00982369	0	0	0	0
0.0015968	0.0986036	0	0	0	0
0.0015984	0.612838	0	0	0	0
0.0016000	1.06022	0	1	TriggerDetected	0
0.0016015	1.50476	0	0	0	0
0.0016032	1.93897	0	0	0	0
0.0016048	2.39779	0	0	0	0
0.0016064	2.83152	0	0	0	0
0.0016080	3.21071	0	0	0	0
0.0016096	3.39397	0	0	0	0
0.0016112	3.40054	0	0	0	0
0.0016128	3.24985	0	0	0	0
0.0016144	3.01958	0	0	0	0
0.0016160	2.75478	0	0	0	0
0.0016176	2.50786	0	0	0	0
0.0016191	2.25926	0	0	0	0
0.0016208	2.00868	0	0	0	0
0.0016224	1.7797	0	0	0	0
0.0016240	1.58354	0	0	0	0
0.0016256	1.38884	0	0	0	0
0.0016272	1.22227	0	0	0	0
0.0016288	1.08176	0	0	0	0
0.0016304	0.951789	0	0	0	0
0.0016320	0.841724	0	0	0	0
0.0016336	0.729227	0	0	0	0
0.0016352	0.653813	0	0	0	0
0.0016368	0.582253	0	0	0	0
0.0016384	0.499154	0	0	0	0
0.0016400	0.45203	0	0	0	0
0.0016416	0.39691	0	0	0	0
0.0016432	0.350798	0	0	0	0
0.0016448	0.321205	0	0	0	0
0.0016464	0.281708	0	0	0	0
0.0016480	0.258711	0	0	0	0
0.0016496	0.223942	0	0	0	0
0.0016512	0.207034	0	0	0	0
0.0016528	0.187948	0	0	0	0
0.0016544	0.173783	0	0	0	0
0.0016560	0.149346	0	0	0	0
0.0016576	0.14633	0	0	0	0
0.0016592	0.114305	0	0	0	0
0.0016608	0.102436	0	0	0	0
0.0016624	0.0795751	0	0	0	0
0.0016640	0.0649828	0	0	0	0
0.0016656	0.0700415	0	0	0	0
0.0016672	0.0573948	0	0	0	0
0.0016688	0.0567722	0	0	0	0
0.0016704	0.0467715	0	0	0	0
0.0016720	0.0293969	0	0	0	0
0.0016736	0.0359926	0	0	0	0
0.0016752	0.0296888	0	0	0	0
0.0016768	0.0226844	0	0	0	0
0.0016784	0.0276653	0	0	0	0
0.0016800	0.0242604	0	0	0	0
0.0016816	0.0117499	0	0	0	0
0.0016832	0.0152326	0	0	0	0
0.0016848	0.0176063	0	0	0	0
0.0016864	0.0242799	0	0	0	0
0.0016880	0.0185791	0	0	0	0
0.0016896	0.0155439	0	0	0	0
0.0016912	0.0273151	0	0	0	0
0.0016928	0.0132286	0	0	0	0
0.0016944	0.00274154	0	0	0	0
0.0016960	0.00698305	0	0	0	0
0.0016976	0.334883	0	0	0	0
0.0016992	0.842308	0	0	0	0
0.0017008	1.29319	0	1	TriggerDetected	0
0.0017024	1.73322	0	0	0	0
0.0017040	2.1856	0	0	0	0
0.0017056	2.62853	0	0	0	0
0.0017072	3.04322	0	0	0	0
0.0017088	3.33392	0	0	0	0
0.0017104	3.41973	0	0	0	0
0.0017120	3.32818	0	0	0	0
0.0017136	3.14759	0	0	0	0
0.0017152	2.90395	0	0	0	0
0.0017168	2.63468	0	0	0	0
0.0017184	2.37392	0	0	0	0
0.0017200	2.12455	0	0	0	0
0.0017216	1.8841	0	0	0	0
0.0017232	1.67905	0	0	0	0
0.0017248	1.47192	0	0	0	0
0.0017264	1.30815	0	0	0	0
0.0017280	1.14361	0	0	0	0
0.0017296	1.00389	0	0	0	0
0.0017312	0.889801	0	0	0	0
0.0017328	0.779288	0	0	0	0
0.0017344	0.690742	0	0	0	0
0.0017360	0.606009	0	0	0	0
0.0017376	0.547211	0	0	0	0
0.0017392	0.479464	0	0	0	0
0.0017408	0.422573	0	0	0	0
0.0017424	0.390334	0	0	0	0
0.0017440	0.342335	0	0	0	0
0.0017456	0.307216	0	0	0	0
0.0017472	0.265676	0	0	0	0
0.0017488	0.242387	0	0	0	0
0.0017504	0.22332	0	0	0	0
0.0017520	0.198668	0	0	0	0
0.0017536	0.182013	0	0	0	0
0.0017552	0.157304	0	0	0	0
0.0017568	0.147809	0	0	0	0
0.0017584	0.120492	0	0	0	0
0.0017600	0.0996542	0	0	0	0
0.0017616	0.0998293	0	0	0	0
0.0017632	0.0781354	0	0	0	0
0.0017648	0.0676094	0	0	0	0
0.0017664	0.0647688	0	0	0	0
0.0017680	0.0670646	0	0	0	0
0.0017696	0.0430164	0	0	0	0
0.0017712	0.0286186	0	0	0	0
0.0017728	0.0155439	0	0	0	0
0.0017744	0.028463	0	0	0	0
0.0017760	0.0408568	0	0	0	0
0.0017776	0.0250387	0	0	0	0
0.0017792	0.0280739	0	0	0	0
0.0017808	0.0321014	0	0	0	0
0.0017824	0.0171199	0	0	0	0
0.0017840	0.0197465	0	0	0	0
0.0017856	0.0170031	0	0	0	0
0.0017872	0.0147267	0	0	0	0
0.0017888	0.0180149	0	0	0	0
0.0017904	0.0148046	0	0	0	0
0.0017920	0.0167113	0	0	0	0
0.0017936	0.0151742	0	0	0	0
0.0017952	-0.00171399	0	32	UnderRange	0
0.0017968	0.0922802	0	0	0	0
0.0017984	0.603908	0	0	0	0
0.0018000	1.05271	0	1	TriggerDetected	0
0.0018016	1.5062	0	0	0	0
0.0018032	1.95411	0	0	0	0
0.0018048	2.41077	0	0	0	0
0.0018064	2.82434	0	0	0	0
0.0018080	3.23427	0	0	0	0
0.0018096	3.39597	0	0	0	0
0.0018112	3.39609	0	0	0	0
0.0018128	3.24816	0	0	0	0
0.0018144	3.01943	0	0	0	0
0.0018160	2.76212	0	0	0	0
0.0018176	2.50576	0	0	0	0
0.0018192	2.25909	0	0	0	0
0.0018208	2.00699	0	0	0	0
0.0018224	1.79443	0	0	0	0
0.0018240	1.57154	0	0	0	0
0.0018256	1.38645	0	0	0	0
0.0018272	1.22758	0	0	0	0
0.0018288	1.08081	0	0	0	0
0.0018304	0.929979	0	0	0	0
0.0018320	0.840732	0	0	0	0
0.0018336	0.72911	0	0	0	0
0.0018352	0.645077	0	0	0	0
0.0018368	0.562815	0	0	0	0
0.0018384	0.496839	0	0	0	0
0.0018400	0.432087	0	0	0	0
0.0018416	0.382843	0	0	0	0
0.0018432	0.364301	0	0	0	0
0.0018448	0.323053	0	0	0	0
0.0018464	0.288012	0	0	0	0
0.0018480	0.260637	0	0	0	0
0.0018496	0.233729	0	0	0	0
0.0018512	0.215342	0	0	0	0
0.0018528	0.18427	0	0	0	0
0.0018544	0.169736	0	0	0	0
0.0018560	0.153023	0	0	0	0
0.0018576	0.14024	0	0	0	0
0.0018592	0.105588	0	0	0	0
0.0018608	0.107437	0	0	0	0
0.0018624	0.0793417	0	0	0	0
0.0018640	0.0702944	0	0	0	0
0.0018656	0.0724346	0	0	0	0
0.0018672	0.0703722	0	0	0	0
0.0018688	0.0578423	0	0	0	0
0.0018704	0.0632901	0	0	0	0
0.0018720	0.0447481	0	0	0	0
0.0018736	0.0471217	0	0	0	0
0.0018752	0.0326461	0	0	0	0
0.0018768	0.0321986	0	0	0	0
0.0018784	0.0221396	0	0	0	0
0.0018800	0.0310702	0	0	0	0
0.0018816	0.0271205	0	0	0	0
0.0018832	0.00618533	0	0	0	0
0.0018848	-0.00741474	0	32	UnderRange	0
0.0018864	0.0196103	0	0	0	0
0.0018880	0.00550436	0	0	0	0
0.0018896	0.0220813	0	0	0	0
0.0018912	0.0264395	0	0	0	0
0.0018928	0.0243966	0	0	0	0
0.0018944	-0.00817354	0	32	UnderRange	0
0.0018960	-0.00484649	0	32	UnderRange	0
0.0018976	0.320096	0	0	0	0
0.0018992	0.824077	0	0	0	0
0.0019008	1.26562	0	1	TriggerDetected	0
0.0019024	1.72402	0	0	0	0
0.0019040	2.19138	0	0	0	0
0.0019056	2.61822	0	0	0	0
0.0019072	3.03427	0	0	0	0
0.0019088	3.32381	0	0	0	0
0.0019104	3.42	0	0	0	0
0.0019120	3.31943	0	0	0	0
0.0019136	3.14663	0	0	0	0
0.0019152	2.89403	0	0	0	0
0.0019168	2.64133	0	0	0	0
0.0019184	2.38344	0	0	0	0
0.0019200	2.13817	0	0	0	0
0.0019216	1.89389	0	0	0	0
0.0019232	1.66382	0	0	0	0
0.0019248	1.48163	0	0	0	0
0.0019264	1.29749	0	0	0	0
0.0019280	1.1498	0	0	0	0
0.0019296	1.01514	0	0	0	0
0.0019312	0.89665	0	0	0	0
0.0019328	0.786234	0	0	0	0
0.0019344	0.700548	0	0	0	0
0.0019360	0.607779	0	0	0	0
0.0019376	0.538981	0	0	0	0
0.0019392	0.475826	0	0	0	0
0.0019408	0.423663	0	0	0	0
0.0019424	0.379263	0	0	0	0
0.0019440	0.337043	0	0	0	0
0.0019456	0.306126	0	0	0	0
0.0019472	0.279665	0	0	0	0
0.0019488	0.234137	0	0	0	0
0.0019504	0.235091	0	0	0	0
0.0019520	0.199816	0	0	0	0
0.0019536	0.158549	0	0	0	0
0.0019552	0.148723	0	0	0	0
0.0019568	0.132205	0	0	0	0
0.0019584	0.121562	0	0	0	0
0.0019600	0.102787	0	0	0	0
0.0019616	0.089926	0	0	0	0
0.0019632	0.0940508	0	0	0	0
0.0019648	0.0781743	0	0	0	0
0.0019664	0.0703722	0	0	0	0
0.0019680	0.0653719	0	0	0	0
0.0019696	0.0530171	0	0	0	0
0.0019712	0.0330936	0	0	0	0
0.0019727	0.0315371	0	0	0	0
0.0019744	0.0314204	0	0	0	0
0.0019760	0.0283657	0	0	0	0
0.0019776	0.0200189	0	0	0	0
0.0019792	0.0257585	0	0	0	0
0.0019808	0.0192601	0	0	0	0
0.0019824	0.0278015	0	0	0	0
0.0019840	0.00964859	0	0	0	0
0.0019856	0.0182873	0	0	0	0
0.0019872	0.0221591	0	0	0	0
0.0019888	0.0196492	0	0	0	0
0.0019903	0.0017298	0	0	0	0
0.0019920	0.0145516	0	0	0	0
0.0019936	0.0163611	0	0	0	0
0.0019952	0.000445675	0	0	0	0
0.0019968	0.0982144	0	0	0	0
0.0019984	0.604122	0	0	0	0
0.0020000	1.04825	0	1	TriggerDetected	0
0.0020016	1.49498	0	0	0	0
0.0020032	1.96026	0	0	0	0
0.0020048	2.41427	0	0	0	0
0.0020064	2.83918	0	0	0	0
0.0020079	3.2053	0	0	0	0
0.0020096	3.3963	0	0	0	0
0.0020112	3.40716	0	0	0	0
0.0020128	3.24318	0	0	0	0
0.0020144	3.04173	0	0	0	0
0.0020160	2.7827	0	0	0	0
0.0020176	2.52422	0	0	0	0
0.0020192	2.24685	0	0	0	0
0.0020208	2.01339	0	0	0	0
0.0020224	1.78388	0	0	0	0
0.0020240	1.57535	0	0	0	0
0.0020255	1.39479	0	0	0	0
0.0020272	1.22253	0	0	0	0
0.0020288	1.08096	0	0	0	0
0.0020304	0.949279	0	0	0	0
0.0020320	0.851511	0	0	0	0
0.0020336	0.741368	0	0	0	0
0.0020352	0.657763	0	0	0	0
0.0020368	0.577992	0	0	0	0
0.0020384	0.501878	0	0	0	0
0.0020400	0.452264	0	0	0	0
0.0020416	0.400393	0	0	0	0
0.0020431	0.352452	0	0	0	0
0.0020448	0.318773	0	0	0	0
0.0020464	0.277467	0	0	0	0
0.0020480	0.250033	0	0	0	0
0.0020496	0.220596	0	0	0	0
0.0020512	0.214272	0	0	0	0
0.0020528	0.181799	0	0	0	0
0.0020544	0.171118	0	0	0	0
0.0020560	0.141252	0	0	0	0
0.0020576	0.116737	0	0	0	0
0.0020592	0.105939	0	0	0	0
0.0020607	0.100997	0	0	0	0
0.0020624	0.0827466	0	0	0	0
0.0020640	0.0893228	0	0	0	0
0.0020656	0.0639321	0	0	0	0
0.0020672	0.0708781	0	0	0	0
0.0020688	0.0654497	0	0	0	0
0.0020704	0.0543206	0	0	0	0
0.0020720	0.0453512	0	0	0	0
0.0020736	0.0319457	0	0	0	0
0.0020752	0.0232292	0	0	0	0
0.0020768	0.0361288	0	0	0	0
0.0020784	0.0122947	0	0	0	0
0.0020799	0.0154661	0	0	0	0
0.0020816	0.0193963	0	0	0	0
0.0020832	0.0141236	0	0	0	0
0.0020848	0.030934	0	0	0	0
0.0020864	0.0252138	0	0	0	0
0.0020880	0.0302335	0	0	0	0
0.0020896	0.0333077	0	0	0	0
0.0020912	0.0185207	0	0	0	0
0.0020928	0.00760566	0	0	0	0
0.0020944	0.00544599	0	0	0	0
0.0020960	0.0162054	0	0	0	0
0.0020975	0.319551	0	0	0	0
0.0020992	0.837483	0	0	0	0
0.0021008	1.27368	0	1	TriggerDetected	0
0.0021024	1.73579	0	0	0	0
0.0021040	2.19714	0	0	0	0
0.0021056	2.62783	0	0	0	0
0.0021072	3.04712	0	0	0	0
0.0021088	3.3256	0	0	0	0
0.0021104	3.42949	0	0	0	0
0.0021120	3.34375	0	0	0	0
0.0021136	3.15907	0	0	0	0
0.0021151	2.91864	0	0	0	0
0.0021168	2.64275	0	0	0	0
0.0021184	2.38563	0	0	0	0
0.0021200	2.1334	0	0	0	0
0.0021216	1.89004	0	0	0	0
0.0021232	1.67203	0	0	0	0
0.0021248	1.47548	0	0	0	0
0.0021264	1.30961	0	0	0	0
0.0021280	1.14161	0	0	0	0
0.0021296	1.01732	0	0	0	0
0.0021312	0.904627	0	0	0	0
0.0021327	0.802305	0	0	0	0
0.0021344	0.680994	0	0	0	0
0.0021360	0.61562	0	0	0	0
0.0021376	0.546569	0	0	0	0
0.0021392	0.476195	0	0	0	0
0.0021408	0.437944	0	0	0	0
0.0021424	0.392182	0	0	0	0
0.0021440	0.321633	0	0	0	0
0.0021456	0.277175	0	0	0	0
0.0021472	0.26877	0	0	0	0
0.0021488	0.241842	0	0	0	0
0.0021503	0.206237	0	0	0	0
0.0021520	0.188278	0	0	0	0
0.0021536	0.182227	0	0	0	0
0.0021552	0.153549	0	0	0	0
0.0021568	0.140377	0	0	0	0
0.0021584	0.115395	0	0	0	0
0.0021600	0.103721	0	0	0	0
0.0021616	0.0874745	0	0	0	0
0.0021632	0.0804507	0	0	0	0
0.0021648	0.0728043	0	0	0	0
0.0021664	0.0652163	0	0	0	0
0.0021679	0.0531922	0	0	0	0
0.0021696	0.034728	0	0	0	0
0.0021712	0.042997	0	0	0	0
0.0021728	0.0294553	0	0	0	0
0.0021744	0.0228595	0	0	0	0
0.0021760	0.0318095	0	0	0	0
0.0021776	0.0206804	0	0	0	0
0.0021792	0.028249	0	0	0	0
0.0021808	0.0252916	0	0	0	0
0.0021824	0.0163416	0	0	0	0
0.0021840	0.02535	0	0	0	0
0.0021856	0.0178787	0	0	0	0
0.0021872	0.0278209	0	0	0	0
0.0021888	0.0250192	0	0	0	0
0.0021904	0.0238129	0	0	0	0
0.0021920	0.0213614	0	0	0	0
0.0021936	0.0205831	0	0	0	0
0.0021952	0.00390893	0	0	0	0
0.0021968	0.0920662	0	0	0	0
0.0021984	0.583751	0	0	0	0
0.0022000	1.05528	0	1	TriggerDetected	0
0.0022016	1.49583	0	0	0	0
0.0022032	1.9524	0	0	0	0
0.0022047	2.41266	0	0	0	0
0.0022064	2.83667	0	0	0	0
0.0022080	3.22183	0	0	0	0
0.0022096	3.40167	0	0	0	0
0.0022112	3.40539	0	0	0	0
0.0022128	3.25608	0	0	0	0
0.0022144	3.03143	0	0	0	0
0.0022160	2.75453	0	0	0	0
0.0022176	2.50101	0	0	0	0
0.0022192	2.27096	0	0	0	0
0.0022208	2.02065	0	0	0	0
0.0022223	1.7727	0	0	0	0
0.0022240	1.57451	0	0	0	0
0.0022256	1.38454	0	0	0	0
0.0022272	1.21893	0	0	0	0
0.0022288	1.08073	0	0	0	0
0.0022304	0.942625	0	0	0	0
0.0022320	0.834019	0	0	0	0
0.0022336	0.735433	0	0	0	0
0.0022352	0.661518	0	0	0	0
0.0022368	0.585618	0	0	0	0
0.0022384	0.501995	0	0	0	0
0.0022399	0.453509	0	0	0	0
0.0022416	0.401891	0	0	0	0
0.0022432	0.36039	0	0	0	0
0.0022448	0.325271	0	0	0	0
0.0022464	0.283868	0	0	0	0
0.0022480	0.250189	0	0	0	0
0.0022496	0.216938	0	0	0	0
0.0022512	0.198746	0	0	0	0
0.0022528	0.177558	0	0	0	0
0.0022544	0.155494	0	0	0	0
0.0022560	0.148315	0	0	0	0
0.0022575	0.128605	0	0	0	0
0.0022592	0.109752	0	0	0	0
0.0022608	0.110958	0	0	0	0
0.0022624	0.0999072	0	0	0	0
0.0022640	0.0921635	0	0	0	0
0.0022656	0.0681347	0	0	0	0
0.0022672	0.0729405	0	0	0	0
0.0022688	0.0547098	0	0	0	0
0.0022704	0.0478611	0	0	0	0
0.0022720	0.0371795	0	0	0	0
0.0022736	0.0331909	0	0	0	0
0.0022751	0.0276264	0	0	0	0
0.0022768	0.0387944	0	0	0	0
0.0022784	0.0283463	0	0	0	0
0.0022800	0.0211668	0	0	0	0
0.0022816	0.0222175	0	0	0	0
0.0022832	0.0180149	0	0	0	0
0.0022848	0.0248052	0	0	0	0
0.0022864	0.0206804	0	0	0	0
0.0022880	0.00941511	0	0	0	0
0.0022896	0.017937	0	0	0	0
0.0022912	0.00678848	0	0	0	0
0.0022927	0.018618	0	0	0	0
0.0022944	0.00235241	0	0	0	0
0.0022960	0.0108549	0	0	0	0
0.0022976	0.341284	0	0	0	0
0.0022992	0.826859	0	0	0	0
0.0023008	1.28428	0	1	TriggerDetected	0
0.0023024	1.72431	0	0	0	0
0.0023040	2.18523	0	0	0	0
0.0023056	2.63324	0	0	0	0
0.0023072	3.03852	0	0	0	0
0.0023088	3.33281	0	0	0	0
0.0023104	3.42311	0	0	0	0
0.0023120	3.33474	0	0	0	0
0.0023136	3.14097	0	0	0	0
0.0023152	2.9051	0	0	0	0
0.0023168	2.63314	0	0	0	0
0.0023184	2.38344	0	0	0	0
0.0023200	2.13924	0	0	0	0
0.0023216	1.89533	0	0	0	0
0.0023232	1.67833	0	0	0	0
0.0023248	1.47702	0	0	0	0
0.0023264	1.30934	0	0	0	0
0.0023280	1.15266	0	0	0	0
0.0023295	1.00738	0	0	0	0
0.0023312	0.882194	0	0	0	0
0.0023328	0.783257	0	0	0	0
0.0023344	0.693582	0	0	0	0
0.0023360	0.599452	0	0	0	0
0.0023376	0.556356	0	0	0	0
0.0023392	0.484756	0	0	0	0
0.0023408	0.429986	0	0	0	0
0.0023424	0.370547	0	0	0	0
0.0023440	0.337276	0	0	0	0
0.0023456	0.295328	0	0	0	0
0.0023471	0.251551	0	0	0	0
0.0023488	0.240013	0	0	0	0
0.0023504	0.216529	0	0	0	0
0.0023520	0.211334	0	0	0	0
0.0023536	0.178317	0	0	0	0
0.0023552	0.16425	0	0	0	0
0.0023568	0.137302	0	0	0	0
0.0023584	0.115667	0	0	0	0
0.0023600	0.103876	0	0	0	0
0.0023616	0.0783299	0	0	0	0
0.0023632	0.0919495	0	0	0	0
0.0023647	0.067337	0	0	0	0
0.0023664	0.0636987	0	0	0	0
0.0023680	0.0709754	0	0	0	0
0.0023696	0.0556437	0	0	0	0
0.0023712	0.0467521	0	0	0	0
0.0023728	0.0414015	0	0	0	0
0.0023744	0.0274123	0	0	0	0
0.0023760	0.0247468	0	0	0	0
0.0023776	0.030467	0	0	0	0
0.0023792	0.0245328	0	0	0	0
0.0023808	0.0352728	0	0	0	0
0.0023823	0.0166918	0	0	0	0
0.0023840	0.00832555	0	0	0	0
0.0023856	0.0144154	0	0	0	0
0.0023872	0.0142987	0	0	0	0
0.0023888	0.0187931	0	0	0	0
0.0023904	0.0263033	0	0	0	0
0.0023920	0.0298639	0	0	0	0
0.0023936	0.0194157	0	0	0	0
0.0023952	0.00353925	0	0	0	0
0.0023968	0.0989732	0	0	0	0
0.0023984	0.59632	0	0	0	0
