Meter S/N:, "0601B14R"
Sensor, THERMO,SINGLE, 0718B14R
Date, 4/14/2014 6:45:49 PM
Units,W
TimeStampResolution,Ultra
Timestamp, Measurement, Sequence, Flags, Flags (interpreted)
0.0000000, 1.53978323936462, 0, 1, TriggerDetected
0.0000016, 2.11180353164673, 0, 0, 0
0.0000032, 2.6682391166687, 0, 0, 0
0.0000048, 3.18198728561401, 0, 0, 0
0.0000064, 3.65376782417297, 0, 0, 0
0.0000080, 4.06822967529297, 0, 0, 0
0.0000096, 4.45624971389771, 0, 0, 0
0.0000112, 4.78899431228638, 0, 0, 0
0.0000128, 5.07689189910889, 0, 0, 0
0.0000144, 5.35539197921753, 0, 0, 0
0.0000160, 5.5899977684021, 0, 0, 0
0.0000176, 5.81938982009888, 0, 0, 0
0.0000192, 6.00111293792725, 0, 0, 0
0.0000208, 6.17277765274048, 0, 0, 0
0.0000224, 6.33615350723267, 0, 0, 0
0.0000240, 6.48425626754761, 0, 0, 0
0.0000256, 6.61379718780518, 0, 0, 0
0.0000272, 6.71421241760254, 0, 0, 0
0.0000288, 6.8186936378479, 0, 0, 0
0.0000304, 6.89795923233032, 0, 0, 0
0.0000320, 6.9881010055542, 0, 0, 0
0.0000336, 7.06617975234985, 0, 0, 0
0.0000352, 7.13336324691772, 0, 0, 0
0.0000368, 7.20297813415527, 0, 0, 0
0.0000384, 7.27171802520752, 0, 0, 0
0.0000400, 7.14314985275269, 0, 0, 0
0.0000416, 6.74925327301025, 0, 0, 0
0.0000432, 6.20704030990601, 0, 0, 0
0.0000448, 5.61225605010986, 0, 0, 0
0.0000464, 5.01725769042969, 0, 0, 0
0.0000480, 4.45504379272461, 0, 0, 0
0.0000496, 3.94123721122742, 0, 0, 0
0.0000512, 3.47842597961426, 0, 0, 0
0.0000528, 3.09122276306152, 0, 0, 0
0.0000544, 2.73345732688904, 0, 0, 0
0.0000560, 2.44054007530212, 0, 0, 0
0.0000576, 2.15680623054504, 0, 0, 0
0.0000592, 1.92297852039337, 0, 0, 0
0.0000608, 1.72565090656281, 0, 0, 0
0.0000624, 1.54060041904449, 0, 0, 0
0.0000640, 1.37144589424133, 0, 0, 0
0.0000656, 1.2575671672821, 0, 0, 0
0.0000672, 1.12905716896057, 0, 0, 0
0.0000688, 1.03220283985138, 0, 0, 0
0.0000704, 0.956906318664551, 0, 0, 0
0.0000720, 0.862853765487671, 0, 0, 0
0.0000736, 0.788471639156342, 0, 0, 0
0.0000752, 0.717338800430298, 0, 0, 0
0.0000768, 0.659047186374664, 0, 0, 0
0.0000784, 0.605172276496887, 0, 0, 0
0.0000800, 0.563982903957367, 0, 0, 0
0.0000816, 0.512111961841583, 0, 0, 0
0.0000832, 0.486001372337341, 0, 0, 0
0.0000848, 0.433371603488922, 0, 0, 0
0.0000864, 0.414479374885559, 0, 0, 0
0.0000880, 0.368601024150848, 0, 0, 0
0.0000896, 0.322644829750061, 0, 0, 0
0.0000912, 0.294919371604919, 0, 0, 0
0.0000928, 0.264139235019684, 0, 0, 0
0.0000944, 0.244157433509827, 0, 0, 0
0.0000960, 0.226957902312279, 0, 0, 0
0.0000976, 0.203843623399734, 0, 0, 0
0.0000992, 0.174600541591644, 0, 0, 0
0.0001008, 0.177499562501907, 0, 0, 0
0.0001024, 0.173900112509727, 0, 0, 0
0.0001040, 0.14428736269474, 0, 0, 0
0.0001056, 0.106113769114017, 0, 0, 0
0.0001072, 0.111853428184986, 0, 0, 0
0.0001088, 0.0962298810482025, 0, 0, 0
0.0001104, 0.0925331488251686, 0, 0, 0
0.0001120, 0.0747693926095963, 0, 0, 0
0.0001136, 0.0698274523019791, 0, 0, 0
0.0001152, 0.0738938525319099, 0, 0, 0
0.0001168, 0.054028794169426, 0, 0, 0
0.0001184, 0.0530170574784279, 0, 0, 0
0.0001200, 0.0451566465198994, 0, 0, 0
0.0001216, 0.0368098206818104, 0, 0, 0
0.0001232, 0.0316149406135082, 0, 0, 0
0.0001248, 0.0377048179507256, 0, 0, 0
0.0001264, 0.0367903634905815, 0, 0, 0
0.0001280, 0.0245327856391668, 0, 0, 0
0.0001296, 0.0317122228443623, 0, 0, 0
0.0001312, 0.0389889441430569, 0, 0, 0
0.0001328, 0.0287353843450546, 0, 0, 0
0.0001344, 0.0244355034083128, 0, 0, 0
0.0001360, 0.0197854060679674, 0, 0, 0
0.0001376, 0.0242603942751884, 0, 0, 0
0.0001392, 0.0188514962792397, 0, 0, 0
0.0001408, 0.029902771115303, 0, 0, 0
0.0001424, 0.0170031320303679, 0, 0, 0
0.0001440, 0.0284824501723051, 0, 0, 0
0.0001456, 0.0236183311790228, 0, 0, 0
0.0001472, 0.03093396499753, 0, 0, 0
0.0001488, 0.00696359248831868, 0, 0, 0
0.0001504, 0.03256830945611, 0, 0, 0
0.0001520, 0.00994043238461018, 0, 0, 0
0.0001536, 0.0228595286607742, 0, 0, 0
0.0001552, 0.0239880047738552, 0, 0, 0
0.0001568, 0.0266146287322044, 0, 0, 0
0.0001584, 0.0242798514664173, 0, 0, 0
0.0001600, 0.0055238138884306, 0, 0, 0
0.0001616, 0.0198826882988214, 0, 0, 0
0.0001632, 0.0145516162738204, 0, 0, 0
0.0001648, 0.017800847068429, 0, 0, 0
0.0001664, 0.0102322800084949, 0, 0, 0
0.0001680, 0.013014554977417, 0, 0, 0
0.0001696, 0.0198437757790089, 0, 0, 0
0.0001712, 0.0142403123900294, 0, 0, 0
0.0001728, 0.00161306303925812, 0, 0, 0
0.0001744, 0.0264200642704964, 0, 0, 0
0.0001760, 0.0181705206632614, 0, 0, 0
0.0001776, 0.00641881115734577, 0, 0, 0
0.0001792, 0.0269843004643917, 0, 0, 0
0.0001808, 0.0294552724808455, 0, 0, 0
0.0001824, 0.0253694131970406, 0, 0, 0
0.0001840, 0.0173144359141588, 0, 0, 0
0.0001856, 0.00702196173369884, 0, 0, 0
0.0001872, 0.0109716253355145, 0, 0, 0
0.0001888, 0.0196102987974882, 0, 0, 0
0.0001904, 0.0142986821010709, 0, 0, 0
0.0001920, 0.0267313662916422, 0, 0, 0
0.0001936, 0.023501593619585, 0, 0, 0
0.0001952, 0.0184623673558235, 0, 0, 0
0.0001968, 0.0183261707425117, 0, 0, 0
0.0001984, 0.0129561852663755, 0, 0, 0
0.0002000, 0.0043953382410109, 0, 0, 0
0.0002016, 0.0209722518920898, 0, 0, 0
0.0002032, 0.0170031320303679, 0, 0, 0
0.0002048, 0.0110883647575974, 0, 0, 0
0.0002064, 0.0192406252026558, 0, 0, 0
0.0002080, 0.0180537812411785, 0, 0, 0
0.0002096, 0.0211084466427565, 0, 0, 0
0.0002112, 0.0188320390880108, 0, 0, 0
0.0002128, 0.0104463007301092, 0, 0, 0
0.0002144, 0.0191628001630306, 0, 0, 0
0.0002160, 0.0174700859934092, 0, 0, 0
0.0002176, 0.0177424773573875, 0, 0, 0
0.0002192, 0.0281906016170979, 0, 0, 0
0.0002208, 0.0221201833337545, 0, 0, 0
0.0002224, 0.0216143149882555, 0, 0, 0
0.0002240, 0.0175868254154921, 0, 0, 0
0.0002256, -0.000274214631645009, 0, 32, NegativePower
0.0002272, 0.0106019526720047, 0, 0, 0
0.0002288, 0.0287353843450546, 0, 0, 0
0.0002304, 0.0152909625321627, 0, 0, 0
0.0002320, 0.0181510634720325, 0, 0, 0
0.0002336, 0.010718691162765, 0, 0, 0
0.0002352, 0.0191628001630306, 0, 0, 0
0.0002368, 0.016983674839139, 0, 0, 0
0.0002384, 0.00733326561748981, 0, 0, 0
0.0002400, 0.0123919481411576, 0, 0, 0
0.0002416, 0.00505685852840543, 0, 0, 0
0.0002432, 0.0175090003758669, 0, 0, 0
0.0002448, 0.0140262916684151, 0, 0, 0
0.0002464, 0.0224120300263166, 0, 0, 0
0.0002480, 0.0164972636848688, 0, 0, 0
0.0002496, 0.0136371618136764, 0, 0, 0
0.0002512, 0.00890923943370581, 0, 0, 0
0.0002528, 0.0174117181450129, 0, 0, 0
0.0002544, 0.0140457479283214, 0, 0, 0
0.0002560, 0.0108937993645668, 0, 0, 0
0.0002576, 0.00900652166455984, 0, 0, 0
0.0002592, 0.00990151986479759, 0, 0, 0
0.0002608, 0.00488175032660365, 0, 0, 0
0.0002624, 0.0116526018828154, 0, 0, 0
0.0002640, 0.0120611879974604, 0, 0, 0
0.0002656, 0.0105824964120984, 0, 0, 0
0.0002672, 0.0135009670630097, 0, 0, 0
0.0002688, 0.0351365618407726, 0, 0, 0
0.0002704, 0.0156800914555788, 0, 0, 0
0.0002720, 0.00137958535924554, 0, 0, 0
0.0002736, 0.0175673700869083, 0, 0, 0
0.0002752, 0.00871467497199774, 0, 0, 0
0.0002768, 0.00593239953741431, 0, 0, 0
0.0002784, 0.0194546468555927, 0, 0, 0
0.0002800, 0.0157384611666203, 0, 0, 0
0.0002816, 0.00359762297011912, 0, 0, 0
0.0002832, 0.012917272746563, 0, 0, 0
0.0002848, 0.00649663712829351, 0, 0, 0
0.0002864, 0.002274583093822, 0, 0, 0
0.0002880, 0.0238128956407309, 0, 0, 0
0.0002896, 0.00916217360645533, 0, 0, 0
0.0002912, 0.0202912744134665, 0, 0, 0
0.0002928, 0.020544208586216, 0, 0, 0
0.0002944, 0.0174117181450129, 0, 0, 0
0.0002960, 0.00379218789748847, 0, 0, 0
0.0002976, 0.00636044191196561, 0, 0, 0
0.0002992, 0.0187347568571568, 0, 0, 0
0.0003008, 0.0128783592954278, 0, 0, 0
0.0003024, 0.000970999477431178, 0, 0, 0
0.0003040, 0.00875358749181032, 0, 0, 0
0.0003056, 0.00575729133561254, 0, 0, 0
0.0003072, 0.0111856469884515, 0, 0, 0
0.0003088, 0.0166529156267643, 0, 0, 0
0.0003104, 0.00828663259744644, 0, 0, 0
0.0003120, 0.0161275900900364, 0, 0, 0
0.0003136, 0.0105630392208695, 0, 0, 0
0.0003152, 0.00754728680476546, 0, 0, 0
0.0003168, 0.0135982492938638, 0, 0, 0
0.0003184, 0.00478446763008833, 0, 0, 0
0.0003200, 0.00743054784834385, 0, 0, 0
0.0003216, 0.0174700859934092, 0, 0, 0
0.0003232, 0.0178786721080542, 0, 0, 0
0.0003248, 0.00750837381929159, 0, 0, 0
0.0003264, 0.000406761857448146, 0, 0, 0
0.0003280, 0.0036949054338038, 0, 0, 0
0.0003296, 0.0148434629663825, 0, 0, 0
0.0003312, 0.0231319200247526, 0, 0, 0
0.0003328, 0.00647718086838722, 0, 0, 0
0.0003344, 0.0132480328902602, 0, 0, 0
0.0003360, 0.0013601288665086, 0, 0, 0
0.0003376, -0.0017334499862045, 0, 32, NegativePower
0.0003392, -0.00282301241531968, 0, 32, NegativePower
0.0003408, -0.000857908744364977, 0, 32, NegativePower
0.0003424, 0.00733326561748981, 0, 0, 0
0.0003440, 0.00750837381929159, 0, 0, 0
0.0003456, 0.0147461807355285, 0, 0, 0
0.0003472, 0.00449262093752623, 0, 0, 0
0.0003488, 0.0126254251226783, 0, 0, 0
0.0003504, 0.013423141092062, 0, 0, 0
0.0003520, 0.0249413717538118, 0, 0, 0
0.0003536, 0.0158746559172869, 0, 0, 0
0.0003552, 0.0137344440445304, 0, 0, 0
0.0003568, 0.00315012433566153, 0, 0, 0
0.0003584, 0.0233459416776896, 0, 0, 0
0.0003600, 0.00398675259202719, 0, 0, 0
0.0003616, 0.00171034538652748, 0, 0, 0
0.0003632, 0.0189098659902811, 0, 0, 0
0.0003648, 0.00649663712829351, 0, 0, 0
0.0003664, 0.0260114781558514, 0, 0, 0
0.0003680, -0.00253116525709629, 0, 32, NegativePower
0.0003696, 0.0131896631792188, 0, 0, 0
0.0003712, 0.0160692203789949, 0, 0, 0
0.0003728, -6.01934552832972E-05, 0, 32, NegativePower
0.0003744, 0.0134815098717809, 0, 0, 0
0.0003760, 0.0326850488781929, 0, 0, 0
0.0003776, -0.00768713001161814, 0, 32, NegativePower
0.0003792, 0.00647718086838722, 0, 0, 0
0.0003808, 0.0101933665573597, 0, 0, 0
0.0003824, 0.0152909625321627, 0, 0, 0
0.0003840, 0.0116526018828154, 0, 0, 0
0.0003856, 0.00322795007377863, 0, 0, 0
0.0003872, 0.0126837948337197, 0, 0, 0
0.0003888, 0.00684685353189707, 0, 0, 0
0.0003904, 0.0147267244756222, 0, 0, 0
0.0003920, 0.0212835557758808, 0, 0, 0
0.0003936, 0.0103101059794426, 0, 0, 0
0.0003952, 0.00702196173369884, 0, 0, 0
0.0003968, 0.00211893138475716, 0, 0, 0
0.0003984, 0.00371436192654073, 0, 0, 0
0.0004000, 0.00486229360103607, 0, 0, 0
0.0004016, 0.0143375946208835, 0, 0, 0
0.0004032, -0.000974647584371269, 0, 32, NegativePower
0.0004048, -0.00257007824257016, 0, 32, NegativePower
0.0004064, -0.00103301694616675, 0, 32, NegativePower
0.0004080, 0.00752783007919788, 0, 0, 0
0.0004096, 0.0117109715938568, 0, 0, 0
0.0004112, 0.0155633529648185, 0, 0, 0
0.0004128, 0.0147461807355285, 0, 0, 0
0.0004144, 0.00112665130291134, 0, 0, 0
0.0004160, 0.0110689075663686, 0, 0, 0
0.0004176, -0.00504104979336262, 0, 32, NegativePower
0.0004192, 0.00404512183740735, 0, 0, 0
0.0004208, -0.00146105932071805, 0, 32, NegativePower
0.0004224, -0.000371496978914365, 0, 32, NegativePower
0.0004240, 0.0171782393008471, 0, 0, 0
0.0004256, 0.000309479481074959, 0, 0, 0
0.0004272, 0.00394783960655332, 0, 0, 0
0.0004288, 0.0269843004643917, 0, 0, 0
0.0004304, 0.0197659507393837, 0, 0, 0
0.0004320, 0.00511522777378559, 0, 0, 0
0.0004336, -0.01116983871907, 0, 32, NegativePower
0.0004352, 0.00760565605014563, 0, 0, 0
0.0004368, 0.0228011589497328, 0, 0, 0
0.0004384, -0.00136377697344869, 0, 32, NegativePower
0.0004400, 0.0108354305848479, 0, 0, 0
0.0004416, 0.00293610314838588, 0, 0, 0
0.0004432, 0.00920108705759048, 0, 0, 0
0.0004448, 0.00244969129562378, 0, 0, 0
0.0004464, 0.00803369842469692, 0, 0, 0
0.0004480, 0.0199994277209044, 0, 0, 0
0.0004496, -0.00554691813886166, 0, 32, NegativePower
0.0004512, 0.002274583093822, 0, 0, 0
0.0004528, 0.0136177055537701, 0, 0, 0
0.0004544, 0.0194546468555927, 0, 0, 0
0.0004560, 0.0164194367825985, 0, 0, 0
0.0004576, 0.0132674891501665, 0, 0, 0
0.0004592, 0.0167307406663895, 0, 0, 0
0.0004608, 0.00318903708830476, 0, 0, 0
0.0004624, 0.0117304278537631, 0, 0, 0
0.0004640, 0.0038311006501317, 0, 0, 0
0.0004656, 0.00997934583574533, 0, 0, 0
0.0004672, 0.00243023480288684, 0, 0, 0
0.0004688, 0.00359762297011912, 0, 0, 0
0.0004704, 0.0159135684370995, 0, 0, 0
0.0004720, 0.00593239953741431, 0, 0, 0
0.0004736, 0.00192436657380313, 0, 0, 0
0.0004752, 0.0012239336501807, 0, 0, 0
0.0004768, 0.00392838288098574, 0, 0, 0
0.0004784, -0.000857908744364977, 0, 32, NegativePower
0.0004800, 0.0103490184992552, 0, 0, 0
0.0004816, 0.0169447623193264, 0, 0, 0
0.0004832, 0.00217730063013732, 0, 0, 0
0.0004848, 0.0157968308776617, 0, 0, 0
0.0004864, -0.0022393180988729, 0, 32, NegativePower
0.0004880, 0.00671065831556916, 0, 0, 0
0.0004896, 0.0210111644119024, 0, 0, 0
0.0004912, 0.0058156605809927, 0, 0, 0
0.0004928, 0.0110494513064623, 0, 0, 0
0.0004944, 0.0137344440445304, 0, 0, 0
0.0004960, 0.139092490077019, 0, 0, 0
0.0004976, 0.678931713104248, 0, 0, 0
0.0004992, 1.24217712879181, 0, 1, TriggerDetected
0.0005008, 1.8128354549408, 0, 0, 0
0.0005024, 2.38008880615234, 0, 0, 0
0.0005040, 2.91350746154785, 0, 0, 0
0.0005056, 3.42412304878235, 0, 0, 0
0.0005072, 3.87395668029785, 0, 0, 0
0.0005088, 4.26974010467529, 0, 0, 0
0.0005104, 4.62596893310547, 0, 0, 0
0.0005120, 4.95242881774902, 0, 0, 0
0.0005136, 5.22945022583008, 0, 0, 0
0.0005152, 5.4753212928772, 0, 0, 0
0.0005168, 5.71913051605225, 0, 0, 0
0.0005184, 5.91914319992065, 0, 0, 0
0.0005200, 6.08425045013428, 0, 0, 0
0.0005216, 6.25109004974365, 0, 0, 0
0.0005232, 6.41635322570801, 0, 0, 0
0.0005248, 6.53904581069946, 0, 0, 0
0.0005264, 6.65798282623291, 0, 0, 0
0.0005280, 6.76219177246094, 0, 0, 0
0.0005296, 6.86287927627563, 0, 0, 0
0.0005312, 6.95212602615356, 0, 0, 0
0.0005328, 7.04407739639282, 0, 0, 0
0.0005344, 7.11904287338257, 0, 0, 0
0.0005360, 7.17928028106689, 0, 0, 0
0.0005376, 7.24257230758667, 0, 0, 0
0.0005392, 7.23301887512207, 0, 0, 0
0.0005408, 6.97765302658081, 0, 0, 0
0.0005424, 6.46641445159912, 0, 0, 0
0.0005440, 5.89604806900024, 0, 0, 0
0.0005456, 5.30068016052246, 0, 0, 0
0.0005472, 4.74027538299561, 0, 0, 0
0.0005488, 4.20168161392212, 0, 0, 0
0.0005504, 3.70024919509888, 0, 0, 0
0.0005520, 3.27868580818176, 0, 0, 0
0.0005536, 2.90115261077881, 0, 0, 0
0.0005552, 2.57813620567322, 0, 0, 0
0.0005568, 2.30117344856262, 0, 0, 0
0.0005584, 2.02891898155212, 0, 0, 0
0.0005600, 1.81542313098907, 0, 0, 0
0.0005616, 1.62395203113556, 0, 0, 0
0.0005632, 1.463747382164, 0, 0, 0
0.0005648, 1.31986677646637, 0, 0, 0
0.0005664, 1.20456779003143, 0, 0, 0
0.0005680, 1.08771216869354, 0, 0, 0
0.0005696, 1.00214266777039, 0, 0, 0
0.0005712, 0.906475126743317, 0, 0, 0
0.0005728, 0.831022977828979, 0, 0, 0
0.0005744, 0.750006198883057, 0, 0, 0
0.0005760, 0.684301733970642, 0, 0, 0
0.0005776, 0.638442814350128, 0, 0, 0
0.0005792, 0.587680876255035, 0, 0, 0
0.0005808, 0.538436532020569, 0, 0, 0
0.0005824, 0.48650723695755, 0, 0, 0
0.0005840, 0.457847863435745, 0, 0, 0
0.0005856, 0.409829288721085, 0, 0, 0
0.0005872, 0.380313813686371, 0, 0, 0
0.0005888, 0.348502486944199, 0, 0, 0
0.0005904, 0.304842174053192, 0, 0, 0
0.0005920, 0.275890946388245, 0, 0, 0
0.0005936, 0.257796406745911, 0, 0, 0
0.0005952, 0.241803199052811, 0, 0, 0
0.0005968, 0.218358144164085, 0, 0, 0
0.0005984, 0.197481349110603, 0, 0, 0
0.0006000, 0.182052373886108, 0, 0, 0
0.0006016, 0.149365499615669, 0, 0, 0
0.0006032, 0.142964318394661, 0, 0, 0
0.0006048, 0.109907783567905, 0, 0, 0
0.0006064, 0.126795992255211, 0, 0, 0
0.0006080, 0.107903763651848, 0, 0, 0
0.0006096, 0.110257998108864, 0, 0, 0
0.0006112, 0.0793805792927742, 0, 0, 0
0.0006128, 0.0735241770744324, 0, 0, 0
0.0006144, 0.0731155946850777, 0, 0, 0
0.0006160, 0.064204528927803, 0, 0, 0
0.0006176, 0.0583092197775841, 0, 0, 0
0.0006192, 0.0598073676228523, 0, 0, 0
0.0006208, 0.0483085922896862, 0, 0, 0
0.0006224, 0.0292023383080959, 0, 0, 0
0.0006240, 0.0279765818268061, 0, 0, 0
0.0006256, 0.0333465673029423, 0, 0, 0
0.0006272, 0.0431137159466743, 0, 0, 0
0.0006288, 0.0350781939923763, 0, 0, 0
0.0006304, 0.0237350706011057, 0, 0, 0
0.0006320, 0.032062441110611, 0, 0, 0
0.0006336, 0.0426273047924042, 0, 0, 0
0.0006352, 0.02929962053895, 0, 0, 0
0.0006368, 0.0260114781558514, 0, 0, 0
0.0006384, 0.0386387258768082, 0, 0, 0
0.0006400, 0.0295136421918869, 0, 0, 0
0.0006416, 0.0264978893101215, 0, 0, 0
0.0006432, 0.0331325456500053, 0, 0, 0
0.0006448, 0.0218283366411924, 0, 0, 0
0.0006464, 0.0125865126028657, 0, 0, 0
0.0006480, 0.0208360571414232, 0, 0, 0
0.0006496, 0.0269064754247665, 0, 0, 0
0.0006512, 0.0142986821010709, 0, 0, 0
0.0006528, 0.0200383402407169, 0, 0, 0
0.0006544, 0.0195908416062593, 0, 0, 0
0.0006560, 0.0212446413934231, 0, 0, 0
0.0006576, 0.0111661897972226, 0, 0, 0
0.0006592, 0.0211084466427565, 0, 0, 0
0.0006608, 0.00579620432108641, 0, 0, 0
0.0006624, 0.0295914690941572, 0, 0, 0
0.0006640, 0.0284629929810762, 0, 0, 0
0.0006656, 0.0254472400993109, 0, 0, 0
0.0006672, 0.0335800461471081, 0, 0, 0
0.0006688, 0.0257196296006441, 0, 0, 0
0.0006704, 0.0158941131085157, 0, 0, 0
0.0006720, 0.0356035195291042, 0, 0, 0
0.0006736, 0.0208944249898195, 0, 0, 0
0.0006752, 0.0191044304519892, 0, 0, 0
0.0006768, 0.0205247532576323, 0, 0, 0
0.0006784, 0.0195713862776756, 0, 0, 0
0.0006800, 0.00745000410825014, 0, 0, 0
0.0006816, 0.0155438957735896, 0, 0, 0
0.0006832, 0.0196881238371134, 0, 0, 0
0.0006848, 0.00865630526095629, 0, 0, 0
0.0006864, 0.0161470472812653, 0, 0, 0
0.0006880, 0.0195130165666342, 0, 0, 0
0.0006896, 0.00840337108820677, 0, 0, 0
0.0006912, 0.0219061616808176, 0, 0, 0
0.0006928, 0.0118082538247108, 0, 0, 0
0.0006944, 0.0093372818082571, 0, 0, 0
0.0006960, 0.025427782908082, 0, 0, 0
0.0006976, 0.0128783592954278, 0, 0, 0
0.0006992, 0.0200383402407169, 0, 0, 0
0.0007008, 0.0109132565557957, 0, 0, 0
0.0007024, 0.0276847332715988, 0, 0, 0
0.0007040, 0.0179370418190956, 0, 0, 0
0.0007056, 0.0157773736864328, 0, 0, 0
0.0007072, 0.0263422373682261, 0, 0, 0
0.0007088, 0.0197659507393837, 0, 0, 0
0.0007104, 0.00344197126105428, 0, 0, 0
0.0007120, 0.0135009670630097, 0, 0, 0
0.0007136, 0.0176646523177624, 0, 0, 0
0.0007152, 0.0210306216031313, 0, 0, 0
0.0007168, 0.0182288885116577, 0, 0, 0
0.0007184, 0.0122168399393559, 0, 0, 0
0.0007200, 0.0213224682956934, 0, 0, 0
0.0007216, 0.00106828182470053, 0, 0, 0
0.0007232, 0.0101933665573597, 0, 0, 0
0.0007248, 0.0174117181450129, 0, 0, 0
0.0007264, 0.0188125837594271, 0, 0, 0
0.0007280, 0.0155438957735896, 0, 0, 0
0.0007296, 0.0182288885116577, 0, 0, 0
0.0007312, 0.0128005342558026, 0, 0, 0
0.0007328, 0.0187931265681982, 0, 0, 0
0.0007344, 0.009045435115695, 0, 0, 0
0.0007360, 0.0113996677100658, 0, 0, 0
0.0007376, 0.0183261707425117, 0, 0, 0
0.0007392, 0.011438581161201, 0, 0, 0
0.0007408, 0.010115540586412, 0, 0, 0
0.0007424, 0.017080957069993, 0, 0, 0
0.0007440, 0.0117304278537631, 0, 0, 0
0.0007456, 0.0211084466427565, 0, 0, 0
0.0007472, 0.0158357433974743, 0, 0, 0
0.0007488, 0.0160692203789949, 0, 0, 0
0.0007504, 0.00548490090295672, 0, 0, 0
0.0007520, -0.000702256977092475, 0, 32, NegativePower
0.0007536, 0.0148629201576114, 0, 0, 0
0.0007552, 0.0108548868447542, 0, 0, 0
0.0007568, 0.0261671300977468, 0, 0, 0
0.0007584, 0.00974586792290211, 0, 0, 0
0.0007600, 0.0120611879974604, 0, 0, 0
0.0007616, 0.0190655179321766, 0, 0, 0
0.0007632, 0.0077807642519474, 0, 0, 0
0.0007648, 0.0209722518920898, 0, 0, 0
0.0007664, 0.0136955315247178, 0, 0, 0
0.0007680, 0.00859793648123741, 0, 0, 0
0.0007696, 0.0260503906756639, 0, 0, 0
0.0007712, 0.00336414552293718, 0, 0, 0
0.0007728, 0.0108548868447542, 0, 0, 0
0.0007744, 0.00799478590488434, 0, 0, 0
0.0007760, 0.0171976964920759, 0, 0, 0
0.0007776, 0.00834500230848789, 0, 0, 0
0.0007792, 0.0132091194391251, 0, 0, 0
0.0007808, 0.0114969499409199, 0, 0, 0
0.0007824, 0.0254472400993109, 0, 0, 0
0.0007840, 0.0100960843265057, 0, 0, 0
0.0007856, 0.00832554511725903, 0, 0, 0
0.0007872, 0.0140846604481339, 0, 0, 0
0.0007888, 0.0127421645447612, 0, 0, 0
0.0007904, 0.0048233806155622, 0, 0, 0
0.0007920, 0.00334468903020024, 0, 0, 0
0.0007936, 0.00717761367559433, 0, 0, 0
0.0007952, -0.010858534835279, 0, 32, NegativePower
0.0007968, 0.00418131705373526, 0, 0, 0
0.0007984, 0.00643826788291335, 0, 0, 0
0.0008000, -0.00340670649893582, 0, 32, NegativePower
0.0008016, 0.00982369389384985, 0, 0, 0
0.0008032, 0.0281127765774727, 0, 0, 0
0.0008048, 0.0229178983718157, 0, 0, 0
0.0008064, 0.0302529875189066, 0, 0, 0
0.0008080, 0.0145516162738204, 0, 0, 0
0.0008096, 0.0297276638448238, 0, 0, 0
0.0008112, 0.0230540931224823, 0, 0, 0
0.0008128, 0.0172560662031174, 0, 0, 0
0.0008144, 0.00556272640824318, 0, 0, 0
0.0008160, 0.000620783015619963, 0, 0, 0
0.0008176, -0.00072171346982941, 0, 32, NegativePower
0.0008192, 0.0103295622393489, 0, 0, 0
0.0008208, 0.00139904185198247, 0, 0, 0
0.0008224, 0.0132480328902602, 0, 0, 0
0.0008240, 0.0114774936810136, 0, 0, 0
0.0008256, 0.0012239336501807, 0, 0, 0
0.0008272, 0.00435642525553703, 0, 0, 0
0.0008288, 0.00945402123034, 0, 0, 0
0.0008304, 0.0249024592339993, 0, 0, 0
0.0008320, 0.0200772546231747, 0, 0, 0
0.0008336, 0.0137539012357593, 0, 0, 0
0.0008352, 0.00801424216479063, 0, 0, 0
0.0008368, -0.00385420536622405, 0, 32, NegativePower
0.0008384, 0.0228011589497328, 0, 0, 0
0.0008400, 0.0183845404535532, 0, 0, 0
0.0008416, 0.017800847068429, 0, 0, 0
0.0008432, 0.000212197133805603, 0, 0, 0
0.0008448, 0.00953184626996517, 0, 0, 0
0.0008464, 0.0185985621064901, 0, 0, 0
0.0008480, 0.0132091194391251, 0, 0, 0
0.0008496, 0.00431751227006316, 0, 0, 0
0.0008512, 0.0147461807355285, 0, 0, 0
0.0008528, 0.0179759543389082, 0, 0, 0
0.0008544, 0.0151158533990383, 0, 0, 0
0.0008560, 0.0121195577085018, 0, 0, 0
0.0008576, -0.00132486410439014, 0, 32, NegativePower
0.0008592, 0.00962912943214178, 0, 0, 0
0.0008608, 0.0115942321717739, 0, 0, 0
0.0008624, 0.0159524828195572, 0, 0, 0
0.0008640, 0.0152715053409338, 0, 0, 0
0.0008656, 0.00420077377930284, 0, 0, 0
0.0008672, 0.0130729246884584, 0, 0, 0
0.0008688, 0.00427859975025058, 0, 0, 0
0.0008704, 0.0166140012443066, 0, 0, 0
0.0008720, 0.0158357433974743, 0, 0, 0
0.0008736, 0.0097653241828084, 0, 0, 0
0.0008752, 0.0113802114501595, 0, 0, 0
0.0008768, 0.000153827728354372, 0, 0, 0
0.0008784, -0.0103332102298737, 0, 32, NegativePower
0.0008800, 0.0161859598010778, 0, 0, 0
0.0008816, 0.00663283234462142, 0, 0, 0
0.0008832, 0.0160108506679535, 0, 0, 0
0.0008848, 0.00809206813573837, 0, 0, 0
0.0008864, 0.00476501137018204, 0, 0, 0
0.0008880, 0.0147072682157159, 0, 0, 0
0.0008896, 0.00530979270115495, 0, 0, 0
0.0008912, 0.00229403958655894, 0, 0, 0
0.0008928, 0.00962912943214178, 0, 0, 0
0.0008944, 0.0105435829609632, 0, 0, 0
0.0008960, 0.00748891709372401, 0, 0, 0
0.0008976, 0.00262479949742556, 0, 0, 0
0.0008992, 0.0077807642519474, 0, 0, 0
0.0009008, 0.00301392888650298, 0, 0, 0
0.0009024, 0.006652289070189, 0, 0, 0
0.0009040, 0.00200219242833555, 0, 0, 0
0.0009056, 0.00198273593559861, 0, 0, 0
0.0009072, -0.00490485457703471, 0, 32, NegativePower
0.0009088, 0.00536816194653511, 0, 0, 0
0.0009104, 0.00746946083381772, 0, 0, 0
0.0009120, 0.00573783507570624, 0, 0, 0
0.0009136, -0.00194747117348015, 0, 32, NegativePower
0.0009152, 0.0154466135427356, 0, 0, 0
0.0009168, 0.00737217860296369, 0, 0, 0
0.0009184, 0.018520737066865, 0, 0, 0
0.0009200, 0.00867576152086258, 0, 0, 0
0.0009216, 0.0189876910299063, 0, 0, 0
0.0009232, 0.0227817036211491, 0, 0, 0
0.0009248, 0.0130534674972296, 0, 0, 0
0.0009264, -0.00595550425350666, 0, 32, NegativePower
0.0009280, -0.000215845226193778, 0, 32, NegativePower
0.0009296, 0.0138706397265196, 0, 0, 0
0.0009312, 0.00826717633754015, 0, 0, 0
0.0009328, 0.0164388939738274, 0, 0, 0
0.0009344, -0.000488235818920657, 0, 32, NegativePower
0.0009360, -0.00206420989707112, 0, 32, NegativePower
0.0009376, 0.00626315968111157, 0, 0, 0
0.0009392, 0.0144543340429664, 0, 0, 0
0.0009408, 0.0163999814540148, 0, 0, 0
0.0009424, 0.0141624864190817, 0, 0, 0
0.0009440, 0.00431751227006316, 0, 0, 0
0.0009456, 0.0162248723208904, 0, 0, 0
0.0009472, 0.0124114044010639, 0, 0, 0
0.0009488, -0.00313431583344936, 0, 32, NegativePower
0.0009504, 0.00124339014291763, 0, 0, 0
0.0009520, 0.002274583093822, 0, 0, 0
0.0009536, 0.00422023003920913, 0, 0, 0
0.0009552, -0.00233660056255758, 0, 32, NegativePower
0.0009568, 0.00287773367017508, 0, 0, 0
0.0009584, 0.000659695942886174, 0, 0, 0
0.0009600, 0.00546544417738914, 0, 0, 0
0.0009616, 0.00392838288098574, 0, 0, 0
0.0009632, 0.0134036848321557, 0, 0, 0
0.0009648, 0.0113023854792118, 0, 0, 0
0.0009664, 0.0147072682157159, 0, 0, 0
0.0009680, 0.0119055360555649, 0, 0, 0
0.0009696, 0.00373381841927767, 0, 0, 0
0.0009712, -0.0080178901553154, 0, 32, NegativePower
0.0009728, 0.00198273593559861, 0, 0, 0
0.0009744, 0.0123335784301162, 0, 0, 0
0.0009760, 0.010115540586412, 0, 0, 0
0.0009776, 0.00285827717743814, 0, 0, 0
0.0009792, -0.00107192993164063, 0, 32, NegativePower
0.0009808, -0.00813462864607573, 0, 32, NegativePower
0.0009824, 0.0128394467756152, 0, 0, 0
0.0009840, 0.00686631025746465, 0, 0, 0
0.0009856, 0.0107965171337128, 0, 0, 0
0.0009872, 0.0052514229901135, 0, 0, 0
0.0009888, 0.0207582302391529, 0, 0, 0
0.0009904, 0.00295555964112282, 0, 0, 0
0.0009920, -0.00733691360801458, 0, 32, NegativePower
0.0009936, 0.00239132181741297, 0, 0, 0
0.0009952, 0.0304864663630724, 0, 0, 0
0.0009968, 0.376441985368729, 0, 0, 0
0.0009984, 0.948656797409058, 0, 0, 0
0.0010000, 1.5280704498291, 0, 1, TriggerDetected
0.0010016, 2.10865163803101, 0, 0, 0
0.0010032, 2.66506767272949, 0, 0, 0
0.0010048, 3.1773955821991, 0, 0, 0
0.0010064, 3.64974021911621, 0, 0, 0
0.0010080, 4.0778603553772, 0, 0, 0
0.0010096, 4.45539379119873, 0, 0, 0
0.0010112, 4.79765272140503, 0, 0, 0
0.0010128, 5.07829284667969, 0, 0, 0
0.0010144, 5.34504079818726, 0, 0, 0
0.0010160, 5.59176826477051, 0, 0, 0
0.0010176, 5.80886363983154, 0, 0, 0
0.0010192, 6.00531578063965, 0, 0, 0
0.0010208, 6.17482042312622, 0, 0, 0
0.0010224, 6.34716606140137, 0, 0, 0
0.0010240, 6.47857475280762, 0, 0, 0
0.0010256, 6.60539245605469, 0, 0, 0
0.0010272, 6.71220827102661, 0, 0, 0
0.0010288, 6.81624221801758, 0, 0, 0
0.0010304, 6.90745401382446, 0, 0, 0
0.0010320, 6.99240112304688, 0, 0, 0
0.0010336, 7.07402086257935, 0, 0, 0
0.0010352, 7.13921928405762, 0, 0, 0
0.0010368, 7.2007212638855, 0, 0, 0
0.0010384, 7.25737857818604, 0, 0, 0
0.0010400, 7.13986158370972, 0, 0, 0
0.0010416, 6.74292993545532, 0, 0, 0
0.0010432, 6.20984220504761, 0, 0, 0
0.0010448, 5.61390972137451, 0, 0, 0
0.0010464, 5.02019548416138, 0, 0, 0
0.0010480, 4.45451831817627, 0, 0, 0
0.0010496, 3.94639301300049, 0, 0, 0
0.0010512, 3.48737597465515, 0, 0, 0
0.0010528, 3.08723425865173, 0, 0, 0
0.0010544, 2.73978066444397, 0, 0, 0
0.0010560, 2.42966389656067, 0, 0, 0
0.0010576, 2.15305113792419, 0, 0, 0
0.0010592, 1.9096702337265, 0, 0, 0
0.0010608, 1.71755707263947, 0, 0, 0
0.0010624, 1.53729283809662, 0, 0, 0
0.0010640, 1.39625287055969, 0, 0, 0
0.0010656, 1.25711965560913, 0, 0, 0
0.0010672, 1.13944697380066, 0, 0, 0
0.0010688, 1.04574453830719, 0, 0, 0
0.0010704, 0.939395487308502, 0, 0, 0
0.0010720, 0.86804860830307, 0, 0, 0
0.0010736, 0.790903747081757, 0, 0, 0
0.0010752, 0.729927122592926, 0, 0, 0
0.0010768, 0.664689600467682, 0, 0, 0
0.0010784, 0.609900176525116, 0, 0, 0
0.0010800, 0.564099609851837, 0, 0, 0
0.0010816, 0.51259833574295, 0, 0, 0
0.0010832, 0.470552921295166, 0, 0, 0
0.0010848, 0.441212564706802, 0, 0, 0
0.0010864, 0.409848749637604, 0, 0, 0
0.0010880, 0.357121706008911, 0, 0, 0
0.0010896, 0.336906433105469, 0, 0, 0
0.0010912, 0.301203787326813, 0, 0, 0
0.0010928, 0.265715211629868, 0, 0, 0
0.0010944, 0.255500555038452, 0, 0, 0
0.0010960, 0.213571861386299, 0, 0, 0
0.0010976, 0.202092543244362, 0, 0, 0
0.0010992, 0.194971472024918, 0, 0, 0
0.0011008, 0.172149032354355, 0, 0, 0
0.0011024, 0.147478222846985, 0, 0, 0
0.0011040, 0.135921075940132, 0, 0, 0
0.0011056, 0.113176465034485, 0, 0, 0
0.0011072, 0.0940118432044983, 0, 0, 0
0.0011088, 0.107320070266724, 0, 0, 0
0.0011104, 0.0987981334328651, 0, 0, 0
0.0011120, 0.0757033079862595, 0, 0, 0
0.0011136, 0.078894168138504, 0, 0, 0
0.0011152, 0.0635040998458862, 0, 0, 0
0.0011168, 0.0593598671257496, 0, 0, 0
0.0011184, 0.0636597499251366, 0, 0, 0
0.0011200, 0.040097963064909, 0, 0, 0
0.0011216, 0.0271983221173286, 0, 0, 0
0.0011232, 0.031031247228384, 0, 0, 0
0.0011248, 0.032062441110611, 0, 0, 0
0.0011264, 0.0369849279522896, 0, 0, 0
0.0011280, 0.0256612617522478, 0, 0, 0
0.0011296, 0.0288132093846798, 0, 0, 0
0.0011312, 0.0335216745734215, 0, 0, 0
0.0011328, 0.0242409389466047, 0, 0, 0
0.0011344, 0.0174311734735966, 0, 0, 0
0.0011360, 0.0167891103774309, 0, 0, 0
0.0011376, 0.0425300225615501, 0, 0, 0
0.0011392, 0.0251553934067488, 0, 0, 0
0.0011408, 0.0171782393008471, 0, 0, 0
0.0011424, 0.0233070272952318, 0, 0, 0
0.0011440, 0.018520737066865, 0, 0, 0
0.0011456, 0.0378799252212048, 0, 0, 0
0.0011472, 0.0375491641461849, 0, 0, 0
0.0011488, 0.036109384149313, 0, 0, 0
0.0011504, 0.0184623673558235, 0, 0, 0
0.0011520, 0.0252137631177902, 0, 0, 0
0.0011536, 0.0275485385209322, 0, 0, 0
0.0011552, 0.0156411789357662, 0, 0, 0
0.0011568, 0.014999114908278, 0, 0, 0
0.0011584, 0.0119444495067, 0, 0, 0
0.0011600, 0.0190071482211351, 0, 0, 0
0.0011616, 0.0242214817553759, 0, 0, 0
0.0011632, 0.0263227801769972, 0, 0, 0
0.0011648, 0.0286381002515554, 0, 0, 0
0.0011664, 0.0107576046139002, 0, 0, 0
0.0011680, 0.0228595286607742, 0, 0, 0
0.0011696, 0.0177619345486164, 0, 0, 0
0.0011712, 0.015757916495204, 0, 0, 0
0.0011728, 0.0192989949136972, 0, 0, 0
0.0011744, 0.0270232148468494, 0, 0, 0
0.0011760, 0.022995725274086, 0, 0, 0
0.0011776, 0.0130340112373233, 0, 0, 0
0.0011792, 0.0136760752648115, 0, 0, 0
0.0011808, 0.013929009437561, 0, 0, 0
0.0011824, 0.0244549605995417, 0, 0, 0
0.0011840, 0.0236377883702517, 0, 0, 0
0.0011856, 0.0226455088704824, 0, 0, 0
0.0011872, 0.0125670563429594, 0, 0, 0
0.0011888, 0.0136955315247178, 0, 0, 0
0.0011904, 0.021769966930151, 0, 0, 0
0.0011920, 0.0116526018828154, 0, 0, 0
0.0011936, 0.010212822817266, 0, 0, 0
0.0011952, 0.0097653241828084, 0, 0, 0
0.0011968, 0.025019196793437, 0, 0, 0
0.0011984, 0.0155633529648185, 0, 0, 0
0.0012000, 0.0243187639862299, 0, 0, 0
0.0012016, 0.0134815098717809, 0, 0, 0
0.0012032, 0.00560163939371705, 0, 0, 0
0.0012048, 0.0200383402407169, 0, 0, 0
0.0012064, 0.0116331456229091, 0, 0, 0
0.0012080, 0.0186374746263027, 0, 0, 0
0.0012096, 0.0178203023970127, 0, 0, 0
0.0012112, 0.0149796586483717, 0, 0, 0
0.0012128, 0.0118082538247108, 0, 0, 0
0.0012144, 0.00634098565205932, 0, 0, 0
0.0012160, 0.0191822554916143, 0, 0, 0
0.0012176, 0.0193573646247387, 0, 0, 0
0.0012192, 0.0238518100231886, 0, 0, 0
0.0012208, 0.00902597885578871, 0, 0, 0
0.0012224, 0.0218477919697762, 0, 0, 0
0.0012240, 0.0194351896643639, 0, 0, 0
0.0012256, 0.0156411789357662, 0, 0, 0
0.0012272, 0.0131702069193125, 0, 0, 0
0.0012288, 0.0160108506679535, 0, 0, 0
0.0012304, 0.0146099859848619, 0, 0, 0
0.0012320, 0.0327239595353603, 0, 0, 0
0.0012336, 0.0153493313118815, 0, 0, 0
0.0012352, 0.000445674784714356, 0, 0, 0
0.0012368, 0.0101933665573597, 0, 0, 0
0.0012384, 0.00964858569204807, 0, 0, 0
0.0012400, 0.0142013998702168, 0, 0, 0
0.0012416, 0.00614642072468996, 0, 0, 0
0.0012432, 0.0110883647575974, 0, 0, 0
0.0012448, -0.00105247343890369, 0, 32, NegativePower
0.0012464, 0.0151353105902672, 0, 0, 0
0.0012480, 0.0131896631792188, 0, 0, 0
0.0012496, 0.0133647713810205, 0, 0, 0
0.0012512, 0.0102711925283074, 0, 0, 0
0.0012528, 0.0145710725337267, 0, 0, 0
0.0012544, 0.0163805242627859, 0, 0, 0
0.0012560, 0.0172366090118885, 0, 0, 0
0.0012576, 0.0205831229686737, 0, 0, 0
0.0012592, 0.0208944249898195, 0, 0, 0
0.0012608, 0.0186763871461153, 0, 0, 0
0.0012624, 0.0143375946208835, 0, 0, 0
0.0012640, 0.0148629201576114, 0, 0, 0
0.0012656, 0.0111467335373163, 0, 0, 0
0.0012672, 0.0145127028226852, 0, 0, 0
0.0012688, 0.00918162986636162, 0, 0, 0
0.0012704, 0.0135009670630097, 0, 0, 0
0.0012720, 0.0127227082848549, 0, 0, 0
0.0012736, 0.0159913953393698, 0, 0, 0
0.0012752, 0.00540707493200898, 0, 0, 0
0.0012768, 0.0177230201661587, 0, 0, 0
0.0012784, 0.0123530346900225, 0, 0, 0
0.0012800, 0.0224314872175455, 0, 0, 0
0.0012816, 0.0191822554916143, 0, 0, 0
0.0012832, 0.0139095522463322, 0, 0, 0
0.0012848, 0.00883141346275806, 0, 0, 0
0.0012864, 0.0230151806026697, 0, 0, 0
0.0012880, 0.0228206161409616, 0, 0, 0
0.0012896, 0.0104073882102966, 0, 0, 0
0.0012912, -0.000371496978914365, 0, 32, NegativePower
0.0012928, 0.0100182583555579, 0, 0, 0
0.0012944, 0.0119639057666063, 0, 0, 0
0.0012960, 0.0199410580098629, 0, 0, 0
0.0012976, 0.0172560662031174, 0, 0, 0
0.0012992, 0.0124697741121054, 0, 0, 0
0.0013008, 0.0100182583555579, 0, 0, 0
0.0013024, 0.0036949054338038, 0, 0, 0
0.0013040, 0.00748891709372401, 0, 0, 0
0.0013056, 0.0162248723208904, 0, 0, 0
0.0013072, 0.024513328447938, 0, 0, 0
0.0013088, 0.00595185626298189, 0, 0, 0
0.0013104, 0.00805315468460321, 0, 0, 0
0.0013120, 0.0114191239699721, 0, 0, 0
0.0013136, 0.0126448823139071, 0, 0, 0
0.0013152, 0.0196686685085297, 0, 0, 0
0.0013168, 0.0150380283594131, 0, 0, 0
0.0013184, 0.0228206161409616, 0, 0, 0
0.0013200, 0.0151353105902672, 0, 0, 0
0.0013216, 0.0235405061393976, 0, 0, 0
0.0013232, 0.0223925746977329, 0, 0, 0
0.0013248, 0.00180762773379683, 0, 0, 0
0.0013264, 0.000504044175613672, 0, 0, 0
0.0013280, 0.00671065831556916, 0, 0, 0
0.0013296, 0.00723598292097449, 0, 0, 0
0.0013312, 0.0109716253355145, 0, 0, 0
0.0013328, 0.0155438957735896, 0, 0, 0
0.0013344, 0.0032668630592525, 0, 0, 0
0.0013360, 0.00134067249018699, 0, 0, 0
0.0013376, 0.00392838288098574, 0, 0, 0
0.0013392, 0.0215170327574015, 0, 0, 0
0.0013408, 0.0144348777830601, 0, 0, 0
0.0013424, 0.0227817036211491, 0, 0, 0
0.0013440, 0.0152909625321627, 0, 0, 0
0.0013456, 0.00202164892107248, 0, 0, 0
0.0013472, 0.0109910815954208, 0, 0, 0
0.0013488, 0.0114774936810136, 0, 0, 0
0.0013504, 0.0171393267810345, 0, 0, 0
0.0013520, 0.0176062826067209, 0, 0, 0
0.0013536, 0.00735272187739611, 0, 0, 0
0.0013552, 0.00604913849383593, 0, 0, 0
0.0013568, 0.00427859975025058, 0, 0, 0
0.0013584, 0.0157773736864328, 0, 0, 0
0.0013600, 0.0255445223301649, 0, 0, 0
0.0013616, 0.0207582302391529, 0, 0, 0
0.0013632, 0.0217505097389221, 0, 0, 0
0.0013648, 0.0232486594468355, 0, 0, 0
0.0013664, 0.0230346377938986, 0, 0, 0
0.0013680, 0.00828663259744644, 0, 0, 0
0.0013696, 0.0109521690756083, 0, 0, 0
0.0013712, 0.00916217360645533, 0, 0, 0
0.0013728, 0.0177230201661587, 0, 0, 0
0.0013744, 0.0112440157681704, 0, 0, 0
0.0013760, 0.0060880514793098, 0, 0, 0
0.0013776, 0.0197075810283422, 0, 0, 0
0.0013792, 0.00867576152086258, 0, 0, 0
0.0013808, 0.0141624864190817, 0, 0, 0
0.0013824, 0.0116331456229091, 0, 0, 0
0.0013840, 0.015757916495204, 0, 0, 0
0.0013856, 0.00357816671021283, 0, 0, 0
0.0013872, 0.00536816194653511, 0, 0, 0
0.0013888, -0.00157779816072434, 0, 32, NegativePower
0.0013904, 0.0152325928211212, 0, 0, 0
0.0013920, 0.0196881238371134, 0, 0, 0
0.0013936, 0.0155633529648185, 0, 0, 0
0.0013952, 0.00254697375930846, 0, 0, 0
0.0013968, 0.0120222745463252, 0, 0, 0
0.0013984, 0.0116915153339505, 0, 0, 0
0.0014000, 0.0267119109630585, 0, 0, 0
0.0014016, 0.0222369227558374, 0, 0, 0
0.0014032, 0.0134620536118746, 0, 0, 0
0.0014048, 0.0240852870047092, 0, 0, 0
0.0014064, 0.0106992349028587, 0, 0, 0
0.0014080, 0.00867576152086258, 0, 0, 0
0.0014096, 0.00163251953199506, 0, 0, 0
0.0014112, 0.0136955315247178, 0, 0, 0
0.0014128, 0.0152909625321627, 0, 0, 0
0.0014144, 0.0197659507393837, 0, 0, 0
0.0014160, -0.00233660056255758, 0, 32, NegativePower
0.0014176, 0.00143795483745635, 0, 0, 0
0.0014192, 0.00900652166455984, 0, 0, 0
0.0014208, 0.0154466135427356, 0, 0, 0
0.0014224, 0.0163416117429733, 0, 0, 0
0.0014240, 0.00737217860296369, 0, 0, 0
0.0014256, 0.0130923809483647, 0, 0, 0
0.0014272, 0.0103684747591615, 0, 0, 0
0.0014288, 0.00573783507570624, 0, 0, 0
0.0014304, 0.00772239500656724, 0, 0, 0
0.0014320, 0.0123724918812513, 0, 0, 0
0.0014336, 0.0132869454100728, 0, 0, 0
0.0014352, 0.00774185126647353, 0, 0, 0
0.0014368, 0.00774185126647353, 0, 0, 0
0.0014384, 0.0138900959864259, 0, 0, 0
0.0014400, 0.00863684900105, 0, 0, 0
0.0014416, 0.0142013998702168, 0, 0, 0
0.0014432, 0.0246884375810623, 0, 0, 0
0.0014448, 0.0260114781558514, 0, 0, 0
0.0014464, 0.0201745368540287, 0, 0, 0
0.0014480, 0.0126254251226783, 0, 0, 0
0.0014496, 0.0122168399393559, 0, 0, 0
0.0014512, 0.0259725637733936, 0, 0, 0
0.0014528, 0.00982369389384985, 0, 0, 0
0.0014544, 0.0153882447630167, 0, 0, 0
0.0014560, 0.0105046704411507, 0, 0, 0
0.0014576, 0.0200383402407169, 0, 0, 0
0.0014592, 0.0141235738992691, 0, 0, 0
0.0014608, 0.0132674891501665, 0, 0, 0
0.0014624, 0.000251110090175644, 0, 0, 0
0.0014640, 0.0149407451972365, 0, 0, 0
0.0014656, 0.0136955315247178, 0, 0, 0
0.0014672, 0.0268091931939125, 0, 0, 0
0.0014688, 0.0121001005172729, 0, 0, 0
0.0014704, 0.0128199905157089, 0, 0, 0
0.0014720, 0.019026605412364, 0, 0, 0
0.0014736, 0.016263784840703, 0, 0, 0
0.0014752, 0.00486229360103607, 0, 0, 0
0.0014768, 0.00451207719743252, 0, 0, 0
0.0014784, 0.000192740670172498, 0, 0, 0
0.0014800, 0.0070803314447403, 0, 0, 0
0.0014816, 0.00396729586645961, 0, 0, 0
0.0014832, 0.000932086550164968, 0, 0, 0
0.0014848, -0.0174348223954439, 0, 32, NegativePower
0.0014864, 0.00470664212480187, 0, 0, 0
0.0014880, -0.00836810655891895, 0, 32, NegativePower
0.0014896, 0.0241047441959381, 0, 0, 0
0.0014912, -0.0130376592278481, 0, 32, NegativePower
0.0014928, -0.00436007371172309, 0, 32, NegativePower
0.0014944, 0.0105824964120984, 0, 0, 0
0.0014960, 0.133294463157654, 0, 0, 0
0.0014976, 0.67258894443512, 0, 0, 0
0.0014992, 1.23501718044281, 0, 1, TriggerDetected
0.0015008, 1.80857443809509, 0, 0, 0
0.0015024, 2.38506960868835, 0, 0, 0
0.0015040, 2.91387701034546, 0, 0, 0
0.0015056, 3.42381167411804, 0, 0, 0
0.0015072, 3.87489056587219, 0, 0, 0
0.0015088, 4.27544069290161, 0, 0, 0
0.0015104, 4.62312793731689, 0, 0, 0
0.0015120, 4.94738960266113, 0, 0, 0
0.0015136, 5.23009204864502, 0, 0, 0
0.0015152, 5.48464107513428, 0, 0, 0
0.0015168, 5.73204946517944, 0, 0, 0
0.0015184, 5.92741203308105, 0, 0, 0
0.0015200, 6.10113906860352, 0, 0, 0
0.0015216, 6.26391172409058, 0, 0, 0
0.0015232, 6.4013524055481, 0, 0, 0
0.0015248, 6.54130268096924, 0, 0, 0
0.0015264, 6.6486439704895, 0, 0, 0
0.0015280, 6.76970195770264, 0, 0, 0
0.0015296, 6.87797737121582, 0, 0, 0
0.0015312, 6.96652364730835, 0, 0, 0
0.0015328, 7.03913545608521, 0, 0, 0
0.0015344, 7.11447095870972, 0, 0, 0
0.0015360, 7.18579816818237, 0, 0, 0
0.0015376, 7.25171661376953, 0, 0, 0
0.0015392, 7.24815607070923, 0, 0, 0
0.0015408, 6.97619342803955, 0, 0, 0
0.0015424, 6.49180555343628, 0, 0, 0
0.0015440, 5.923987865448, 0, 0, 0
0.0015456, 5.31221771240234, 0, 0, 0
0.0015472, 4.73194789886475, 0, 0, 0
0.0015488, 4.19207000732422, 0, 0, 0
0.0015504, 3.72079539299011, 0, 0, 0
0.0015520, 3.28271341323853, 0, 0, 0
0.0015536, 2.89969325065613, 0, 0, 0
0.0015552, 2.57445883750916, 0, 0, 0
0.0015568, 2.28539419174194, 0, 0, 0
0.0015584, 2.03790783882141, 0, 0, 0
0.0015600, 1.82085144519806, 0, 0, 0
0.0015616, 1.6324155330658, 0, 0, 0
0.0015632, 1.45497250556946, 0, 0, 0
0.0015648, 1.32533407211304, 0, 0, 0
0.0015664, 1.20454823970795, 0, 0, 0
0.0015680, 1.08858776092529, 0, 0, 0
0.0015696, 0.984048128128052, 0, 0, 0
0.0015712, 0.890871047973633, 0, 0, 0
0.0015728, 0.822442650794983, 0, 0, 0
0.0015744, 0.76027923822403, 0, 0, 0
0.0015760, 0.690936386585236, 0, 0, 0
0.0015776, 0.624278485774994, 0, 0, 0
0.0015792, 0.579528629779816, 0, 0, 0
0.0015808, 0.53989577293396, 0, 0, 0
0.0015824, 0.496819168329239, 0, 0, 0
0.0015840, 0.47360759973526, 0, 0, 0
0.0015856, 0.411930590867996, 0, 0, 0
0.0015872, 0.373114913702011, 0, 0, 0
0.0015888, 0.353853017091751, 0, 0, 0
0.0015904, 0.313811600208282, 0, 0, 0
0.0015920, 0.277603089809418, 0, 0, 0
0.0015936, 0.260306298732758, 0, 0, 0
0.0015952, 0.245110794901848, 0, 0, 0
0.0015968, 0.211003601551056, 0, 0, 0
0.0015984, 0.202987536787987, 0, 0, 0
0.0016000, 0.180028900504112, 0, 0, 0
0.0016016, 0.164833396673203, 0, 0, 0
0.0016032, 0.146952897310257, 0, 0, 0
0.0016048, 0.131757393479347, 0, 0, 0
0.0016064, 0.114032551646233, 0, 0, 0
0.0016080, 0.121211990714073, 0, 0, 0
0.0016096, 0.112262010574341, 0, 0, 0
0.0016112, 0.0900038108229637, 0, 0, 0
0.0016128, 0.076812319457531, 0, 0, 0
0.0016144, 0.0722400546073914, 0, 0, 0
0.0016160, 0.057297483086586, 0, 0, 0
0.0016176, 0.0495148934423923, 0, 0, 0
0.0016192, 0.0370432958006859, 0, 0, 0
0.0016208, 0.0485226139426231, 0, 0, 0
0.0016224, 0.049670547246933, 0, 0, 0
0.0016240, 0.0482113100588322, 0, 0, 0
0.0016256, 0.0434055626392365, 0, 0, 0
0.0016272, 0.0352727584540844, 0, 0, 0
0.0016288, 0.0414793714880943, 0, 0, 0
0.0016304, 0.0331325456500053, 0, 0, 0
0.0016320, 0.0274512562900782, 0, 0, 0
0.0016336, 0.0358953662216663, 0, 0, 0
0.0016352, 0.0269843004643917, 0, 0, 0
0.0016368, 0.0350976511836052, 0, 0, 0
0.0016384, 0.0239685475826263, 0, 0, 0
0.0016400, 0.0202523618936539, 0, 0, 0
0.0016416, 0.0280933193862438, 0, 0, 0
0.0016432, 0.0278209298849106, 0, 0, 0
0.0016448, 0.0340080857276917, 0, 0, 0
0.0016464, 0.0208165999501944, 0, 0, 0
0.0016480, 0.0348836295306683, 0, 0, 0
0.0016496, 0.0174700859934092, 0, 0, 0
0.0016512, 0.014999114908278, 0, 0, 0
0.0016528, 0.0275485385209322, 0, 0, 0
0.0016544, 0.0275679957121611, 0, 0, 0
0.0016560, 0.0354673229157925, 0, 0, 0
0.0016576, 0.0115747759118676, 0, 0, 0
0.0016592, 0.00986260641366243, 0, 0, 0
0.0016608, 0.0163999814540148, 0, 0, 0
0.0016624, 0.0147072682157159, 0, 0, 0
0.0016640, 0.0137539012357593, 0, 0, 0
0.0016656, 0.0283073410391808, 0, 0, 0
0.0016672, 0.00955130346119404, 0, 0, 0
0.0016688, 0.0311868991702795, 0, 0, 0
0.0016704, 0.0207582302391529, 0, 0, 0
0.0016720, 0.027879299595952, 0, 0, 0
0.0016736, 0.0255834348499775, 0, 0, 0
0.0016752, 0.0285213626921177, 0, 0, 0
0.0016768, 0.0120417317375541, 0, 0, 0
0.0016784, 0.0354089513421059, 0, 0, 0
0.0016800, 0.0287159271538258, 0, 0, 0
0.0016816, 0.0294552724808455, 0, 0, 0
0.0016832, 0.00715815741568804, 0, 0, 0
0.0016848, 0.0147850941866636, 0, 0, 0
0.0016864, 0.00651609385386109, 0, 0, 0
0.0016880, 0.0264395195990801, 0, 0, 0
0.0016896, 0.0321402661502361, 0, 0, 0
0.0016912, 0.0306810308247805, 0, 0, 0
0.0016928, 0.0123335784301162, 0, 0, 0
0.0016944, 0.0094734774902463, 0, 0, 0
0.0016960, 0.0144737903028727, 0, 0, 0
0.0016976, 0.0118860797956586, 0, 0, 0
0.0016992, -0.000293671095278114, 0, 32, NegativePower
0.0017008, 0.00711924443021417, 0, 0, 0
0.0017024, 0.013111837208271, 0, 0, 0
0.0017040, 0.0153493313118815, 0, 0, 0
0.0017056, 0.0130923809483647, 0, 0, 0
0.0017072, 0.0207582302391529, 0, 0, 0
0.0017088, 0.01729497872293, 0, 0, 0
0.0017104, 0.0157384611666203, 0, 0, 0
0.0017120, 0.0164388939738274, 0, 0, 0
0.0017136, 0.0249413717538118, 0, 0, 0
0.0017152, 0.0113802114501595, 0, 0, 0
0.0017168, 0.0128005342558026, 0, 0, 0
0.0017184, 0.00863684900105, 0, 0, 0
0.0017200, 0.00756674306467175, 0, 0, 0
0.0017216, 0.0121195577085018, 0, 0, 0
0.0017232, 0.013111837208271, 0, 0, 0
0.0017248, 0.0159719381481409, 0, 0, 0
0.0017264, 0.0152909625321627, 0, 0, 0
0.0017280, 0.00984315015375614, 0, 0, 0
0.0017296, 0.0154660707339644, 0, 0, 0
0.0017312, 0.0232486594468355, 0, 0, 0
0.0017328, 0.0195130165666342, 0, 0, 0
0.0017344, 0.00616587745025754, 0, 0, 0
0.0017360, 0.0243382211774588, 0, 0, 0
0.0017376, 0.0223731175065041, 0, 0, 0
0.0017392, 0.0110689075663686, 0, 0, 0
0.0017408, 0.0199799723923206, 0, 0, 0
0.0017424, 0.000854260695632547, 0, 0, 0
0.0017440, 0.0192600823938847, 0, 0, 0
0.0017456, 0.0248830020427704, 0, 0, 0
0.0017472, 0.00887032691389322, 0, 0, 0
0.0017488, 0.00885087065398693, 0, 0, 0
0.0017504, 0.00423968676477671, 0, 0, 0
0.0017520, 0.0164778064936399, 0, 0, 0
0.0017536, 0.0227427911013365, 0, 0, 0
0.0017552, 0.00834500230848789, 0, 0, 0
0.0017568, 0.0149602023884654, 0, 0, 0
0.0017584, 0.0182678028941154, 0, 0, 0
0.0017600, 0.00521251000463963, 0, 0, 0
0.0017616, 0.00289719016291201, 0, 0, 0
0.0017632, 0.0121195577085018, 0, 0, 0
0.0017648, 0.00776130799204111, 0, 0, 0
0.0017664, 0.00618533371016383, 0, 0, 0
0.0017680, 0.012917272746563, 0, 0, 0
0.0017696, 0.0156022654846311, 0, 0, 0
0.0017712, 0.0160108506679535, 0, 0, 0
0.0017728, 0.0128589030355215, 0, 0, 0
0.0017744, 0.0111467335373163, 0, 0, 0
0.0017760, 0.004667729139328, 0, 0, 0
0.0017776, 0.0028388206847012, 0, 0, 0
0.0017792, 0.0122946659103036, 0, 0, 0
0.0017808, 0.0170420445501804, 0, 0, 0
0.0017824, 0.0103879310190678, 0, 0, 0
0.0017840, 0.00997934583574533, 0, 0, 0
0.0017856, 0.015096397139132, 0, 0, 0
0.0017872, 0.0127227082848549, 0, 0, 0
0.0017888, 0.013831727206707, 0, 0, 0
0.0017904, 0.0196297559887171, 0, 0, 0
0.0017920, 0.0224120300263166, 0, 0, 0
0.0017936, 0.00875358749181032, 0, 0, 0
0.0017952, 0.010115540586412, 0, 0, 0
0.0017968, 0.0204080138355494, 0, 0, 0
0.0017984, -0.00200584065169096, 0, 32, NegativePower
0.0018000, 0.013929009437561, 0, 0, 0
0.0018016, 0.0104073882102966, 0, 0, 0
0.0018032, 0.0015352371847257, 0, 0, 0
0.0018048, 0.0237934403121471, 0, 0, 0
0.0018064, -0.000488235818920657, 0, 32, NegativePower
0.0018080, 0.00484283734112978, 0, 0, 0
0.0018096, 0.00429805601015687, 0, 0, 0
0.0018112, 0.00291664665564895, 0, 0, 0
0.0018128, -0.000527148775290698, 0, 32, NegativePower
0.0018144, 0.0138900959864259, 0, 0, 0
0.0018160, 0.0157773736864328, 0, 0, 0
0.0018176, 0.00953184626996517, 0, 0, 0
0.0018192, 0.00110719481017441, 0, 0, 0
0.0018208, 0.0212057288736105, 0, 0, 0
0.0018224, 0.00848119705915451, 0, 0, 0
0.0018240, 0.0106408651918173, 0, 0, 0
0.0018256, 0.00960967224091291, 0, 0, 0
0.0018272, 0.0148045504465699, 0, 0, 0
0.0018288, 0.00499848881736398, 0, 0, 0
0.0018304, 0.00497903255745769, 0, 0, 0
0.0018320, 0.0147850941866636, 0, 0, 0
0.0018336, 0.0116136893630028, 0, 0, 0
0.0018352, 0.0210111644119024, 0, 0, 0
0.0018368, 0.0166918281465769, 0, 0, 0
0.0018384, 0.0159330256283283, 0, 0, 0
0.0018400, 0.00577674759551883, 0, 0, 0
0.0018416, 0.00709978770464659, 0, 0, 0
0.0018432, 0.0128394467756152, 0, 0, 0
0.0018448, -0.00393203133717179, 0, 32, NegativePower
0.0018464, 0.00894815288484097, 0, 0, 0
0.0018480, 0.00700250547379255, 0, 0, 0
0.0018496, 0.00768348202109337, 0, 0, 0
0.0018512, -0.00494376756250858, 0, 32, NegativePower
0.0018528, 0.0118666235357523, 0, 0, 0
0.0018544, 0.0196297559887171, 0, 0, 0
0.0018560, 0.0106408651918173, 0, 0, 0
0.0018576, 0.0114191239699721, 0, 0, 0
0.0018592, 0.0199216026812792, 0, 0, 0
0.0018608, 0.0136955315247178, 0, 0, 0
0.0018624, 0.00233295257203281, 0, 0, 0
0.0018640, 0.0192211698740721, 0, 0, 0
0.0018656, 0.0104463007301092, 0, 0, 0
0.0018672, 0.0114969499409199, 0, 0, 0
0.0018688, 0.00567946536466479, 0, 0, 0
0.0018704, 0.0027026254683733, 0, 0, 0
0.0018720, 0.0211862735450268, 0, 0, 0
0.0018736, 0.0106797786429524, 0, 0, 0
0.0018752, 0.011029995046556, 0, 0, 0
0.0018768, 0.0128589030355215, 0, 0, 0
0.0018784, 0.00624370295554399, 0, 0, 0
0.0018800, 0.0110883647575974, 0, 0, 0
0.0018816, 0.018209433183074, 0, 0, 0
0.0018832, 0.00281936419196427, 0, 0, 0
0.0018848, 0.00692467950284481, 0, 0, 0
0.0018864, 0.00809206813573837, 0, 0, 0
0.0018880, -0.00574148306623101, 0, 32, NegativePower
0.0018896, 0.0142403123900294, 0, 0, 0
0.0018912, 0.0132285766303539, 0, 0, 0
0.0018928, -0.000410409935284406, 0, 32, NegativePower
0.0018944, 0.0156411789357662, 0, 0, 0
0.0018960, 0.00647718086838722, 0, 0, 0
0.0018976, 0.0114191239699721, 0, 0, 0
0.0018992, 0.0130729246884584, 0, 0, 0
0.0019008, 0.0199799723923206, 0, 0, 0
0.0019024, 0.0124308606609702, 0, 0, 0
0.0019040, 0.0144737903028727, 0, 0, 0
0.0019056, 0.0217310544103384, 0, 0, 0
0.0019072, 0.0137539012357593, 0, 0, 0
0.0019088, 0.0152909625321627, 0, 0, 0
0.0019104, 0.0112634729593992, 0, 0, 0
0.0019120, 0.00295555964112282, 0, 0, 0
0.0019136, 0.00717761367559433, 0, 0, 0
0.0019152, 0.00999880209565163, 0, 0, 0
0.0019168, 0.0180732365697622, 0, 0, 0
0.0019184, 0.0056600091047585, 0, 0, 0
0.0019200, 0.0102906487882137, 0, 0, 0
0.0019216, 0.00651609385386109, 0, 0, 0
0.0019232, 0.0027804512064904, 0, 0, 0
0.0019248, -0.00126649462617934, 0, 32, NegativePower
0.0019264, 0.0104463007301092, 0, 0, 0
0.0019280, 0.0144348777830601, 0, 0, 0
0.0019296, 0.00575729133561254, 0, 0, 0
0.0019312, 0.00252751726657152, 0, 0, 0
0.0019328, 0.000562413595616817, 0, 0, 0
0.0019344, 0.0284435357898474, 0, 0, 0
0.0019360, 0.0192017126828432, 0, 0, 0
0.0019376, 0.0200967099517584, 0, 0, 0
0.0019392, 0.0122557524591684, 0, 0, 0
0.0019408, 0.0126448823139071, 0, 0, 0
0.0019424, 0.0163805242627859, 0, 0, 0
0.0019440, -0.000663344049826264, 0, 32, NegativePower
0.0019456, 0.00186599721200764, 0, 0, 0
0.0019472, 0.0015352371847257, 0, 0, 0
0.0019488, 0.0215948577970266, 0, 0, 0
0.0019504, 0.013929009437561, 0, 0, 0
0.0019520, 0.0190460607409477, 0, 0, 0
0.0019536, 0.0182678028941154, 0, 0, 0
0.0019552, 0.0201550796627998, 0, 0, 0
0.0019568, 0.0130340112373233, 0, 0, 0
0.0019584, 0.00781967770308256, 0, 0, 0
0.0019600, 0.0156411789357662, 0, 0, 0
0.0019616, 0.0114191239699721, 0, 0, 0
0.0019632, 0.0142792258411646, 0, 0, 0
0.0019648, 0.0189682357013226, 0, 0, 0
0.0019664, 0.00822826288640499, 0, 0, 0
0.0019680, 0.00295555964112282, 0, 0, 0
0.0019696, 0.00305284187197685, 0, 0, 0
0.0019712, 0.00571837835013866, 0, 0, 0
0.0019728, 0.020135622471571, 0, 0, 0
0.0019744, 0.00301392888650298, 0, 0, 0
0.0019760, 0.00990151986479759, 0, 0, 0
0.0019776, 0.00515414075925946, 0, 0, 0
0.0019792, 0.00564055237919092, 0, 0, 0
0.0019808, 0.0089286956936121, 0, 0, 0
0.0019824, 0.0161859598010778, 0, 0, 0
0.0019840, 0.00959021598100662, 0, 0, 0
0.0019856, 0.00155469367746264, 0, 0, 0
0.0019872, 0.0221201833337545, 0, 0, 0
0.0019888, 0.0211668163537979, 0, 0, 0
0.0019904, 0.0118471663445234, 0, 0, 0
0.0019920, -0.00379583588801324, 0, 32, NegativePower
0.0019936, 0.0154271572828293, 0, 0, 0
0.0019952, 0.0347474329173565, 0, 0, 0
0.0019968, 0.384205102920532, 0, 0, 0
0.0019984, 0.956478297710419, 0, 0, 0
0.0020000, 1.53147542476654, 0, 1, TriggerDetected
0.0020016, 2.11234831809998, 0, 0, 0
0.0020032, 2.66979575157166, 0, 0, 0
0.0020048, 3.18638443946838, 0, 0, 0
0.0020064, 3.66427421569824, 0, 0, 0
0.0020080, 4.07215976715088, 0, 0, 0
0.0020096, 4.45932388305664, 0, 0, 0
0.0020112, 4.77358484268188, 0, 0, 0
0.0020128, 5.08179473876953, 0, 0, 0
0.0020144, 5.35969161987305, 0, 0, 0
0.0020160, 5.59320831298828, 0, 0, 0
0.0020176, 5.80740451812744, 0, 0, 0
0.0020192, 6.01407098770142, 0, 0, 0
0.0020208, 6.17594909667969, 0, 0, 0
0.0020224, 6.34800243377686, 0, 0, 0
0.0020240, 6.49318695068359, 0, 0, 0
0.0020256, 6.61858367919922, 0, 0, 0
0.0020272, 6.72604179382324, 0, 0, 0
0.0020288, 6.82776021957397, 0, 0, 0
0.0020304, 6.92298030853271, 0, 0, 0
0.0020320, 7.00030040740967, 0, 0, 0
0.0020336, 7.08981943130493, 0, 0, 0
0.0020352, 7.16013526916504, 0, 0, 0
0.0020368, 7.20243358612061, 0, 0, 0
0.0020384, 7.26424646377563, 0, 0, 0
0.0020400, 7.14513397216797, 0, 0, 0
0.0020416, 6.74419450759888, 0, 0, 0
0.0020432, 6.20476388931274, 0, 0, 0
0.0020448, 5.61229515075684, 0, 0, 0
0.0020464, 5.02122688293457, 0, 0, 0
0.0020480, 4.4709005355835, 0, 0, 0
0.0020496, 3.93899965286255, 0, 0, 0
0.0020512, 3.47893190383911, 0, 0, 0
0.0020528, 3.09028887748718, 0, 0, 0
0.0020544, 2.74472260475159, 0, 0, 0
0.0020560, 2.42736792564392, 0, 0, 0
0.0020576, 2.16287684440613, 0, 0, 0
0.0020592, 1.92622768878937, 0, 0, 0
0.0020608, 1.72736310958862, 0, 0, 0
0.0020624, 1.53688430786133, 0, 0, 0
0.0020640, 1.39154446125031, 0, 0, 0
0.0020656, 1.25768387317657, 0, 0, 0
0.0020672, 1.144291639328, 0, 0, 0
0.0020688, 1.04066646099091, 0, 0, 0
0.0020704, 0.94585508108139, 0, 0, 0
0.0020720, 0.873807728290558, 0, 0, 0
0.0020736, 0.81037962436676, 0, 0, 0
0.0020752, 0.730705380439758, 0, 0, 0
0.0020768, 0.661712765693665, 0, 0, 0
0.0020784, 0.607759952545166, 0, 0, 0
0.0020800, 0.561239540576935, 0, 0, 0
0.0020816, 0.521392703056335, 0, 0, 0
0.0020832, 0.467109143733978, 0, 0, 0
0.0020848, 0.424110323190689, 0, 0, 0
0.0020864, 0.38912758231163, 0, 0, 0
0.0020880, 0.365059942007065, 0, 0, 0
0.0020896, 0.340214014053345, 0, 0, 0
0.0020912, 0.307468771934509, 0, 0, 0
0.0020928, 0.272914081811905, 0, 0, 0
0.0020944, 0.253671646118164, 0, 0, 0
0.0020960, 0.223786503076553, 0, 0, 0
0.0020976, 0.20129482448101, 0, 0, 0
0.0020992, 0.18627442419529, 0, 0, 0
0.0021008, 0.18022346496582, 0, 0, 0
0.0021024, 0.15214778482914, 0, 0, 0
0.0021040, 0.148081377148628, 0, 0, 0
0.0021056, 0.129656091332436, 0, 0, 0
0.0021072, 0.102942362427711, 0, 0, 0
0.0021088, 0.100782692432404, 0, 0, 0
0.0021104, 0.0925720632076263, 0, 0, 0
0.0021120, 0.0765010192990303, 0, 0, 0
0.0021136, 0.0749834179878235, 0, 0, 0
0.0021152, 0.0607218220829964, 0, 0, 0
0.0021168, 0.0667338743805885, 0, 0, 0
0.0021184, 0.0499040223658085, 0, 0, 0
0.0021200, 0.0549821630120277, 0, 0, 0
0.0021216, 0.0351754762232304, 0, 0, 0
0.0021232, 0.03093396499753, 0, 0, 0
0.0021248, 0.0415961109101772, 0, 0, 0
0.0021264, 0.0355840623378754, 0, 0, 0
0.0021280, 0.0393391586840153, 0, 0, 0
0.0021296, 0.0342026501893997, 0, 0, 0
0.0021312, 0.0331909134984016, 0, 0, 0
0.0021328, 0.0401174202561378, 0, 0, 0
0.0021344, 0.0391640514135361, 0, 0, 0
0.0021360, 0.0378604680299759, 0, 0, 0
0.0021376, 0.0248830020427704, 0, 0, 0
0.0021392, 0.0114191239699721, 0, 0, 0
0.0021408, 0.0306032039225101, 0, 0, 0
0.0021424, 0.0366541668772697, 0, 0, 0
0.0021440, 0.0243576783686876, 0, 0, 0
0.0021456, 0.0265951715409756, 0, 0, 0
0.0021472, 0.0196881238371134, 0, 0, 0
0.0021488, 0.0257001742720604, 0, 0, 0
0.0021504, 0.0152325928211212, 0, 0, 0
0.0021520, 0.0241436567157507, 0, 0, 0
0.0021536, 0.0382301397621632, 0, 0, 0
0.0021552, 0.0289299488067627, 0, 0, 0
0.0021568, 0.021769966930151, 0, 0, 0
0.0021584, 0.0276847332715988, 0, 0, 0
0.0021600, 0.0201745368540287, 0, 0, 0
0.0021616, 0.0155633529648185, 0, 0, 0
0.0021632, 0.0258947387337685, 0, 0, 0
0.0021648, 0.0230540931224823, 0, 0, 0
0.0021664, 0.025836369022727, 0, 0, 0
0.0021680, 0.0338135212659836, 0, 0, 0
0.0021696, 0.0214392077177763, 0, 0, 0
0.0021712, 0.0263422373682261, 0, 0, 0
0.0021728, 0.0112245595082641, 0, 0, 0
0.0021744, 0.0228595286607742, 0, 0, 0
0.0021760, 0.0161275900900364, 0, 0, 0
0.0021776, 0.0137344440445304, 0, 0, 0
0.0021792, 0.0152715053409338, 0, 0, 0
0.0021808, 0.00737217860296369, 0, 0, 0
0.0021824, 0.0148045504465699, 0, 0, 0
0.0021840, 0.0234821364283562, 0, 0, 0
0.0021856, 0.0147656369954348, 0, 0, 0
0.0021872, 0.016672370955348, 0, 0, 0
0.0021888, 0.0197659507393837, 0, 0, 0
0.0021904, 0.0198048632591963, 0, 0, 0
0.0021920, 0.0274317990988493, 0, 0, 0
0.0021936, 0.0282684285193682, 0, 0, 0
0.0021952, 0.00867576152086258, 0, 0, 0
0.0021968, 0.0178203023970127, 0, 0, 0
0.0021984, 0.0161859598010778, 0, 0, 0
0.0022000, 0.0149602023884654, 0, 0, 0
0.0022016, 0.0161081347614527, 0, 0, 0
0.0022032, 0.0233070272952318, 0, 0, 0
0.0022048, 0.0204858407378197, 0, 0, 0
0.0022064, 0.021050076931715, 0, 0, 0
0.0022080, 0.0100766280665994, 0, 0, 0
0.0022096, 0.0154660707339644, 0, 0, 0
0.0022112, 0.0229178983718157, 0, 0, 0
0.0022128, 0.0142013998702168, 0, 0, 0
0.0022144, 0.0181316062808037, 0, 0, 0
0.0022160, 0.0206804051995277, 0, 0, 0
0.0022176, 0.0218088794499636, 0, 0, 0
0.0022192, 0.0192406252026558, 0, 0, 0
0.0022208, 0.00139904185198247, 0, 0, 0
0.0022224, 0.0167112853378057, 0, 0, 0
0.0022240, 0.0199021454900503, 0, 0, 0
0.0022256, 0.0166529156267643, 0, 0, 0
0.0022272, 0.0122362961992621, 0, 0, 0
0.0022288, 0.0177424773573875, 0, 0, 0
0.0022304, 0.015504983253777, 0, 0, 0
0.0022320, 0.0243382211774588, 0, 0, 0
0.0022336, 0.0176646523177624, 0, 0, 0
0.0022352, 0.0194351896643639, 0, 0, 0
0.0022368, 0.0214002933353186, 0, 0, 0
0.0022384, 0.0212835557758808, 0, 0, 0
0.0022400, 0.0190071482211351, 0, 0, 0
0.0022416, 0.0200383402407169, 0, 0, 0
0.0022432, 0.0162248723208904, 0, 0, 0
0.0022448, 0.00490120658650994, 0, 0, 0
0.0022464, 0.0129561852663755, 0, 0, 0
0.0022480, 0.0229762680828571, 0, 0, 0
0.0022496, 0.0122946659103036, 0, 0, 0
0.0022512, 0.0109132565557957, 0, 0, 0
0.0022528, 0.0198048632591963, 0, 0, 0
0.0022544, 0.014999114908278, 0, 0, 0
0.0022560, 0.0178397595882416, 0, 0, 0
0.0022576, 0.0134620536118746, 0, 0, 0
0.0022592, 0.0175673700869083, 0, 0, 0
0.0022608, 0.0169253051280975, 0, 0, 0
0.0022624, 0.0056600091047585, 0, 0, 0
0.0022640, 0.0184623673558235, 0, 0, 0
0.0022656, 0.0120417317375541, 0, 0, 0
0.0022672, 0.0191044304519892, 0, 0, 0
0.0022688, 0.0205636657774448, 0, 0, 0
0.0022704, 0.0194935593754053, 0, 0, 0
0.0022720, 0.0152909625321627, 0, 0, 0
0.0022736, 0.00108773831743747, 0, 0, 0
0.0022752, 0.0050957715138793, 0, 0, 0
0.0022768, 0.00811152439564466, 0, 0, 0
0.0022784, 0.0207582302391529, 0, 0, 0
0.0022800, 0.0124697741121054, 0, 0, 0
0.0022816, 0.0105824964120984, 0, 0, 0
0.0022832, 0.00793641619384289, 0, 0, 0
0.0022848, -0.0022393180988729, 0, 32, NegativePower
0.0022864, 0.00945402123034, 0, 0, 0
0.0022880, -0.00436007371172309, 0, 32, NegativePower
0.0022896, 0.0137539012357593, 0, 0, 0
0.0022912, 0.0231124628335238, 0, 0, 0
0.0022928, 0.0209917072206736, 0, 0, 0
0.0022944, 0.0128394467756152, 0, 0, 0
0.0022960, 0.0159330256283283, 0, 0, 0
0.0022976, 0.0094734774902463, 0, 0, 0
0.0022992, 0.0227427911013365, 0, 0, 0
0.0023008, 0.0175673700869083, 0, 0, 0
0.0023024, 0.00762511277571321, 0, 0, 0
0.0023040, 0.0188125837594271, 0, 0, 0
0.0023056, 0.0241825692355633, 0, 0, 0
0.0023072, 0.0153687875717878, 0, 0, 0
0.0023088, 0.0141430301591754, 0, 0, 0
0.0023104, 0.0114774936810136, 0, 0, 0
0.0023120, 0.0173338912427425, 0, 0, 0
0.0023136, 0.0291439685970545, 0, 0, 0
0.0023152, -0.000916278164368123, 0, 32, NegativePower
0.0023168, 0.0174311734735966, 0, 0, 0
0.0023184, 0.0248635448515415, 0, 0, 0
0.0023200, 0.0105046704411507, 0, 0, 0
0.0023216, 0.0093372818082571, 0, 0, 0
0.0023232, 0.00826717633754015, 0, 0, 0
0.0023248, 0.00894815288484097, 0, 0, 0
0.0023264, 0.017489543184638, 0, 0, 0
0.0023280, 0.0108743431046605, 0, 0, 0
0.0023296, 0.00923999957740307, 0, 0, 0
0.0023312, 0.00968749821186066, 0, 0, 0
0.0023328, 0.00752783007919788, 0, 0, 0
0.0023344, 0.0144737903028727, 0, 0, 0
0.0023360, 0.00591294327750802, 0, 0, 0
0.0023376, 0.00587403029203415, 0, 0, 0
0.0023392, 0.0152131365612149, 0, 0, 0
0.0023408, 0.0107770608738065, 0, 0, 0
0.0023424, 0.0116331456229091, 0, 0, 0
0.0023440, 0.0166529156267643, 0, 0, 0
0.0023456, 0.0067884842865169, 0, 0, 0
0.0023472, 0.0160303078591824, 0, 0, 0
0.0023488, 0.00412294780835509, 0, 0, 0
0.0023504, -0.00669485004618764, 0, 32, NegativePower
0.0023520, 0.0115942321717739, 0, 0, 0
0.0023536, 0.0108743431046605, 0, 0, 0
0.0023552, 0.000251110090175644, 0, 0, 0
0.0023568, 0.0175673700869083, 0, 0, 0
0.0023584, -0.000780082889832556, 0, 32, NegativePower
0.0023600, -0.00280355592258275, 0, 32, NegativePower
0.0023616, 0.014590528793633, 0, 0, 0
0.0023632, 0.00879250094294548, 0, 0, 0
0.0023648, 0.00209947489202023, 0, 0, 0
0.0023664, -0.00035204051528126, 0, 32, NegativePower
0.0023680, 0.0113996677100658, 0, 0, 0
0.0023696, 0.0161081347614527, 0, 0, 0
0.0023712, 0.0253694131970406, 0, 0, 0
0.0023728, 0.00669120205566287, 0, 0, 0
0.0023744, 0.0103101059794426, 0, 0, 0
0.0023760, 0.0185012798756361, 0, 0, 0
0.0023776, 0.0158357433974743, 0, 0, 0
0.0023792, 0.00172980187926441, 0, 0, 0
0.0023808, 0.0130534674972296, 0, 0, 0
0.0023824, -0.0026673604734242, 0, 32, NegativePower
0.0023840, -0.00208366638980806, 0, 32, NegativePower
0.0023856, 0.00715815741568804, 0, 0, 0
0.0023872, 0.0023524088319391, 0, 0, 0
0.0023888, 0.0193962771445513, 0, 0, 0
0.0023904, 0.00246914778836071, 0, 0, 0
0.0023920, 0.00408403482288122, 0, 0, 0
0.0023936, 0.00923999957740307, 0, 0, 0
0.0023952, 0.0128589030355215, 0, 0, 0
0.0023968, 0.00805315468460321, 0, 0, 0
0.0023984, 0.0144154205918312, 0, 0, 0
