Meter S/N:, "0637B14R"
Sensor, THERMO,SINGLE, 29
Date, 5/1/2014 1:59:21 PM
Units, W
TimeStampResolution, High
Timestamp, Measurement, Sequence, Flags, Flags (interpreted)
0, 9.49700770433992E-05, 0, 0, 0
5E-05, 8.22544170659967E-05, 0, 0, 0
0.0001, 7.33988708816469E-05, 0, 0, 0
0.00015, 9.62189296842553E-05, 0, 0, 0
0.0002, 0.000116881878057029, 0, 0, 0
0.00025, 0.000122899102279916, 0, 0, 0
0.0003, 0.000100873774499632, 0, 0, 0
0.00035, 8.81581145222299E-05, 0, 0, 0
0.0004, 7.12417458998971E-05, 0, 0, 0
0.00045, 7.89619662100449E-05, 0, 0, 0
0.0005, 0.0001022361611831, 0, 0, 0
0.00055, 0.000116541283205152, 0, 0, 0
0.0006, 0.000112113506474998, 0, 0, 0
0.00065, 0.000102463229268324, 0, 0, 0
0.0007, 8.00972920842469E-05, 0, 0, 0
0.00075, 8.11190911917947E-05, 0, 0, 0
0.0008, 9.19046942726709E-05, 0, 0, 0
0.00085, 0.000118130737973843, 0, 0, 0
0.0009, 0.000124488564324565, 0, 0, 0
0.00095, 0.000116995412099641, 0, 0, 0
0.001, 9.48565430007875E-05, 0, 0, 0
0.00105, 8.81581145222299E-05, 0, 0, 0
0.0011, 8.27085459604859E-05, 0, 0, 0
0.00115, 0.000103257960290648, 0, 0, 0
0.0012, 0.00013118700007908, 0, 0, 0
0.00125, 0.000121423181553837, 0, 0, 0
0.0013, 0.00011427062418079, 0, 0, 0
0.00135, 8.78175123943947E-05, 0, 0, 0
0.0014, 7.88484321674332E-05, 0, 0, 0
0.00145, 9.17911602300592E-05, 0, 0, 0
0.0015, 0.000123012636322528, 0, 0, 0
0.00155, 0.000129711072077043, 0, 0, 0
0.0016, 0.000121990844490938, 0, 0, 0
0.00165, 0.00010019257751992, 0, 0, 0
0.0017, 8.19138149381615E-05, 0, 0, 0
0.00175, 7.82807692303322E-05, 0, 0, 0
0.0018, 9.84895887086168E-05, 0, 0, 0
0.00185, 0.000120174321637023, 0, 0, 0
0.0019, 0.000121309654787183, 0, 0, 0
0.00195, 0.000111886438389774, 0, 0, 0
0.002, 0.000125850958283991, 0, 0, 0
0.00205, 0.000201917850063182, 0, 0, 0
0.0021, 0.00028706734883599, 0, 0, 0
0.00215, 0.000410704407840967, 0, 0, 0
0.0022, 0.000503460585605353, 0, 0, 0
0.00225, 0.000584522902499884, 0, 0, 0
0.0023, 0.000661611615214497, 0, 0, 0
0.00235, 0.000749485858250409, 0, 0, 0
0.0024, 0.000864267407450825, 0, 0, 0
0.00245, 0.000960202480200678, 0, 4, Calculating
0.0025, 0.00102480256464332, 0, 4, Calculating
0.00255, 0.00103944831062108, 0, 4, Calculating
0.0026, 0.00100538856349885, 0, 4, Calculating
0.00265, 0.000965538551099598, 0, 4, Calculating
0.0027, 0.000911383482161909, 0, 4, Calculating
0.00275, 0.000877550744917244, 0, 4, Calculating
0.0028, 0.000855298305395991, 0, 4, Calculating
0.00285, 0.000803527422249317, 0, 4, Calculating
0.0029, 0.000743241573218256, 0, 4, Calculating
0.00295, 0.000677733216434717, 0, 4, Calculating
0.003, 0.000611089577432722, 0, 4, Calculating
0.00305, 0.000558069790713489, 0, 4, Calculating
0.0031, 0.000527302443515509, 0, 4, Calculating
0.00315, 0.000518673972692341, 0, 4, Calculating
0.0032, 0.000487111887196079, 0, 4, Calculating
0.00325, 0.000435113935964182, 0, 4, Calculating
0.0033, 0.000381640042178333, 0, 4, Calculating
0.00335, 0.000350305024767295, 0, 4, Calculating
0.0034, 0.000321354193147272, 0, 4, Calculating
0.00345, 0.000324192515108734, 0, 4, Calculating
0.0035, 0.000314315169816837, 0, 4, Calculating
0.00355, 0.000293992838123813, 0, 4, Calculating
0.0036, 0.000263793132035062, 0, 4, Calculating
0.0036, 0.00215800711885095, 0, 8, FinalEnergyRecord
0.0037, 0.00023086866713129, 0, 0, 0
0.00375, 0.000209524529054761, 0, 0, 0
0.0038, 0.000197035944438539, 0, 0, 0
0.00385, 0.000213952298508957, 0, 0, 0
0.0039, 0.000209751597139984, 0, 0, 0
0.00395, 0.000185909739229828, 0, 0, 0
0.004, 0.000161386677064002, 0, 0, 0
0.00405, 0.000135728303575888, 0, 0, 0
0.0041, 0.000128348678117618, 0, 0, 0
0.00415, 0.000137658353196457, 0, 0, 0
0.0042, 0.000151963467942551, 0, 0, 0
0.00425, 0.000154007066157646, 0, 0, 0
0.0043, 0.000137090697535314, 0, 0, 0
0.00435, 0.000111205241410062, 0, 0, 0
0.0044, 9.70136607065797E-05, 0, 0, 0
0.00445, 0.000100306111562531, 0, 0, 0
0.0045, 0.000114157097414136, 0, 0, 0
0.00455, 0.000131300519569777, 0, 0, 0
0.0046, 0.000129143401863985, 0, 0, 0
0.00465, 0.000110978180600796, 0, 0, 0
0.0047, 8.83851826074533E-05, 0, 0, 0
0.00475, 7.93025683378801E-05, 0, 0, 0
0.0048, 9.0882895165123E-05, 0, 0, 0
0.00485, 0.000158094233484007, 0, 0, 0
0.0049, 0.000224510848056525, 0, 0, 0
0.00495, 0.00029308456578292, 0, 0, 0
0.005, 0.000367561995517462, 0, 0, 0
0.00505, 0.00044771606917493, 0, 0, 0
0.0051, 0.000551371369510889, 0, 0, 0
0.00515, 0.000680685101542622, 0, 4, Calculating
0.0052, 0.000810566474683583, 0, 4, Calculating
0.00525, 0.000918649544473737, 0, 4, Calculating
0.0053, 0.00100175547413528, 0, 4, Calculating
0.00535, 0.00103286339435726, 0, 4, Calculating
0.0054, 0.00103819940704852, 0, 4, Calculating
0.00545, 0.00103138748090714, 0, 4, Calculating
0.0055, 0.00102650560438633, 0, 4, Calculating
0.00555, 0.00101129221729934, 0, 4, Calculating
0.0056, 0.00095566117670387, 0, 4, Calculating
0.00565, 0.000886519788764417, 0, 4, Calculating
0.0057, 0.000813291233498603, 0, 4, Calculating
0.00575, 0.000751075334846973, 0, 4, Calculating
0.0058, 0.000705889367964119, 0, 4, Calculating
0.00585, 0.000684431637637317, 0, 4, Calculating
0.0059, 0.000646738801151514, 0, 4, Calculating
0.00595, 0.000588496564887464, 0, 4, Calculating
0.006, 0.000532979087438434, 0, 4, Calculating
0.00605, 0.000473374442663044, 0, 4, Calculating
0.0061, 0.000427961378591135, 0, 4, Calculating
0.00615, 0.000410817941883579, 0, 4, Calculating
0.0062, 0.000405368366045877, 0, 4, Calculating
0.00625, 0.000374260416720062, 0, 4, Calculating
0.0063, 0.000341563019901514, 0, 4, Calculating
0.00635, 0.000292516895569861, 0, 4, Calculating
0.0064, 0.000262430752627552, 0, 4, Calculating
0.00645, 0.000246195588260889, 0, 4, Calculating
0.0065, 0.000258570653386414, 0, 4, Calculating
0.0065, 0.00227868976071477, 0, 8, FinalEnergyRecord
0.0066, 0.000259819498751312, 0, 0, 0
0.00665, 0.000239837754634209, 0, 0, 0
0.0067, 0.000211681646760553, 0, 0, 0
0.00675, 0.000181481969775632, 0, 0, 0
0.0068, 0.00016967456031125, 0, 0, 0
0.00685, 0.000171264022355899, 0, 0, 0
0.0069, 0.000183639087481424, 0, 0, 0
0.00695, 0.000180573697434738, 0, 0, 0
0.007, 0.000168766302522272, 0, 0, 0
0.00705, 0.000139815470902249, 0, 0, 0
0.0071, 0.000137544819153845, 0, 0, 0
0.00715, 0.00016297613910865, 0, 0, 0
0.0072, 0.00022621382959187, 0, 0, 0
0.00725, 0.000314088101731613, 0, 0, 0
0.0073, 0.000380504730856046, 0, 0, 0
0.00735, 0.000449419050710276, 0, 0, 0
0.0074, 0.000508228957187384, 0, 0, 0
0.00745, 0.000615176744759083, 0, 0, 0
0.0075, 0.000719059142284095, 0, 4, Calculating
0.00755, 0.000837019586469978, 0, 4, Calculating
0.0076, 0.000939312507398427, 0, 4, Calculating
0.00765, 0.000996305840089917, 0, 4, Calculating
0.0077, 0.00103274988941848, 0, 4, Calculating
0.00775, 0.00103831302840263, 0, 4, Calculating
0.0078, 0.00105239101685584, 0, 4, Calculating
0.00785, 0.00106238189619035, 0, 4, Calculating
0.0079, 0.00108077423647046, 0, 4, Calculating
0.00795, 0.00107203214429319, 0, 4, Calculating
0.008, 0.00104012945666909, 0, 4, Calculating
0.00805, 0.000977913616225123, 0, 4, Calculating
0.0081, 0.000922963779885322, 0, 4, Calculating
0.00815, 0.000879026658367366, 0, 4, Calculating
0.0082, 0.0008451939211227, 0, 4, Calculating
0.00825, 0.000826801639050245, 0, 4, Calculating
0.0083, 0.000791606493294239, 0, 4, Calculating
0.00835, 0.000744717486668378, 0, 4, Calculating
0.0084, 0.000695671420544386, 0, 4, Calculating
0.00845, 0.00065718381665647, 0, 4, Calculating
0.0085, 0.000632206618320197, 0, 4, Calculating
0.00855, 0.000631979550234973, 0, 4, Calculating
0.0086, 0.000628573587164283, 0, 4, Calculating
0.00865, 0.000591675459872931, 0, 4, Calculating
0.0087, 0.000547284202184528, 0, 4, Calculating
0.00875, 0.000492788502015173, 0, 4, Calculating
0.0088, 0.000453846820164472, 0, 4, Calculating
0.00885, 0.000443401833763346, 0, 4, Calculating
0.0089, 0.000451803236501291, 0, 4, Calculating
0.00895, 0.000437157519627362, 0, 4, Calculating
0.009, 0.000397421099478379, 0, 4, Calculating
0.00905, 0.000361317710485309, 0, 4, Calculating
0.0091, 0.000326463166857138, 0, 4, Calculating
0.00915, 0.00031522344215773, 0, 4, Calculating
0.0092, 0.000316472287522629, 0, 4, Calculating
0.0092, 0.00319351349025965, 0, 8, FinalEnergyRecord
0.0093, 0.00032055948395282, 0, 0, 0
0.00935, 0.000317607627948746, 0, 0, 0
0.0094, 0.000288089126115665, 0, 0, 0
0.00945, 0.000255959399510175, 0, 0, 0
0.0095, 0.000238475360674784, 0, 0, 0
0.00955, 0.000224964969675057, 0, 0, 0
0.0096, 0.000241881338297389, 0, 0, 0
0.00965, 0.000266404385911301, 0, 0, 0
0.0097, 0.000250509823672473, 0, 0, 0
0.00975, 0.000219856010517105, 0, 0, 0
0.0098, 0.000196808876353316, 0, 0, 0
0.00985, 0.000184093209099956, 0, 0, 0
0.0099, 0.000183525553438812, 0, 0, 0
0.00995, 0.00020645915355999, 0, 0, 0
0.01, 0.00021747182472609, 0, 0, 0
0.01005, 0.000218153014429845, 0, 0, 0
0.0101, 0.000214633502764627, 0, 0, 0
0.01015, 0.000207935081562027, 0, 0, 0
0.0102, 0.000254483456956223, 0, 0, 0
0.01025, 0.00035064562689513, 0, 0, 0
0.0103, 0.000471217324957252, 0, 4, Calculating
0.01035, 0.000592470227275044, 0, 4, Calculating
0.0104, 0.00069396838080138, 0, 4, Calculating
0.01045, 0.000779799127485603, 0, 4, Calculating
0.0105, 0.000875847763381898, 0, 4, Calculating
0.01055, 0.00098835863173008, 0, 4, Calculating
0.0106, 0.00110972498077899, 0, 4, Calculating
0.01065, 0.00124017405323684, 0, 4, Calculating
0.0107, 0.00133429258130491, 0, 4, Calculating
0.01075, 0.00140786182601005, 0, 4, Calculating
0.0108, 0.00146485515870154, 0, 4, Calculating
0.01085, 0.00153853790834546, 0, 4, Calculating
0.0109, 0.00160938233602792, 0, 4, Calculating
0.01095, 0.00169816485140473, 0, 4, Calculating
0.011, 0.00176548969466239, 0, 4, Calculating
0.01105, 0.00180908618494868, 0, 4, Calculating
0.0111, 0.00183724239468575, 0, 4, Calculating
0.01115, 0.00187470810487866, 0, 4, Calculating
0.0112, 0.00191410398110747, 0, 4, Calculating
0.01125, 0.001977568725124, 0, 4, Calculating
0.0113, 0.0020363787189126, 0, 4, Calculating
0.01135, 0.00207202788442373, 0, 4, Calculating
0.0114, 0.00208826316520572, 0, 4, Calculating
0.01145, 0.00209541572257876, 0, 4, Calculating
0.0115, 0.00210097874514759, 0, 4, Calculating
0.01155, 0.00212493422441185, 0, 4, Calculating
0.0116, 0.00216421647928655, 0, 4, Calculating
0.01165, 0.00219362135976553, 0, 4, Calculating
0.0117, 0.00220361235551536, 0, 4, Calculating
0.01175, 0.00219952501356602, 0, 4, Calculating
0.0118, 0.00220463401637971, 0, 4, Calculating
0.01185, 0.00222177756950259, 0, 4, Calculating
0.0119, 0.00225254474207759, 0, 4, Calculating
0.01195, 0.00228626397438347, 0, 4, Calculating
0.012, 0.00229001068510115, 0, 4, Calculating
0.01205, 0.00227706786245108, 0, 4, Calculating
0.0121, 0.00226276274770498, 0, 4, Calculating
0.01215, 0.00225572381168604, 0, 4, Calculating
0.0122, 0.00225981092080474, 0, 4, Calculating
0.01225, 0.00229046470485628, 0, 4, Calculating
0.0123, 0.00230692699551582, 0, 4, Calculating
0.01235, 0.0023063593544066, 0, 4, Calculating
0.0124, 0.00229466543532908, 0, 4, Calculating
0.01245, 0.00228728586807847, 0, 4, Calculating
0.0125, 0.00229307590052485, 0, 4, Calculating
0.01255, 0.00229920679703355, 0, 4, Calculating
0.0126, 0.00232974695973098, 0, 4, Calculating
0.01265, 0.002332131145522, 0, 4, Calculating
0.0127, 0.00231021945364773, 0, 4, Calculating
0.01275, 0.00229580071754754, 0, 4, Calculating
0.0128, 0.00227979267947376, 0, 4, Calculating
0.01285, 0.00226242211647332, 0, 4, Calculating
0.0129, 0.00222643231973052, 0, 4, Calculating
0.01295, 0.00216398923657835, 0, 4, Calculating
0.013, 0.00205556559376419, 0, 4, Calculating
0.01305, 0.00193124741781503, 0, 4, Calculating
0.0131, 0.00179693824611604, 0, 4, Calculating
0.01315, 0.00166637566871941, 0, 4, Calculating
0.0132, 0.00155681662727147, 0, 4, Calculating
0.01325, 0.00147711671888828, 0, 4, Calculating
0.0133, 0.00136903359089047, 0, 4, Calculating
0.01335, 0.00125209498219192, 0, 4, Calculating
0.0134, 0.00114435248542577, 0, 4, Calculating
0.01345, 0.00104489782825112, 0, 4, Calculating
0.0135, 0.000961905519943684, 0, 4, Calculating
0.01355, 0.000903322652447969, 0, 4, Calculating
0.0136, 0.000855411868542433, 0, 4, Calculating
0.01365, 0.000784453935921192, 0, 4, Calculating
0.0137, 0.00071065773954615, 0, 4, Calculating
0.01375, 0.000646852364297956, 0, 4, Calculating
0.0138, 0.000590767245739698, 0, 4, Calculating
0.01385, 0.000555912673007697, 0, 4, Calculating
0.01385, 0.0127814430743456, 0, 8, FinalEnergyRecord
0.01395, 0.000541834626346827, 0, 0, 0
0.014, 0.000514019164256752, 0, 0, 0
0.01405, 0.000473033840535209, 0, 0, 0
0.0141, 0.000424895988544449, 0, 0, 0
0.01415, 0.000384705432225019, 0, 0, 0
0.0142, 0.000352575676515698, 0, 0, 0
0.01425, 0.000343720137607306, 0, 0, 0
0.0143, 0.000351894501363859, 0, 0, 0
0.01435, 0.000332934549078345, 0, 0, 0
0.0144, 0.000303529581287876, 0, 0, 0
0.01445, 0.000263906666077673, 0, 0, 0
0.0145, 0.000246763258473948, 0, 0, 0
0.01455, 0.000236658845096827, 0, 0, 0
0.0146, 0.000247330899583176, 0, 0, 0
0.01465, 0.000253007543506101, 0, 0, 0
0.0147, 0.000238134758546948, 0, 0, 0
0.01475, 0.000212816972634755, 0, 0, 0
0.0148, 0.000188293925020844, 0, 0, 0
0.01485, 0.000174556465935893, 0, 0, 0
0.0149, 0.000187499201274477, 0, 0, 0
0.01495, 0.000206686221645214, 0, 0, 0
0.015, 0.000204302035854198, 0, 0, 0
0.01505, 0.000194651758647524, 0, 0, 0
0.0151, 0.000175691791810095, 0, 0, 0
0.01515, 0.000153325861901976, 0, 0, 0
0.0152, 0.000142767326906323, 0, 0, 0
0.01525, 0.000163543809321709, 0, 0, 0
0.0153, 0.000181141367647797, 0, 0, 0
0.01535, 0.000169220438692719, 0, 0, 0
0.0154, 0.000156845373567194, 0, 0, 0
0.01545, 0.000140269607072696, 0, 0, 0
0.0155, 0.000127553954371251, 0, 0, 0
0.01555, 0.000124375030281954, 0, 0, 0
0.0156, 0.000151395812281407, 0, 0, 0
0.01565, 0.000163884396897629, 0, 0, 0
0.0157, 0.000148784558405168, 0, 0, 0
0.01575, 0.000128575746202841, 0, 0, 0
0.0158, 0.000113702961243689, 0, 0, 0
0.01585, 0.000108821055619046, 0, 0, 0
0.0159, 0.000118925468996167, 0, 0, 0
0.01595, 0.00014889809244778, 0, 0, 0
0.016, 0.000146400372614153, 0, 0, 0
0.01605, 0.000128802814288065, 0, 0, 0
0.0161, 0.000109388718556147, 0, 0, 0
0.01615, 0.00010439328616485, 0, 0, 0
0.0162, 0.000102803824120201, 0, 0, 0
0.01625, 0.000127894541947171, 0, 0, 0
0.0163, 0.000143789118737914, 0, 0, 0
0.01635, 0.000139134281198494, 0, 0, 0
0.0164, 0.000130051659652963, 0, 0, 0
0.01645, 0.000108253392681945, 0, 0, 0
0.0165, 0.000111772904347163, 0, 0, 0
0.01655, 0.000110978180600796, 0, 0, 0
0.0166, 0.000135614769533277, 0, 0, 0
0.01665, 0.000141972603159957, 0, 0, 0
0.0167, 0.000139134281198494, 0, 0, 0
0.01675, 0.000123580306535587, 0, 0, 0
0.0168, 0.000103144426248036, 0, 0, 0
0.01685, 0.000103598555142526, 0, 0, 0
0.0169, 0.000116087147034705, 0, 0, 0
0.01695, 0.00014458384248428, 0, 0, 0
0.017, 0.000138112489366904, 0, 0, 0
0.01705, 0.000126418628497049, 0, 0, 0
0.0171, 0.000106096274976153, 0, 0, 0
0.01715, 9.89437176031061E-05, 0, 0, 0
0.0172, 0.000100306111562531, 0, 0, 0
0.01725, 0.000135614769533277, 0, 0, 0
0.0173, 0.000141859069117345, 0, 0, 0
0.01735, 0.000139134281198494, 0, 0, 0
0.0174, 0.000112908237497322, 0, 0, 0
0.01745, 9.74677896010689E-05, 0, 0, 0
0.0175, 8.96340352483094E-05, 0, 0, 0
0.01755, 0.000108366926724557, 0, 0, 0
0.0176, 0.00013118700007908, 0, 0, 0
0.01765, 0.000132776447571814, 0, 0, 0
0.0177, 0.00012062845780747, 0, 0, 0
0.01775, 0.000105755680124275, 0, 0, 0
0.0178, 8.96340352483094E-05, 0, 0, 0
0.01785, 9.34941490413621E-05, 0, 0, 0
0.0179, 0.000116541283205152, 0, 0, 0
0.01795, 0.000136977163492702, 0, 0, 0
0.018, 0.000128008075989783, 0, 0, 0
0.01805, 0.000111432309495285, 0, 0, 0
0.0181, 9.54242059378885E-05, 0, 0, 0
0.01815, 8.79310464370064E-05, 0, 0, 0
0.0182, 9.6900126663968E-05, 0, 0, 0
0.01825, 0.000123466772492975, 0, 0, 0
0.0183, 0.000127440420328639, 0, 0, 0
0.01835, 0.000114724760351237, 0, 0, 0
0.0184, 9.86031154752709E-05, 0, 0, 0
0.01845, 8.73633834999055E-05, 0, 0, 0
0.0185, 9.09964292077348E-05, 0, 0, 0
0.01855, 0.000104506820207462, 0, 0, 0
0.0186, 0.000128916333778761, 0, 0, 0
0.01865, 0.000133117049699649, 0, 0, 0
0.0187, 0.000115633018140215, 0, 0, 0
0.01875, 0.000102917358162813, 0, 0, 0
0.0188, 9.75813236436807E-05, 0, 0, 0
0.01885, 9.98519753920846E-05, 0, 0, 0
0.0189, 0.000120060794870369, 0, 0, 0
0.01895, 0.000121423181553837, 0, 0, 0
0.019, 0.000116654809971806, 0, 0, 0
0.01905, 0.00010541507799644, 0, 0, 0
0.0191, 8.86122434167191E-05, 0, 0, 0
0.01915, 8.19138149381615E-05, 0, 0, 0
0.0192, 0.000108480460767169, 0, 0, 0
0.01925, 0.000123239704407752, 0, 0, 0
0.0193, 0.000121877317724284, 0, 0, 0
0.01935, 0.000109275191789493, 0, 0, 0
0.0194, 0.000101327903394122, 0, 0, 0
0.01945, 9.19046942726709E-05, 0, 0, 0
0.0195, 9.66730658547021E-05, 0, 0, 0
0.01955, 0.000120287855679635, 0, 0, 0
0.0196, 0.000131641121697612, 0, 0, 0
0.01965, 0.000121763783681672, 0, 0, 0
0.0197, 0.00011222704051761, 0, 0, 0
0.01975, 9.25858912523836E-05, 0, 0, 0
0.0198, 9.59918688749895E-05, 0, 0, 0
0.01985, 0.000106891005998477, 0, 0, 0
0.0199, 0.000132208791910671, 0, 0, 0
0.01995, 0.000134365909616463, 0, 0, 0
0.02, 0.000119606658699922, 0, 0, 0
0.02005, 0.000103712089185137, 0, 0, 0
0.0201, 9.59918688749895E-05, 0, 0, 0
0.02015, 9.34941490413621E-05, 0, 0, 0
0.0202, 0.000119833726785146, 0, 0, 0
0.02025, 0.000131073466036469, 0, 0, 0
0.0203, 0.000125510356156155, 0, 0, 0
0.02035, 0.000100306111562531, 0, 0, 0
0.0204, 8.45250688144006E-05, 0, 0, 0
0.02045, 8.1005557149183E-05, 0, 0, 0
0.0205, 9.50836038100533E-05, 0, 0, 0
0.02055, 0.000121423181553837, 0, 0, 0
0.0206, 0.000117222472908907, 0, 0, 0
0.02065, 0.000102917358162813, 0, 0, 0
0.0207, 8.44115347717889E-05, 0, 0, 0
0.02075, 8.38438718346879E-05, 0, 0, 0
0.0208, 8.07784890639596E-05, 0, 0, 0
0.02085, 9.88301835604943E-05, 0, 0, 0
0.0209, 0.000118130737973843, 0, 0, 0
0.02095, 0.000119947260827757, 0, 0, 0
0.021, 0.000106323343061376, 0, 0, 0
0.02105, 8.44115347717889E-05, 0, 0, 0
0.0211, 7.62371855671518E-05, 0, 0, 0
0.02115, 8.6455125710927E-05, 0, 0, 0
0.0212, 0.000110864646558184, 0, 0, 0
0.02125, 0.000124602098367177, 0, 0, 0
0.0213, 0.000115178889245726, 0, 0, 0
0.02135, 0.000111772904347163, 0, 0, 0
0.0214, 9.74677896010689E-05, 0, 0, 0
0.02145, 8.30491408123635E-05, 0, 0, 0
0.0215, 9.73542628344148E-05, 0, 0, 0
0.02155, 0.00011427062418079, 0, 0, 0
0.0216, 0.000132208791910671, 0, 0, 0
0.02165, 0.000126872750115581, 0, 0, 0
0.0217, 0.000104166218079627, 0, 0, 0
0.02175, 9.49700770433992E-05, 0, 0, 0
0.0218, 8.95205084816553E-05, 0, 0, 0
0.02185, 0.000105528612039052, 0, 0, 0
0.0219, 0.000126759216072969, 0, 0, 0
0.02195, 0.000128348678117618, 0, 0, 0
0.022, 0.000120401389722247, 0, 0, 0
0.02205, 0.000101554971479345, 0, 0, 0
0.0221, 8.29356140457094E-05, 0, 0, 0
0.02215, 8.95205084816553E-05, 0, 0, 0
0.0222, 0.000104733881016728, 0, 0, 0
0.02225, 0.000116314215119928, 0, 0, 0
0.0223, 0.000126418628497049, 0, 0, 0
0.02235, 0.000107345134892967, 0, 0, 0
0.0224, 8.6455125710927E-05, 0, 0, 0
0.02245, 8.42980007291771E-05, 0, 0, 0
0.0225, 8.77039856277406E-05, 0, 0, 0
0.02255, 0.000113362366391812, 0, 0, 0
0.0226, 0.000124261496239342, 0, 0, 0
0.02265, 0.000121196120744571, 0, 0, 0
0.0227, 0.000108480460767169, 0, 0, 0
0.02275, 8.72498494572937E-05, 0, 0, 0
0.0228, 9.11099632503465E-05, 0, 0, 0
0.02285, 0.000103598555142526, 0, 0, 0
0.0229, 0.000126872750115581, 0, 0, 0
0.02295, 0.000131527587655, 0, 0, 0
0.023, 0.000118925468996167, 0, 0, 0
0.02305, 0.000107572195702232, 0, 0, 0
0.0231, 9.47430089581758E-05, 0, 0, 0
0.02315, 9.40618119784631E-05, 0, 0, 0
0.0232, 0.000114724760351237, 0, 0, 0
0.02325, 0.0001358418376185, 0, 0, 0
0.0233, 0.000130051659652963, 0, 0, 0
0.02335, 0.000112908237497322, 0, 0, 0
0.0234, 9.81489865807816E-05, 0, 0, 0
0.02345, 9.00881714187562E-05, 0, 0, 0
0.0235, 9.79219257715158E-05, 0, 0, 0
0.02355, 0.000124942700495012, 0, 0, 0
0.0236, 0.000137204231577925, 0, 0, 0
0.02365, 0.000121763783681672, 0, 0, 0
0.0237, 0.000114611226308625, 0, 0, 0
0.02375, 9.90572516457178E-05, 0, 0, 0
0.0238, 8.37303377920762E-05, 0, 0, 0
0.02385, 9.30400201468728E-05, 0, 0, 0
0.0239, 0.000124488564324565, 0, 0, 0
0.02395, 0.000129711072077043, 0, 0, 0
0.024, 0.000118244272016454, 0, 0, 0
0.02405, 0.000103939157270361, 0, 0, 0
0.0241, 9.24723572097719E-05, 0, 0, 0
0.02415, 8.69092546054162E-05, 0, 0, 0
0.0242, 9.80354525381699E-05, 0, 0, 0
0.02425, 0.000119833726785146, 0, 0, 0
0.0243, 0.000134706511744298, 0, 0, 0
0.02435, 0.000127440420328639, 0, 0, 0
0.0244, 9.92843124549836E-05, 0, 0, 0
0.02445, 9.2018221039325E-05, 0, 0, 0
0.0245, 9.11099632503465E-05, 0, 0, 0
0.02455, 0.000109388718556147, 0, 0, 0
0.0246, 0.000138112489366904, 0, 0, 0
0.02465, 0.000130846397951245, 0, 0, 0
0.0247, 0.000120855518616736, 0, 0, 0
0.02475, 0.000102009100373834, 0, 0, 0
0.0248, 8.73633834999055E-05, 0, 0, 0
0.02485, 9.62189296842553E-05, 0, 0, 0
0.0249, 0.000125396822113544, 0, 0, 0
0.02495, 0.000136636561364867, 0, 0, 0
0.025, 0.000115178889245726, 0, 0, 0
0.02505, 0.000104279752122238, 0, 0, 0
0.0251, 9.21317550819367E-05, 0, 0, 0
0.02515, 8.13461520010605E-05, 0, 0, 0
0.0252, 9.67865926213562E-05, 0, 0, 0
0.02525, 0.000121763783681672, 0, 0, 0
0.0253, 0.000128575746202841, 0, 0, 0
0.02535, 0.000115633018140215, 0, 0, 0
0.0254, 0.000103825623227749, 0, 0, 0
0.02545, 8.07784890639596E-05, 0, 0, 0
0.0255, 8.32762088975869E-05, 0, 0, 0
0.02555, 9.74677896010689E-05, 0, 0, 0
0.0256, 0.00012846221216023, 0, 0, 0
0.02565, 0.000115746552182827, 0, 0, 0
0.0257, 0.000114157097414136, 0, 0, 0
0.02575, 9.13370313355699E-05, 0, 0, 0
0.0258, 7.75995795265771E-05, 0, 0, 0
0.02585, 7.20364769222215E-05, 0, 0, 0
0.0259, 9.84895887086168E-05, 0, 0, 0
0.02595, 0.000115746552182827, 0, 0, 0
0.026, 0.000106323343061376, 0, 0, 0
0.02605, 9.19046942726709E-05, 0, 0, 0
0.0261, 7.98702312749811E-05, 0, 0, 0
0.02615, 7.09011510480195E-05, 0, 0, 0
0.0262, 7.91890342952684E-05, 0, 0, 0
0.02625, 0.000107231600850355, 0, 0, 0
0.0263, 0.000121082586701959, 0, 0, 0
0.02635, 0.000113589427201077, 0, 0, 0
0.0264, 9.73542628344148E-05, 0, 0, 0
0.02645, 8.25950119178742E-05, 0, 0, 0
0.0265, 7.75995795265771E-05, 0, 0, 0
0.02655, 9.13370313355699E-05, 0, 0, 0
0.0266, 0.000116087147034705, 0, 0, 0
0.02665, 0.00012278558278922, 0, 0, 0
0.0267, 0.000112340574560221, 0, 0, 0
0.02675, 0.000101327903394122, 0, 0, 0
0.0268, 8.12326179584488E-05, 0, 0, 0
0.02685, 7.52153864596039E-05, 0, 0, 0
0.0269, 9.58783348323777E-05, 0, 0, 0
0.02695, 0.000125737424241379, 0, 0, 0
0.027, 0.000124942700495012, 0, 0, 0
0.02705, 0.000118811934953555, 0, 0, 0
0.0271, 9.64459977694787E-05, 0, 0, 0
0.02715, 8.67957205628045E-05, 0, 0, 0
0.0272, 8.69092546054162E-05, 0, 0, 0
0.02725, 0.000105074483144563, 0, 0, 0
0.0273, 0.000129370469949208, 0, 0, 0
0.02735, 0.000121309654787183, 0, 0, 0
0.0274, 0.000110296983621083, 0, 0, 0
0.02745, 9.75813236436807E-05, 0, 0, 0
0.0275, 7.89619662100449E-05, 0, 0, 0
0.02755, 8.57739287312143E-05, 0, 0, 0
0.0276, 0.000109388718556147, 0, 0, 0
0.02765, 0.000132322325953282, 0, 0, 0
0.0277, 0.000128008075989783, 0, 0, 0
0.02775, 0.000104620346974116, 0, 0, 0
0.0278, 9.2018221039325E-05, 0, 0, 0
0.02785, 8.39574058772996E-05, 0, 0, 0
0.0279, 8.66821865201928E-05, 0, 0, 0
0.02795, 0.000118130737973843, 0, 0, 0
0.028, 0.000128575746202841, 0, 0, 0
0.02805, 0.000121990844490938, 0, 0, 0
0.0281, 0.000107685729744844, 0, 0, 0
0.02815, 9.97384486254305E-05, 0, 0, 0
0.0282, 9.2018221039325E-05, 0, 0, 0
0.02825, 0.000103030892205425, 0, 0, 0
0.0283, 0.000133344117784873, 0, 0, 0
0.02835, 0.000135955371661112, 0, 0, 0
0.0284, 0.000120741991850082, 0, 0, 0
0.02845, 0.000107231600850355, 0, 0, 0
0.0285, 9.06558343558572E-05, 0, 0, 0
0.02855, 8.81581145222299E-05, 0, 0, 0
0.0286, 0.000103939157270361, 0, 0, 0
0.02865, 0.000133117049699649, 0, 0, 0
0.0287, 0.000130732863908634, 0, 0, 0
0.02875, 0.000119720192742534, 0, 0, 0
0.0288, 0.000102917358162813, 0, 0, 0
0.02885, 9.45159408729523E-05, 0, 0, 0
0.0289, 9.65595318120904E-05, 0, 0, 0
0.02895, 0.000114838287117891, 0, 0, 0
0.029, 0.000128348678117618, 0, 0, 0
0.02905, 0.000113702961243689, 0, 0, 0
0.0291, 0.00010904812370427, 0, 0, 0
0.02915, 8.91799063538201E-05, 0, 0, 0
0.0292, 8.11190911917947E-05, 0, 0, 0
0.02925, 9.58783348323777E-05, 0, 0, 0
0.0293, 0.000117563075036742, 0, 0, 0
0.02935, 0.000135614769533277, 0, 0, 0
0.0294, 0.000131754655740224, 0, 0, 0
0.02945, 0.000111432309495285, 0, 0, 0
0.0295, 9.49700770433992E-05, 0, 0, 0
0.02955, 8.74769175425172E-05, 0, 0, 0
0.0296, 9.48565430007875E-05, 0, 0, 0
0.02965, 0.000121423181553837, 0, 0, 0
0.0297, 0.000131641121697612, 0, 0, 0
0.02975, 0.000121423181553837, 0, 0, 0
0.0298, 0.000103144426248036, 0, 0, 0
0.02985, 8.39574058772996E-05, 0, 0, 0
0.0299, 8.11190911917947E-05, 0, 0, 0
0.02995, 9.15640921448357E-05, 0, 0, 0
0.03, 0.000120741991850082, 0, 0, 0
0.03005, 0.000125396822113544, 0, 0, 0
0.0301, 0.000115519484097604, 0, 0, 0
0.03015, 0.000103030892205425, 0, 0, 0
0.0302, 8.2140883023385E-05, 0, 0, 0
0.03025, 7.53289205022156E-05, 0, 0, 0
0.0303, 0.000102463229268324, 0, 0, 0
0.03035, 0.000128689280245453, 0, 0, 0
0.0304, 0.00012948400399182, 0, 0, 0
0.03045, 0.000117108946142253, 0, 0, 0
0.0305, 9.96249145828187E-05, 0, 0, 0
0.03055, 8.73633834999055E-05, 0, 0, 0
0.0306, 9.22452891245484E-05, 0, 0, 0
0.03065, 0.000106209809018765, 0, 0, 0
0.0307, 0.000126872750115581, 0, 0, 0
0.03075, 0.000123920908663422, 0, 0, 0
0.0308, 0.000111091714643408, 0, 0, 0
0.03085, 9.12234972929582E-05, 0, 0, 0
0.0309, 8.28220800030977E-05, 0, 0, 0
0.03095, 9.0882895165123E-05, 0, 0, 0
0.031, 0.00011642774916254, 0, 0, 0
0.03105, 0.000126191560411826, 0, 0, 0
0.0311, 0.00012210437853355, 0, 0, 0
0.03115, 0.000103485021099914, 0, 0, 0
0.0312, 8.6455125710927E-05, 0, 0, 0
0.03125, 7.7826640335843E-05, 0, 0, 0
0.0313, 9.29264861042611E-05, 0, 0, 0
0.03135, 0.000125056234537624, 0, 0, 0
0.0314, 0.000134025307488628, 0, 0, 0
0.03145, 0.000120514923764858, 0, 0, 0
0.0315, 0.000103825623227749, 0, 0, 0
0.03155, 8.5887462773826E-05, 0, 0, 0
0.0316, 8.5319799836725E-05, 0, 0, 0
0.03165, 0.000112908237497322, 0, 0, 0
0.0317, 0.00013050579582341, 0, 0, 0
0.03175, 0.000129597538034432, 0, 0, 0
0.0318, 0.000117108946142253, 0, 0, 0
0.03185, 9.42888800636865E-05, 0, 0, 0
0.0319, 8.77039856277406E-05, 0, 0, 0
0.03195, 8.99746373761445E-05, 0, 0, 0
0.032, 0.000111432309495285, 0, 0, 0
0.03205, 0.000128235144075006, 0, 0, 0
0.0321, 0.000124488564324565, 0, 0, 0
0.03215, 0.000109388718556147, 0, 0, 0
0.0322, 8.80445804796182E-05, 0, 0, 0
0.03225, 8.16867541288957E-05, 0, 0, 0
0.0323, 8.96340352483094E-05, 0, 0, 0
0.03235, 0.000116881878057029, 0, 0, 0
0.0324, 0.000127326886286028, 0, 0, 0
0.03245, 0.000112567635369487, 0, 0, 0
0.0325, 9.96249145828187E-05, 0, 0, 0
0.03255, 8.95205084816553E-05, 0, 0, 0
0.0326, 7.7258977398742E-05, 0, 0, 0
0.03265, 9.9511380540207E-05, 0, 0, 0
0.0327, 0.000132095257868059, 0, 0, 0
0.03275, 0.000128689280245453, 0, 0, 0
0.0328, 0.000113135298306588, 0, 0, 0
0.03285, 9.90572516457178E-05, 0, 0, 0
0.0329, 8.52062657941133E-05, 0, 0, 0
0.03295, 7.74860454839654E-05, 0, 0, 0
0.033, 0.000101100835308898, 0, 0, 0
0.03305, 0.000126191560411826, 0, 0, 0
0.0331, 0.000123920908663422, 0, 0, 0
0.03315, 0.000110978180600796, 0, 0, 0
0.0332, 8.80445804796182E-05, 0, 0, 0
0.03325, 8.07784890639596E-05, 0, 0, 0
0.0333, 8.63415916683152E-05, 0, 0, 0
0.03335, 0.000118584866868332, 0, 0, 0
0.0334, 0.000125850958283991, 0, 0, 0
0.03345, 0.000119833726785146, 0, 0, 0
0.0335, 0.000104052684037015, 0, 0, 0
0.03355, 8.69092546054162E-05, 0, 0, 0
0.0336, 8.88393115019426E-05, 0, 0, 0
0.03365, 9.09964292077348E-05, 0, 0, 0
0.0337, 0.000116881878057029, 0, 0, 0
0.03375, 0.000127440420328639, 0, 0, 0
0.0338, 0.000120401389722247, 0, 0, 0
0.03385, 0.00010019257751992, 0, 0, 0
0.0339, 8.92934403964318E-05, 0, 0, 0
0.03395, 8.79310464370064E-05, 0, 0, 0
0.034, 9.83760546660051E-05, 0, 0, 0
0.03405, 0.000127099818200804, 0, 0, 0
0.0341, 0.000138226023409516, 0, 0, 0
0.03415, 0.000125737424241379, 0, 0, 0
0.0342, 0.000107458668935578, 0, 0, 0
0.03425, 9.29264861042611E-05, 0, 0, 0
0.0343, 8.36168037494645E-05, 0, 0, 0
0.03435, 0.000103712089185137, 0, 0, 0
0.0344, 0.000123353238450363, 0, 0, 0
0.03445, 0.000123353238450363, 0, 0, 0
0.0345, 0.000106550403870642, 0, 0, 0
0.03455, 9.26994180190377E-05, 0, 0, 0
0.0346, 8.61145235830918E-05, 0, 0, 0
0.03465, 9.37212171265855E-05, 0, 0, 0
0.0347, 0.000124034442706034, 0, 0, 0
0.03475, 0.000133117049699649, 0, 0, 0
0.0348, 0.000132435859995894, 0, 0, 0
0.03485, 0.000115633018140215, 0, 0, 0
0.0349, 0.000100760240457021, 0, 0, 0
0.03495, 9.04287662706338E-05, 0, 0, 0
0.035, 9.56512667471543E-05, 0, 0, 0
0.03505, 0.000120855518616736, 0, 0, 0
0.0351, 0.000130732863908634, 0, 0, 0
0.03515, 0.000133684705360793, 0, 0, 0
0.0352, 0.00010904812370427, 0, 0, 0
0.03525, 9.09964292077348E-05, 0, 0, 0
0.0353, 9.13370313355699E-05, 0, 0, 0
0.03535, 0.000107004532765131, 0, 0, 0
0.0354, 0.000137431285111234, 0, 0, 0
0.03545, 0.000145037978654727, 0, 0, 0
0.0355, 0.000132549379486591, 0, 0, 0
0.03555, 0.000118698400910944, 0, 0, 0
0.0356, 0.000104052684037015, 0, 0, 0
0.03565, 9.5764800789766E-05, 0, 0, 0
0.0357, 0.000109161657746881, 0, 0, 0
0.03575, 0.000136977163492702, 0, 0, 0
0.0358, 0.000132322325953282, 0, 0, 0
0.03585, 0.000129256935906596, 0, 0, 0
0.0359, 0.000101668498245999, 0, 0, 0
0.03595, 9.41753460210748E-05, 0, 0, 0
0.036, 9.32670809561387E-05, 0, 0, 0
0.03605, 0.000114611226308625, 0, 0, 0
0.0361, 0.000133457651827484, 0, 0, 0
0.03615, 0.000130959931993857, 0, 0, 0
0.0362, 0.000115405950054992, 0, 0, 0
0.03625, 9.41753460210748E-05, 0, 0, 0
0.0363, 8.36168037494645E-05, 0, 0, 0
0.03635, 8.61145235830918E-05, 0, 0, 0
0.0364, 0.000113021764263976, 0, 0, 0
0.03645, 0.000129370469949208, 0, 0, 0
0.0365, 0.000129029867821373, 0, 0, 0
0.03655, 0.000110978180600796, 0, 0, 0
0.0366, 9.75813236436807E-05, 0, 0, 0
0.03665, 8.61145235830918E-05, 0, 0, 0
0.0367, 9.26994180190377E-05, 0, 0, 0
0.03675, 0.000117108946142253, 0, 0, 0
0.0368, 0.000126872750115581, 0, 0, 0
0.03685, 0.000126986284158193, 0, 0, 0
0.0369, 0.000114157097414136, 0, 0, 0
0.03695, 9.05423003132455E-05, 0, 0, 0
0.037, 8.44115347717889E-05, 0, 0, 0
0.03705, 8.60009895404801E-05, 0, 0, 0
0.0371, 0.000115405950054992, 0, 0, 0
0.03715, 0.000130732863908634, 0, 0, 0
0.0372, 0.000123580306535587, 0, 0, 0
0.03725, 0.000104847415059339, 0, 0, 0
0.0373, 9.54242059378885E-05, 0, 0, 0
0.03735, 8.78175123943947E-05, 0, 0, 0
0.0374, 9.19046942726709E-05, 0, 0, 0
0.03745, 0.000129711072077043, 0, 0, 0
0.0375, 0.000129711072077043, 0, 0, 0
0.03755, 0.000121877317724284, 0, 0, 0
0.0376, 0.000111205241410062, 0, 0, 0
0.03765, 9.30400201468728E-05, 0, 0, 0
0.0377, 9.05423003132455E-05, 0, 0, 0
0.03775, 0.000100079043477308, 0, 0, 0
0.0378, 0.000123466772492975, 0, 0, 0
0.03785, 0.000130051659652963, 0, 0, 0
0.0379, 0.000119947260827757, 0, 0, 0
0.03795, 0.000111886438389774, 0, 0, 0
0.038, 8.86122434167191E-05, 0, 0, 0
0.03805, 8.72498494572937E-05, 0, 0, 0
0.0381, 0.000102917358162813, 0, 0, 0
0.03815, 0.000133684705360793, 0, 0, 0
0.0382, 0.000128916333778761, 0, 0, 0
0.03825, 0.000110978180600796, 0, 0, 0
0.0383, 0.000101441437436733, 0, 0, 0
0.03835, 8.62280576257035E-05, 0, 0, 0
0.0384, 8.33897429401986E-05, 0, 0, 0
0.03845, 0.000107118066807743, 0, 0, 0
0.0385, 0.000135955371661112, 0, 0, 0
0.03855, 0.000130959931993857, 0, 0, 0
0.0386, 0.00011847133282572, 0, 0, 0
0.03865, 9.34941490413621E-05, 0, 0, 0
0.0387, 8.82716485648416E-05, 0, 0, 0
0.03875, 8.86122434167191E-05, 0, 0, 0
0.0388, 0.00010904812370427, 0, 0, 0
0.03885, 0.000133911773446016, 0, 0, 0
0.0389, 0.000135047099320218, 0, 0, 0
0.03895, 0.00011744954099413, 0, 0, 0
0.039, 8.89528455445543E-05, 0, 0, 0
0.03905, 8.19138149381615E-05, 0, 0, 0
0.0391, 8.65686597535387E-05, 0, 0, 0
0.03915, 0.000119038995762821, 0, 0, 0
0.0392, 0.000132889981614426, 0, 0, 0
0.03925, 0.000136636561364867, 0, 0, 0
0.0393, 0.000115519484097604, 0, 0, 0
0.03935, 9.53106718952768E-05, 0, 0, 0
0.0394, 8.92934403964318E-05, 0, 0, 0
0.03945, 9.32670809561387E-05, 0, 0, 0
0.0395, 0.000121309654787183, 0, 0, 0
0.03955, 0.000132776447571814, 0, 0, 0
0.0396, 0.000129370469949208, 0, 0, 0
0.03965, 0.000108934589661658, 0, 0, 0
0.0397, 9.38347438932396E-05, 0, 0, 0
0.03975, 8.54333266033791E-05, 0, 0, 0
0.0398, 8.69092546054162E-05, 0, 0, 0
0.03985, 0.000108253392681945, 0, 0, 0
0.0399, 0.00013050579582341, 0, 0, 0
0.03995, 0.000126418628497049, 0, 0, 0
0.04, 0.00010541507799644, 0, 0, 0
0.04005, 8.23679511086084E-05, 0, 0, 0
0.0401, 7.88484321674332E-05, 0, 0, 0
0.04015, 8.83851826074533E-05, 0, 0, 0
0.0402, 0.0001132488323492, 0, 0, 0
0.04025, 0.000130392261780798, 0, 0, 0
0.0403, 0.000126986284158193, 0, 0, 0
0.04035, 0.000113362366391812, 0, 0, 0
0.0404, 8.97475692909211E-05, 0, 0, 0
0.04045, 8.69092546054162E-05, 0, 0, 0
0.0405, 9.44024068303406E-05, 0, 0, 0
0.04055, 0.000124602098367177, 0, 0, 0
0.0406, 0.000127553954371251, 0, 0, 0
0.04065, 0.000116768344014417, 0, 0, 0
0.0407, 0.000108253392681945, 0, 0, 0
0.04075, 9.26994180190377E-05, 0, 0, 0
0.0408, 9.36076830839738E-05, 0, 0, 0
0.04085, 0.000107118066807743, 0, 0, 0
0.0409, 0.000129597538034432, 0, 0, 0
0.04095, 0.00013050579582341, 0, 0, 0
0.041, 0.000120174321637023, 0, 0, 0
0.04105, 0.000102917358162813, 0, 0, 0
0.0411, 8.6455125710927E-05, 0, 0, 0
0.04115, 9.59918688749895E-05, 0, 0, 0
0.0412, 0.00011642774916254, 0, 0, 0
0.04125, 0.000132889981614426, 0, 0, 0
0.0413, 0.000124488564324565, 0, 0, 0
0.04135, 0.000106209809018765, 0, 0, 0
0.0414, 9.23588231671602E-05, 0, 0, 0
0.04145, 8.77039856277406E-05, 0, 0, 0
0.0415, 9.41753460210748E-05, 0, 0, 0
0.04155, 0.000118811934953555, 0, 0, 0
0.0416, 0.000132095257868059, 0, 0, 0
0.04165, 0.000123693840578198, 0, 0, 0
0.0417, 0.000109502252598759, 0, 0, 0
0.04175, 8.80445804796182E-05, 0, 0, 0
0.0418, 8.78175123943947E-05, 0, 0, 0
0.04185, 0.000101554971479345, 0, 0, 0
0.0419, 0.000129824606119655, 0, 0, 0
0.04195, 0.000132322325953282, 0, 0, 0
0.042, 0.000114497692266013, 0, 0, 0
0.04205, 0.000101895566331223, 0, 0, 0
0.0421, 8.49791977088898E-05, 0, 0, 0
0.04215, 9.24723572097719E-05, 0, 0, 0
0.0422, 0.000109615786641371, 0, 0, 0
0.04225, 0.000134138841531239, 0, 0, 0
0.0423, 0.000126872750115581, 0, 0, 0
0.04235, 0.000108253392681945, 0, 0, 0
0.0424, 7.97566972323693E-05, 0, 0, 0
0.04245, 7.51018596929498E-05, 0, 0, 0
0.0425, 9.0882895165123E-05, 0, 0, 0
0.04255, 0.000109842854726594, 0, 0, 0
0.0426, 0.000133344117784873, 0, 0, 0
0.04265, 0.000117222472908907, 0, 0, 0
0.0427, 9.93978464975953E-05, 0, 0, 0
0.04275, 8.05514282546937E-05, 0, 0, 0
0.0428, 8.61145235830918E-05, 0, 0, 0
0.04285, 9.47430089581758E-05, 0, 0, 0
0.0429, 0.000116087147034705, 0, 0, 0
0.04295, 0.000129370469949208, 0, 0, 0
0.043, 0.000115973612992093, 0, 0, 0
0.04305, 0.000104847415059339, 0, 0, 0
0.0431, 8.69092546054162E-05, 0, 0, 0
0.04315, 8.31626748549752E-05, 0, 0, 0
0.0432, 9.92843124549836E-05, 0, 0, 0
0.04325, 0.000130846397951245, 0, 0, 0
0.0433, 0.000130392261780798, 0, 0, 0
0.04335, 0.000128916333778761, 0, 0, 0
0.0434, 0.00011222704051761, 0, 0, 0
0.04345, 9.61054029176012E-05, 0, 0, 0
0.0435, 9.53106718952768E-05, 0, 0, 0
0.04355, 0.000118357798783109, 0, 0, 0
0.0436, 0.000130846397951245, 0, 0, 0
0.04365, 0.00013050579582341, 0, 0, 0
0.0437, 0.00011642774916254, 0, 0, 0
0.04375, 9.67865926213562E-05, 0, 0, 0
0.0438, 8.62280576257035E-05, 0, 0, 0
0.04385, 9.55377399805002E-05, 0, 0, 0
0.0439, 0.000118357798783109, 0, 0, 0
0.04395, 0.00012380737462081, 0, 0, 0
0.044, 0.000122331446618773, 0, 0, 0
0.04405, 0.000112454101326875, 0, 0, 0
0.0441, 8.71363226906396E-05, 0, 0, 0
0.04415, 8.48656636662781E-05, 0, 0, 0
0.0442, 9.38347438932396E-05, 0, 0, 0
0.04425, 0.000119606658699922, 0, 0, 0
0.0443, 0.000125737424241379, 0, 0, 0
0.04435, 0.000118584866868332, 0, 0, 0
0.0444, 0.0001022361611831, 0, 0, 0
0.04445, 9.00881714187562E-05, 0, 0, 0
0.0445, 9.31535541894846E-05, 0, 0, 0
0.04455, 0.000106891005998477, 0, 0, 0
0.0446, 0.000134365909616463, 0, 0, 0
0.04465, 0.000131414053612389, 0, 0, 0
0.0447, 0.000110637578472961, 0, 0, 0
0.04475, 9.89437176031061E-05, 0, 0, 0
0.0448, 9.13370313355699E-05, 0, 0, 0
0.04485, 9.79219257715158E-05, 0, 0, 0
0.0449, 0.000126532147987746, 0, 0, 0
0.04495, 0.00013050579582341, 0, 0, 0
0.045, 0.00013516063336283, 0, 0, 0
0.04505, 0.000112794703454711, 0, 0, 0
0.0451, 9.15640921448357E-05, 0, 0, 0
0.04515, 8.79310464370064E-05, 0, 0, 0
0.0452, 0.000100987301266287, 0, 0, 0
0.04525, 0.000131868189782836, 0, 0, 0
0.0453, 0.000133117049699649, 0, 0, 0
0.04535, 0.000116314215119928, 0, 0, 0
0.0454, 9.91707856883295E-05, 0, 0, 0
0.04545, 8.83851826074533E-05, 0, 0, 0
0.0455, 9.38347438932396E-05, 0, 0, 0
0.04555, 0.000111432309495285, 0, 0, 0
0.0456, 0.000133117049699649, 0, 0, 0
0.04565, 0.000130278727738187, 0, 0, 0
0.0457, 0.000111432309495285, 0, 0, 0
0.04575, 9.70136607065797E-05, 0, 0, 0
0.0458, 8.54333266033791E-05, 0, 0, 0
0.04585, 8.86122434167191E-05, 0, 0, 0
0.0459, 0.000118811934953555, 0, 0, 0
0.04595, 0.000130846397951245, 0, 0, 0
0.046, 0.00011847133282572, 0, 0, 0
0.04605, 0.000105301543953829, 0, 0, 0
0.0461, 8.60009895404801E-05, 0, 0, 0
0.04615, 8.92934403964318E-05, 0, 0, 0
0.0462, 9.84895887086168E-05, 0, 0, 0
0.04625, 0.000134025307488628, 0, 0, 0
0.0463, 0.000126532147987746, 0, 0, 0
0.04635, 0.000115746552182827, 0, 0, 0
0.0464, 9.74677896010689E-05, 0, 0, 0
0.04645, 9.0882895165123E-05, 0, 0, 0
0.0465, 8.98611033335328E-05, 0, 0, 0
0.04655, 0.000108253392681945, 0, 0, 0
0.0466, 0.000126986284158193, 0, 0, 0
0.04665, 0.000126759216072969, 0, 0, 0
0.0467, 0.000116768344014417, 0, 0, 0
0.04675, 9.23588231671602E-05, 0, 0, 0
0.0468, 9.07693683984689E-05, 0, 0, 0
0.04685, 9.28129520616494E-05, 0, 0, 0
0.0469, 0.000124942700495012, 0, 0, 0
0.04695, 0.00014889809244778, 0, 0, 0
0.047, 0.000133344117784873, 0, 0, 0
0.04705, 0.000102349695225712, 0, 0, 0
0.0471, 9.97384486254305E-05, 0, 0, 0
0.04715, 8.80445804796182E-05, 0, 0, 0
0.0472, 9.73542628344148E-05, 0, 0, 0
0.04725, 0.000127553954371251, 0, 0, 0
0.0473, 0.000136977163492702, 0, 0, 0
0.04735, 0.000128916333778761, 0, 0, 0
0.0474, 0.000115405950054992, 0, 0, 0
0.04745, 9.76948576862924E-05, 0, 0, 0
0.0475, 9.13370313355699E-05, 0, 0, 0
0.04755, 0.000108139865915291, 0, 0, 0
0.0476, 0.000133230583742261, 0, 0, 0
0.04765, 0.000132208791910671, 0, 0, 0
0.0477, 0.000125396822113544, 0, 0, 0
0.04775, 9.96249145828187E-05, 0, 0, 0
0.0478, 8.98611033335328E-05, 0, 0, 0
0.04785, 9.73542628344148E-05, 0, 0, 0
0.0479, 0.000113702961243689, 0, 0, 0
0.04795, 0.000129711072077043, 0, 0, 0
0.048, 0.000130392261780798, 0, 0, 0
0.04805, 0.000109729320683982, 0, 0, 0
0.0481, 0.000101895566331223, 0, 0, 0
0.04815, 8.77039856277406E-05, 0, 0, 0
0.0482, 9.00881714187562E-05, 0, 0, 0
0.04825, 0.000111999972432386, 0, 0, 0
0.0483, 0.000136523027322255, 0, 0, 0
0.04835, 0.000131414053612389, 0, 0, 0
0.0484, 0.000108821055619046, 0, 0, 0
0.04845, 0.000102349695225712, 0, 0, 0
0.0485, 8.42980007291771E-05, 0, 0, 0
0.04855, 9.62189296842553E-05, 0, 0, 0
0.0486, 0.000123920908663422, 0, 0, 0
0.04865, 0.000136977163492702, 0, 0, 0
0.0487, 0.000129029867821373, 0, 0, 0
0.04875, 0.000110183449578471, 0, 0, 0
0.0488, 9.5764800789766E-05, 0, 0, 0
0.04885, 8.49791977088898E-05, 0, 0, 0
0.0489, 9.47430089581758E-05, 0, 0, 0
0.04895, 0.000118017203931231, 0, 0, 0
0.049, 0.000128802814288065, 0, 0, 0
0.04905, 0.000118811934953555, 0, 0, 0
0.0491, 9.99655094346963E-05, 0, 0, 0
0.04915, 8.75904515851289E-05, 0, 0, 0
0.0492, 8.46386028570123E-05, 0, 0, 0
0.04925, 0.000100306111562531, 0, 0, 0
0.0493, 0.000124715632409789, 0, 0, 0
0.04935, 0.000124942700495012, 0, 0, 0
0.0494, 0.000115065355203114, 0, 0, 0
0.04945, 0.000105528612039052, 0, 0, 0
0.0495, 8.61145235830918E-05, 0, 0, 0
0.04955, 9.00881714187562E-05, 0, 0, 0
0.0496, 0.000103030892205425, 0, 0, 0
0.04965, 0.000128348678117618, 0, 0, 0
0.0497, 0.00012278558278922, 0, 0, 0
0.04975, 0.000108934589661658, 0, 0, 0
0.0498, 9.40618119784631E-05, 0, 0, 0
0.04985, 9.12234972929582E-05, 0, 0, 0
0.0499, 9.07693683984689E-05, 0, 0, 0
0.04995, 0.000112681169412099, 0, 0, 0
0.05, 0.000128802814288065, 0, 0, 0
0.05005, 0.000130278727738187, 0, 0, 0
0.0501, 0.000115633018140215, 0, 0, 0
0.05015, 9.93978464975953E-05, 0, 0, 0
0.0502, 8.87257774593309E-05, 0, 0, 0
0.05025, 0.000101100835308898, 0, 0, 0
0.0503, 0.000121877317724284, 0, 0, 0
0.05035, 0.000136523027322255, 0, 0, 0
0.0504, 0.000129029867821373, 0, 0, 0
0.05045, 0.000114384158223402, 0, 0, 0
0.0505, 9.73542628344148E-05, 0, 0, 0
0.05055, 9.03152322280221E-05, 0, 0, 0
0.0506, 9.55377399805002E-05, 0, 0, 0
0.05065, 0.000115519484097604, 0, 0, 0
0.0507, 0.000128008075989783, 0, 0, 0
0.05075, 0.00012165024963906, 0, 0, 0
0.0508, 0.00010643686982803, 0, 0, 0
0.05085, 9.28129520616494E-05, 0, 0, 0
0.0509, 7.97566972323693E-05, 0, 0, 0
0.05095, 9.56512667471543E-05, 0, 0, 0
0.051, 0.000125283288070932, 0, 0, 0
0.05105, 0.00013482004578691, 0, 0, 0
0.0511, 0.00012414796219673, 0, 0, 0
0.05115, 0.000102463229268324, 0, 0, 0
0.0512, 9.81489865807816E-05, 0, 0, 0
0.05125, 9.23588231671602E-05, 0, 0, 0
0.0513, 0.000112113506474998, 0, 0, 0
0.05135, 0.000130165193695575, 0, 0, 0
0.0514, 0.000131981723825447, 0, 0, 0
0.05145, 0.00011744954099413, 0, 0, 0
0.0515, 9.76948576862924E-05, 0, 0, 0
0.05155, 9.02016981854104E-05, 0, 0, 0
0.0516, 9.40618119784631E-05, 0, 0, 0
0.05165, 0.000116314215119928, 0, 0, 0
0.0517, 0.000136068891151808, 0, 0, 0
0.05175, 0.000131868189782836, 0, 0, 0
0.0518, 0.000118584866868332, 0, 0, 0
0.05185, 9.5197137852665E-05, 0, 0, 0
0.0519, 9.42888800636865E-05, 0, 0, 0
0.05195, 9.88301835604943E-05, 0, 0, 0
0.052, 0.000126191560411826, 0, 0, 0
0.05205, 0.000141064330819063, 0, 0, 0
0.0521, 0.000136295959237032, 0, 0, 0
0.05215, 0.000124261496239342, 0, 0, 0
0.0522, 0.000104052684037015, 0, 0, 0
0.05225, 9.80354525381699E-05, 0, 0, 0
0.0523, 0.000108934589661658, 0, 0, 0
0.05235, 0.000141972603159957, 0, 0, 0
0.0524, 0.000143675584695302, 0, 0, 0
0.05245, 0.000130846397951245, 0, 0, 0
0.0525, 0.000112454101326875, 0, 0, 0
0.05255, 9.34941490413621E-05, 0, 0, 0
0.0526, 9.13370313355699E-05, 0, 0, 0
0.05265, 9.81489865807816E-05, 0, 0, 0
0.0527, 0.000131981723825447, 0, 0, 0
0.05275, 0.000133571185870096, 0, 0, 0
0.0528, 0.000120514923764858, 0, 0, 0
0.05285, 9.87166495178826E-05, 0, 0, 0
0.0529, 8.78175123943947E-05, 0, 0, 0
0.05295, 8.56603946886025E-05, 0, 0, 0
0.053, 0.0001022361611831, 0, 0, 0
0.05305, 0.000128121610032395, 0, 0, 0
0.0531, 0.000119038995762821, 0, 0, 0
0.05315, 0.000112454101326875, 0, 0, 0
0.0532, 8.92934403964318E-05, 0, 0, 0
0.05325, 7.77131062932312E-05, 0, 0, 0
0.0533, 8.73633834999055E-05, 0, 0, 0
0.05335, 0.000113816495286301, 0, 0, 0
0.0534, 0.000134252375573851, 0, 0, 0
0.05345, 0.00012165024963906, 0, 0, 0
0.0535, 0.000106209809018765, 0, 0, 0
0.05355, 8.99746373761445E-05, 0, 0, 0

Skipped, , , , , "4f4b0d0a ", "OK\r\n"

